strike,ce_oi,ce_coi_day,pe_oi,pe_coi_day,timestamp,spot_price
15000,0,0,1680,104,2026-09-25 08:24:57,23063.1
16500,0,0,2254,201,2026-09-25 08:24:57,23063.1
18000,12,0,12861,457,2026-09-25 08:24:57,23063.1
19500,1702,-84,15983,-2069,2026-09-25 08:24:57,23063.1
20800,0,0,0,0,2026-09-25 08:24:57,23063.1
20850,0,0,10,10,2026-09-25 08:24:57,23063.1
20900,0,0,0,0,2026-09-25 08:24:57,23063.1
20950,0,0,0,0,2026-09-25 08:24:57,23063.1
21000,6227,-627,170050,30670,2026-09-25 08:24:57,23063.1
21050,0,0,0,0,2026-09-25 08:24:57,23063.1
21100,0,0,1,1,2026-09-25 08:24:57,23063.1
21150,0,0,30,30,2026-09-25 08:24:57,23063.1
21200,0,0,285,285,2026-09-25 08:24:57,23063.1
21250,0,0,0,0,2026-09-25 08:24:57,23063.1
21300,0,0,811,811,2026-09-25 08:24:57,23063.1
21350,0,0,37674,6651,2026-09-25 08:24:57,23063.1
21400,1,0,40850,753,2026-09-25 08:24:57,23063.1
21450,0,0,3840,1151,2026-09-25 08:24:57,23063.1
21500,1,0,66111,7110,2026-09-25 08:24:57,23063.1
21550,0,0,3808,2362,2026-09-25 08:24:57,23063.1
21600,644,-7,18446,4747,2026-09-25 08:24:57,23063.1
21650,1,0,4892,2742,2026-09-25 08:24:57,23063.1
21700,0,0,23505,8324,2026-09-25 08:24:57,23063.1
21750,1,0,5380,3402,2026-09-25 08:24:57,23063.1
21800,1,0,35545,15219,2026-09-25 08:24:57,23063.1
21850,1,0,3944,1561,2026-09-25 08:24:57,23063.1
21900,10,2,15491,2949,2026-09-25 08:24:57,23063.1
21950,2,0,7239,3042,2026-09-25 08:24:57,23063.1
22000,9764,-893,186656,73837,2026-09-25 08:24:57,23063.1
22050,1,0,8221,4089,2026-09-25 08:24:57,23063.1
22100,24,6,16991,1885,2026-09-25 08:24:57,23063.1
22150,62,55,5021,1525,2026-09-25 08:24:57,23063.1
22200,119,37,53688,11504,2026-09-25 08:24:57,23063.1
22250,25,20,10075,1245,2026-09-25 08:24:57,23063.1
22300,27,9,50131,11293,2026-09-25 08:24:57,23063.1
22350,33,32,17340,10124,2026-09-25 08:24:57,23063.1
22400,89,78,48773,13651,2026-09-25 08:24:57,23063.1
22450,156,148,19753,11263,2026-09-25 08:24:57,23063.1
22500,10131,2066,136722,13818,2026-09-25 08:24:57,23063.1
22550,108,95,20288,5060,2026-09-25 08:24:57,23063.1
22600,913,798,52764,179,2026-09-25 08:24:57,23063.1
22650,716,15,34090,1657,2026-09-25 08:24:57,23063.1
22700,1162,712,70776,10820,2026-09-25 08:24:57,23063.1
22750,855,342,32585,10059,2026-09-25 08:24:57,23063.1
22800,5981,1835,110087,11636,2026-09-25 08:24:57,23063.1
22850,1592,1248,44370,7314,2026-09-25 08:24:57,23063.1
22900,5793,3505,86748,12812,2026-09-25 08:24:57,23063.1
22950,4107,3490,36180,6069,2026-09-25 08:24:57,23063.1
23000,59784,39234,180885,-14126,2026-09-25 08:24:57,23063.1
23050,20791,19554,42936,16063,2026-09-25 08:24:57,23063.1
23100,108764,99959,116708,56186,2026-09-25 08:24:57,23063.1
23150,50935,47280,27152,-5360,2026-09-25 08:24:57,23063.1
23200,183835,161190,74653,-20869,2026-09-25 08:24:57,23063.1
23250,151988,136743,54518,-3371,2026-09-25 08:24:57,23063.1
23300,179324,115318,85370,-56330,2026-09-25 08:24:57,23063.1
23350,68324,43849,17158,-44065,2026-09-25 08:24:57,23063.1
23400,161881,45066,61977,-116404,2026-09-25 08:24:57,23063.1
23450,72256,12845,16860,-40572,2026-09-25 08:24:57,23063.1
23500,208801,50615,83847,-36466,2026-09-25 08:24:57,23063.1
23550,64525,2450,5521,-5430,2026-09-25 08:24:57,23063.1
23600,124349,17452,22318,-5761,2026-09-25 08:24:57,23063.1
23650,69940,21608,3904,-1438,2026-09-25 08:24:57,23063.1
23700,108810,7708,11919,-4258,2026-09-25 08:24:57,23063.1
23750,46226,10792,3530,-392,2026-09-25 08:24:57,23063.1
23800,109238,-16513,20537,-2593,2026-09-25 08:24:57,23063.1
23850,36260,-6590,1828,-232,2026-09-25 08:24:57,23063.1
23900,117969,8087,12108,-2357,2026-09-25 08:24:57,23063.1
23950,32223,9315,2022,-136,2026-09-25 08:24:57,23063.1
24000,298613,63236,70883,-10067,2026-09-25 08:24:57,23063.1
24050,49527,-9666,1243,-19,2026-09-25 08:24:57,23063.1
24100,84143,18864,6866,-1398,2026-09-25 08:24:57,23063.1
24150,26913,8521,1898,-166,2026-09-25 08:24:57,23063.1
24200,139087,45545,17086,-5365,2026-09-25 08:24:57,23063.1
24250,33879,15639,2204,-30,2026-09-25 08:24:57,23063.1
24300,124054,37410,39281,-3155,2026-09-25 08:24:57,23063.1
24350,27117,11946,4598,-76,2026-09-25 08:24:57,23063.1
24400,62678,144,22343,-4981,2026-09-25 08:24:57,23063.1
24450,6210,-2852,1170,-11,2026-09-25 08:24:57,23063.1
24500,195348,58611,30954,-7353,2026-09-25 08:24:57,23063.1
24550,18479,6626,692,-18,2026-09-25 08:24:57,23063.1
24600,54056,-3128,8678,-1075,2026-09-25 08:24:57,23063.1
24650,13471,3744,525,-6,2026-09-25 08:24:57,23063.1
24700,58030,-748,2835,-442,2026-09-25 08:24:57,23063.1
24750,5406,-788,381,-5,2026-09-25 08:24:57,23063.1
24800,54736,-12133,3712,-1014,2026-09-25 08:24:57,23063.1
24850,2334,-47,172,-3,2026-09-25 08:24:57,23063.1
24900,28070,-9273,872,-262,2026-09-25 08:24:57,23063.1
24950,2064,235,71,0,2026-09-25 08:24:57,23063.1
25000,173635,-8341,20973,-5433,2026-09-25 08:24:57,23063.1
25050,1223,-288,52,-1,2026-09-25 08:24:57,23063.1
25100,14674,-5286,1344,-29,2026-09-25 08:24:57,23063.1
25150,1276,-755,25,-1,2026-09-25 08:24:57,23063.1
25200,9637,-4370,1108,-54,2026-09-25 08:24:57,23063.1
25250,921,-104,34,0,2026-09-25 08:24:57,23063.1
25300,6680,-2538,401,-18,2026-09-25 08:24:57,23063.1
25350,408,-102,16,0,2026-09-25 08:24:57,23063.1
25400,3327,-1937,325,-4,2026-09-25 08:24:57,23063.1
25450,582,-14,9,0,2026-09-25 08:24:57,23063.1
25500,43665,-6224,11938,-6222,2026-09-25 08:24:57,23063.1
25550,1462,-189,6,0,2026-09-25 08:24:57,23063.1
25600,3223,-1240,448,0,2026-09-25 08:24:57,23063.1
25650,883,206,8,0,2026-09-25 08:24:57,23063.1
25700,4133,-371,165,-8,2026-09-25 08:24:57,23063.1
25750,313,9,4,0,2026-09-25 08:24:57,23063.1
25800,5791,-640,301,-22,2026-09-25 08:24:57,23063.1
25850,286,40,0,0,2026-09-25 08:24:57,23063.1
25900,3249,837,65,-4,2026-09-25 08:24:57,23063.1
25950,405,77,1,0,2026-09-25 08:24:57,23063.1
26000,48626,-2030,22530,-3147,2026-09-25 08:24:57,23063.1
26050,382,180,1,-3,2026-09-25 08:24:57,23063.1
26100,425,22,118,-26,2026-09-25 08:24:57,23063.1
26150,259,46,1,0,2026-09-25 08:24:57,23063.1
26200,2617,55,549,-14,2026-09-25 08:24:57,23063.1
26250,356,28,0,0,2026-09-25 08:24:57,23063.1
26300,1692,-105,948,-156,2026-09-25 08:24:57,23063.1
26350,129,78,0,0,2026-09-25 08:24:57,23063.1
26400,303,-36,42,-2,2026-09-25 08:24:57,23063.1
26450,175,-32,0,0,2026-09-25 08:24:57,23063.1
26500,10260,-2677,9624,-2713,2026-09-25 08:24:57,23063.1
26550,136,-2,0,0,2026-09-25 08:24:57,23063.1
26600,600,47,0,0,2026-09-25 08:24:57,23063.1
26650,122,-19,0,0,2026-09-25 08:24:57,23063.1
26700,145,45,0,0,2026-09-25 08:24:57,23063.1
26750,225,41,1,0,2026-09-25 08:24:57,23063.1
26800,179,-34,21,0,2026-09-25 08:24:57,23063.1
26850,170,3,0,0,2026-09-25 08:24:57,23063.1
26900,217,107,1,0,2026-09-25 08:24:57,23063.1
26950,225,19,0,0,2026-09-25 08:24:57,23063.1
27000,25446,-794,19212,-2271,2026-09-25 08:24:57,23063.1
27050,351,128,0,0,2026-09-25 08:24:57,23063.1
27100,637,0,0,0,2026-09-25 08:24:57,23063.1
27150,1266,249,0,0,2026-09-25 08:24:57,23063.1
27200,3251,631,0,0,2026-09-25 08:24:57,23063.1
28500,7081,-345,5041,-508,2026-09-25 08:24:57,23063.1
30000,4290,-13,1885,-86,2026-09-25 08:24:57,23063.1
31500,248,-5,0,0,2026-09-25 08:24:57,23063.1
33000,943,291,0,0,2026-09-25 08:24:57,23063.1
34500,203,31,0,0,2026-09-25 08:24:57,23063.1
15000,0,0,1680,104,2026-09-25 08:25:05,23063.1
16500,0,0,2254,201,2026-09-25 08:25:05,23063.1
18000,12,0,12861,457,2026-09-25 08:25:05,23063.1
19500,1702,-84,15983,-2069,2026-09-25 08:25:05,23063.1
20800,0,0,0,0,2026-09-25 08:25:05,23063.1
20850,0,0,10,10,2026-09-25 08:25:05,23063.1
20900,0,0,0,0,2026-09-25 08:25:05,23063.1
20950,0,0,0,0,2026-09-25 08:25:05,23063.1
21000,6227,-627,170050,30670,2026-09-25 08:25:05,23063.1
21050,0,0,0,0,2026-09-25 08:25:05,23063.1
21100,0,0,1,1,2026-09-25 08:25:05,23063.1
21150,0,0,30,30,2026-09-25 08:25:05,23063.1
21200,0,0,285,285,2026-09-25 08:25:05,23063.1
21250,0,0,0,0,2026-09-25 08:25:05,23063.1
21300,0,0,811,811,2026-09-25 08:25:05,23063.1
21350,0,0,37674,6651,2026-09-25 08:25:05,23063.1
21400,1,0,40850,753,2026-09-25 08:25:05,23063.1
21450,0,0,3840,1151,2026-09-25 08:25:05,23063.1
21500,1,0,66111,7110,2026-09-25 08:25:05,23063.1
21550,0,0,3808,2362,2026-09-25 08:25:05,23063.1
21600,644,-7,18446,4747,2026-09-25 08:25:05,23063.1
21650,1,0,4892,2742,2026-09-25 08:25:05,23063.1
21700,0,0,23505,8324,2026-09-25 08:25:05,23063.1
21750,1,0,5380,3402,2026-09-25 08:25:05,23063.1
21800,1,0,35545,15219,2026-09-25 08:25:05,23063.1
21850,1,0,3944,1561,2026-09-25 08:25:05,23063.1
21900,10,2,15491,2949,2026-09-25 08:25:05,23063.1
21950,2,0,7239,3042,2026-09-25 08:25:05,23063.1
22000,9764,-893,186656,73837,2026-09-25 08:25:05,23063.1
22050,1,0,8221,4089,2026-09-25 08:25:05,23063.1
22100,24,6,16991,1885,2026-09-25 08:25:05,23063.1
22150,62,55,5021,1525,2026-09-25 08:25:05,23063.1
22200,119,37,53688,11504,2026-09-25 08:25:05,23063.1
22250,25,20,10075,1245,2026-09-25 08:25:05,23063.1
22300,27,9,50131,11293,2026-09-25 08:25:05,23063.1
22350,33,32,17340,10124,2026-09-25 08:25:05,23063.1
22400,89,78,48773,13651,2026-09-25 08:25:05,23063.1
22450,156,148,19753,11263,2026-09-25 08:25:05,23063.1
22500,10131,2066,136722,13818,2026-09-25 08:25:05,23063.1
22550,108,95,20288,5060,2026-09-25 08:25:05,23063.1
22600,913,798,52764,179,2026-09-25 08:25:05,23063.1
22650,716,15,34090,1657,2026-09-25 08:25:05,23063.1
22700,1162,712,70776,10820,2026-09-25 08:25:05,23063.1
22750,855,342,32585,10059,2026-09-25 08:25:05,23063.1
22800,5981,1835,110087,11636,2026-09-25 08:25:05,23063.1
22850,1592,1248,44370,7314,2026-09-25 08:25:05,23063.1
22900,5793,3505,86748,12812,2026-09-25 08:25:05,23063.1
22950,4107,3490,36180,6069,2026-09-25 08:25:05,23063.1
23000,59784,39234,180885,-14126,2026-09-25 08:25:05,23063.1
23050,20791,19554,42936,16063,2026-09-25 08:25:05,23063.1
23100,108764,99959,116708,56186,2026-09-25 08:25:05,23063.1
23150,50935,47280,27152,-5360,2026-09-25 08:25:05,23063.1
23200,183835,161190,74653,-20869,2026-09-25 08:25:05,23063.1
23250,151988,136743,54518,-3371,2026-09-25 08:25:05,23063.1
23300,179324,115318,85370,-56330,2026-09-25 08:25:05,23063.1
23350,68324,43849,17158,-44065,2026-09-25 08:25:05,23063.1
23400,161881,45066,61977,-116404,2026-09-25 08:25:05,23063.1
23450,72256,12845,16860,-40572,2026-09-25 08:25:05,23063.1
23500,208801,50615,83847,-36466,2026-09-25 08:25:05,23063.1
23550,64525,2450,5521,-5430,2026-09-25 08:25:05,23063.1
23600,124349,17452,22318,-5761,2026-09-25 08:25:05,23063.1
23650,69940,21608,3904,-1438,2026-09-25 08:25:05,23063.1
23700,108810,7708,11919,-4258,2026-09-25 08:25:05,23063.1
23750,46226,10792,3530,-392,2026-09-25 08:25:05,23063.1
23800,109238,-16513,20537,-2593,2026-09-25 08:25:05,23063.1
23850,36260,-6590,1828,-232,2026-09-25 08:25:05,23063.1
23900,117969,8087,12108,-2357,2026-09-25 08:25:05,23063.1
23950,32223,9315,2022,-136,2026-09-25 08:25:05,23063.1
24000,298613,63236,70883,-10067,2026-09-25 08:25:05,23063.1
24050,49527,-9666,1243,-19,2026-09-25 08:25:05,23063.1
24100,84143,18864,6866,-1398,2026-09-25 08:25:05,23063.1
24150,26913,8521,1898,-166,2026-09-25 08:25:05,23063.1
24200,139087,45545,17086,-5365,2026-09-25 08:25:05,23063.1
24250,33879,15639,2204,-30,2026-09-25 08:25:05,23063.1
24300,124054,37410,39281,-3155,2026-09-25 08:25:05,23063.1
24350,27117,11946,4598,-76,2026-09-25 08:25:05,23063.1
24400,62678,144,22343,-4981,2026-09-25 08:25:05,23063.1
24450,6210,-2852,1170,-11,2026-09-25 08:25:05,23063.1
24500,195348,58611,30954,-7353,2026-09-25 08:25:05,23063.1
24550,18479,6626,692,-18,2026-09-25 08:25:05,23063.1
24600,54056,-3128,8678,-1075,2026-09-25 08:25:05,23063.1
24650,13471,3744,525,-6,2026-09-25 08:25:05,23063.1
24700,58030,-748,2835,-442,2026-09-25 08:25:05,23063.1
24750,5406,-788,381,-5,2026-09-25 08:25:05,23063.1
24800,54736,-12133,3712,-1014,2026-09-25 08:25:05,23063.1
24850,2334,-47,172,-3,2026-09-25 08:25:05,23063.1
24900,28070,-9273,872,-262,2026-09-25 08:25:05,23063.1
24950,2064,235,71,0,2026-09-25 08:25:05,23063.1
25000,173635,-8341,20973,-5433,2026-09-25 08:25:05,23063.1
25050,1223,-288,52,-1,2026-09-25 08:25:05,23063.1
25100,14674,-5286,1344,-29,2026-09-25 08:25:05,23063.1
25150,1276,-755,25,-1,2026-09-25 08:25:05,23063.1
25200,9637,-4370,1108,-54,2026-09-25 08:25:05,23063.1
25250,921,-104,34,0,2026-09-25 08:25:05,23063.1
25300,6680,-2538,401,-18,2026-09-25 08:25:05,23063.1
25350,408,-102,16,0,2026-09-25 08:25:05,23063.1
25400,3327,-1937,325,-4,2026-09-25 08:25:05,23063.1
25450,582,-14,9,0,2026-09-25 08:25:05,23063.1
25500,43665,-6224,11938,-6222,2026-09-25 08:25:05,23063.1
25550,1462,-189,6,0,2026-09-25 08:25:05,23063.1
25600,3223,-1240,448,0,2026-09-25 08:25:05,23063.1
25650,883,206,8,0,2026-09-25 08:25:05,23063.1
25700,4133,-371,165,-8,2026-09-25 08:25:05,23063.1
25750,313,9,4,0,2026-09-25 08:25:05,23063.1
25800,5791,-640,301,-22,2026-09-25 08:25:05,23063.1
25850,286,40,0,0,2026-09-25 08:25:05,23063.1
25900,3249,837,65,-4,2026-09-25 08:25:05,23063.1
25950,405,77,1,0,2026-09-25 08:25:05,23063.1
26000,48626,-2030,22530,-3147,2026-09-25 08:25:05,23063.1
26050,382,180,1,-3,2026-09-25 08:25:05,23063.1
26100,425,22,118,-26,2026-09-25 08:25:05,23063.1
26150,259,46,1,0,2026-09-25 08:25:05,23063.1
26200,2617,55,549,-14,2026-09-25 08:25:05,23063.1
26250,356,28,0,0,2026-09-25 08:25:05,23063.1
26300,1692,-105,948,-156,2026-09-25 08:25:05,23063.1
26350,129,78,0,0,2026-09-25 08:25:05,23063.1
26400,303,-36,42,-2,2026-09-25 08:25:05,23063.1
26450,175,-32,0,0,2026-09-25 08:25:05,23063.1
26500,10260,-2677,9624,-2713,2026-09-25 08:25:05,23063.1
26550,136,-2,0,0,2026-09-25 08:25:05,23063.1
26600,600,47,0,0,2026-09-25 08:25:05,23063.1
26650,122,-19,0,0,2026-09-25 08:25:05,23063.1
26700,145,45,0,0,2026-09-25 08:25:05,23063.1
26750,225,41,1,0,2026-09-25 08:25:05,23063.1
26800,179,-34,21,0,2026-09-25 08:25:05,23063.1
26850,170,3,0,0,2026-09-25 08:25:05,23063.1
26900,217,107,1,0,2026-09-25 08:25:05,23063.1
26950,225,19,0,0,2026-09-25 08:25:05,23063.1
27000,25446,-794,19212,-2271,2026-09-25 08:25:05,23063.1
27050,351,128,0,0,2026-09-25 08:25:05,23063.1
27100,637,0,0,0,2026-09-25 08:25:05,23063.1
27150,1266,249,0,0,2026-09-25 08:25:05,23063.1
27200,3251,631,0,0,2026-09-25 08:25:05,23063.1
28500,7081,-345,5041,-508,2026-09-25 08:25:05,23063.1
30000,4290,-13,1885,-86,2026-09-25 08:25:05,23063.1
31500,248,-5,0,0,2026-09-25 08:25:05,23063.1
33000,943,291,0,0,2026-09-25 08:25:05,23063.1
34500,203,31,0,0,2026-09-25 08:25:05,23063.1
15000,0,0,1680,104,2026-09-25 08:25:54,23063.1
16500,0,0,2254,201,2026-09-25 08:25:54,23063.1
18000,12,0,12861,457,2026-09-25 08:25:54,23063.1
19500,1702,-84,15983,-2069,2026-09-25 08:25:54,23063.1
20800,0,0,0,0,2026-09-25 08:25:54,23063.1
20850,0,0,10,10,2026-09-25 08:25:54,23063.1
20900,0,0,0,0,2026-09-25 08:25:54,23063.1
20950,0,0,0,0,2026-09-25 08:25:54,23063.1
21000,6227,-627,170050,30670,2026-09-25 08:25:54,23063.1
21050,0,0,0,0,2026-09-25 08:25:54,23063.1
21100,0,0,1,1,2026-09-25 08:25:54,23063.1
21150,0,0,30,30,2026-09-25 08:25:54,23063.1
21200,0,0,285,285,2026-09-25 08:25:54,23063.1
21250,0,0,0,0,2026-09-25 08:25:54,23063.1
21300,0,0,811,811,2026-09-25 08:25:54,23063.1
21350,0,0,37674,6651,2026-09-25 08:25:54,23063.1
21400,1,0,40850,753,2026-09-25 08:25:54,23063.1
21450,0,0,3840,1151,2026-09-25 08:25:54,23063.1
21500,1,0,66111,7110,2026-09-25 08:25:54,23063.1
21550,0,0,3808,2362,2026-09-25 08:25:54,23063.1
21600,644,-7,18446,4747,2026-09-25 08:25:54,23063.1
21650,1,0,4892,2742,2026-09-25 08:25:54,23063.1
21700,0,0,23505,8324,2026-09-25 08:25:54,23063.1
21750,1,0,5380,3402,2026-09-25 08:25:54,23063.1
21800,1,0,35545,15219,2026-09-25 08:25:54,23063.1
21850,1,0,3944,1561,2026-09-25 08:25:54,23063.1
21900,10,2,15491,2949,2026-09-25 08:25:54,23063.1
21950,2,0,7239,3042,2026-09-25 08:25:54,23063.1
22000,9764,-893,186656,73837,2026-09-25 08:25:54,23063.1
22050,1,0,8221,4089,2026-09-25 08:25:54,23063.1
22100,24,6,16991,1885,2026-09-25 08:25:54,23063.1
22150,62,55,5021,1525,2026-09-25 08:25:54,23063.1
22200,119,37,53688,11504,2026-09-25 08:25:54,23063.1
22250,25,20,10075,1245,2026-09-25 08:25:54,23063.1
22300,27,9,50131,11293,2026-09-25 08:25:54,23063.1
22350,33,32,17340,10124,2026-09-25 08:25:54,23063.1
22400,89,78,48773,13651,2026-09-25 08:25:54,23063.1
22450,156,148,19753,11263,2026-09-25 08:25:54,23063.1
22500,10131,2066,136722,13818,2026-09-25 08:25:54,23063.1
22550,108,95,20288,5060,2026-09-25 08:25:54,23063.1
22600,913,798,52764,179,2026-09-25 08:25:54,23063.1
22650,716,15,34090,1657,2026-09-25 08:25:54,23063.1
22700,1162,712,70776,10820,2026-09-25 08:25:54,23063.1
22750,855,342,32585,10059,2026-09-25 08:25:54,23063.1
22800,5981,1835,110087,11636,2026-09-25 08:25:54,23063.1
22850,1592,1248,44370,7314,2026-09-25 08:25:54,23063.1
22900,5793,3505,86748,12812,2026-09-25 08:25:54,23063.1
22950,4107,3490,36180,6069,2026-09-25 08:25:54,23063.1
23000,59784,39234,180885,-14126,2026-09-25 08:25:54,23063.1
23050,20791,19554,42936,16063,2026-09-25 08:25:54,23063.1
23100,108764,99959,116708,56186,2026-09-25 08:25:54,23063.1
23150,50935,47280,27152,-5360,2026-09-25 08:25:54,23063.1
23200,183835,161190,74653,-20869,2026-09-25 08:25:54,23063.1
23250,151988,136743,54518,-3371,2026-09-25 08:25:54,23063.1
23300,179324,115318,85370,-56330,2026-09-25 08:25:54,23063.1
23350,68324,43849,17158,-44065,2026-09-25 08:25:54,23063.1
23400,161881,45066,61977,-116404,2026-09-25 08:25:54,23063.1
23450,72256,12845,16860,-40572,2026-09-25 08:25:54,23063.1
23500,208801,50615,83847,-36466,2026-09-25 08:25:54,23063.1
23550,64525,2450,5521,-5430,2026-09-25 08:25:54,23063.1
23600,124349,17452,22318,-5761,2026-09-25 08:25:54,23063.1
23650,69940,21608,3904,-1438,2026-09-25 08:25:54,23063.1
23700,108810,7708,11919,-4258,2026-09-25 08:25:54,23063.1
23750,46226,10792,3530,-392,2026-09-25 08:25:54,23063.1
23800,109238,-16513,20537,-2593,2026-09-25 08:25:54,23063.1
23850,36260,-6590,1828,-232,2026-09-25 08:25:54,23063.1
23900,117969,8087,12108,-2357,2026-09-25 08:25:54,23063.1
23950,32223,9315,2022,-136,2026-09-25 08:25:54,23063.1
24000,298613,63236,70883,-10067,2026-09-25 08:25:54,23063.1
24050,49527,-9666,1243,-19,2026-09-25 08:25:54,23063.1
24100,84143,18864,6866,-1398,2026-09-25 08:25:54,23063.1
24150,26913,8521,1898,-166,2026-09-25 08:25:54,23063.1
24200,139087,45545,17086,-5365,2026-09-25 08:25:54,23063.1
24250,33879,15639,2204,-30,2026-09-25 08:25:54,23063.1
24300,124054,37410,39281,-3155,2026-09-25 08:25:54,23063.1
24350,27117,11946,4598,-76,2026-09-25 08:25:54,23063.1
24400,62678,144,22343,-4981,2026-09-25 08:25:54,23063.1
24450,6210,-2852,1170,-11,2026-09-25 08:25:54,23063.1
24500,195348,58611,30954,-7353,2026-09-25 08:25:54,23063.1
24550,18479,6626,692,-18,2026-09-25 08:25:54,23063.1
24600,54056,-3128,8678,-1075,2026-09-25 08:25:54,23063.1
24650,13471,3744,525,-6,2026-09-25 08:25:54,23063.1
24700,58030,-748,2835,-442,2026-09-25 08:25:54,23063.1
24750,5406,-788,381,-5,2026-09-25 08:25:54,23063.1
24800,54736,-12133,3712,-1014,2026-09-25 08:25:54,23063.1
24850,2334,-47,172,-3,2026-09-25 08:25:54,23063.1
24900,28070,-9273,872,-262,2026-09-25 08:25:54,23063.1
24950,2064,235,71,0,2026-09-25 08:25:54,23063.1
25000,173635,-8341,20973,-5433,2026-09-25 08:25:54,23063.1
25050,1223,-288,52,-1,2026-09-25 08:25:54,23063.1
25100,14674,-5286,1344,-29,2026-09-25 08:25:54,23063.1
25150,1276,-755,25,-1,2026-09-25 08:25:54,23063.1
25200,9637,-4370,1108,-54,2026-09-25 08:25:54,23063.1
25250,921,-104,34,0,2026-09-25 08:25:54,23063.1
25300,6680,-2538,401,-18,2026-09-25 08:25:54,23063.1
25350,408,-102,16,0,2026-09-25 08:25:54,23063.1
25400,3327,-1937,325,-4,2026-09-25 08:25:54,23063.1
25450,582,-14,9,0,2026-09-25 08:25:54,23063.1
25500,43665,-6224,11938,-6222,2026-09-25 08:25:54,23063.1
25550,1462,-189,6,0,2026-09-25 08:25:54,23063.1
25600,3223,-1240,448,0,2026-09-25 08:25:54,23063.1
25650,883,206,8,0,2026-09-25 08:25:54,23063.1
25700,4133,-371,165,-8,2026-09-25 08:25:54,23063.1
25750,313,9,4,0,2026-09-25 08:25:54,23063.1
25800,5791,-640,301,-22,2026-09-25 08:25:54,23063.1
25850,286,40,0,0,2026-09-25 08:25:54,23063.1
25900,3249,837,65,-4,2026-09-25 08:25:54,23063.1
25950,405,77,1,0,2026-09-25 08:25:54,23063.1
26000,48626,-2030,22530,-3147,2026-09-25 08:25:54,23063.1
26050,382,180,1,-3,2026-09-25 08:25:54,23063.1
26100,425,22,118,-26,2026-09-25 08:25:54,23063.1
26150,259,46,1,0,2026-09-25 08:25:54,23063.1
26200,2617,55,549,-14,2026-09-25 08:25:54,23063.1
26250,356,28,0,0,2026-09-25 08:25:54,23063.1
26300,1692,-105,948,-156,2026-09-25 08:25:54,23063.1
26350,129,78,0,0,2026-09-25 08:25:54,23063.1
26400,303,-36,42,-2,2026-09-25 08:25:54,23063.1
26450,175,-32,0,0,2026-09-25 08:25:54,23063.1
26500,10260,-2677,9624,-2713,2026-09-25 08:25:54,23063.1
26550,136,-2,0,0,2026-09-25 08:25:54,23063.1
26600,600,47,0,0,2026-09-25 08:25:54,23063.1
26650,122,-19,0,0,2026-09-25 08:25:54,23063.1
26700,145,45,0,0,2026-09-25 08:25:54,23063.1
26750,225,41,1,0,2026-09-25 08:25:54,23063.1
26800,179,-34,21,0,2026-09-25 08:25:54,23063.1
26850,170,3,0,0,2026-09-25 08:25:54,23063.1
26900,217,107,1,0,2026-09-25 08:25:54,23063.1
26950,225,19,0,0,2026-09-25 08:25:54,23063.1
27000,25446,-794,19212,-2271,2026-09-25 08:25:54,23063.1
27050,351,128,0,0,2026-09-25 08:25:54,23063.1
27100,637,0,0,0,2026-09-25 08:25:54,23063.1
27150,1266,249,0,0,2026-09-25 08:25:54,23063.1
27200,3251,631,0,0,2026-09-25 08:25:54,23063.1
28500,7081,-345,5041,-508,2026-09-25 08:25:54,23063.1
30000,4290,-13,1885,-86,2026-09-25 08:25:54,23063.1
31500,248,-5,0,0,2026-09-25 08:25:54,23063.1
33000,943,291,0,0,2026-09-25 08:25:54,23063.1
34500,203,31,0,0,2026-09-25 08:25:54,23063.1
15000,0,0,1680,104,2026-09-25 08:28:00,23063.1
16500,0,0,2254,201,2026-09-25 08:28:00,23063.1
18000,12,0,12861,457,2026-09-25 08:28:00,23063.1
19500,1702,-84,15983,-2069,2026-09-25 08:28:00,23063.1
20800,0,0,0,0,2026-09-25 08:28:00,23063.1
20850,0,0,10,10,2026-09-25 08:28:00,23063.1
20900,0,0,0,0,2026-09-25 08:28:00,23063.1
20950,0,0,0,0,2026-09-25 08:28:00,23063.1
21000,6227,-627,170050,30670,2026-09-25 08:28:00,23063.1
21050,0,0,0,0,2026-09-25 08:28:00,23063.1
21100,0,0,1,1,2026-09-25 08:28:00,23063.1
21150,0,0,30,30,2026-09-25 08:28:00,23063.1
21200,0,0,285,285,2026-09-25 08:28:00,23063.1
21250,0,0,0,0,2026-09-25 08:28:00,23063.1
21300,0,0,811,811,2026-09-25 08:28:00,23063.1
21350,0,0,37674,6651,2026-09-25 08:28:00,23063.1
21400,1,0,40850,753,2026-09-25 08:28:00,23063.1
21450,0,0,3840,1151,2026-09-25 08:28:00,23063.1
21500,1,0,66111,7110,2026-09-25 08:28:00,23063.1
21550,0,0,3808,2362,2026-09-25 08:28:00,23063.1
21600,644,-7,18446,4747,2026-09-25 08:28:00,23063.1
21650,1,0,4892,2742,2026-09-25 08:28:00,23063.1
21700,0,0,23505,8324,2026-09-25 08:28:00,23063.1
21750,1,0,5380,3402,2026-09-25 08:28:00,23063.1
21800,1,0,35545,15219,2026-09-25 08:28:00,23063.1
21850,1,0,3944,1561,2026-09-25 08:28:00,23063.1
21900,10,2,15491,2949,2026-09-25 08:28:00,23063.1
21950,2,0,7239,3042,2026-09-25 08:28:00,23063.1
22000,9764,-893,186656,73837,2026-09-25 08:28:00,23063.1
22050,1,0,8221,4089,2026-09-25 08:28:00,23063.1
22100,24,6,16991,1885,2026-09-25 08:28:00,23063.1
22150,62,55,5021,1525,2026-09-25 08:28:00,23063.1
22200,119,37,53688,11504,2026-09-25 08:28:00,23063.1
22250,25,20,10075,1245,2026-09-25 08:28:00,23063.1
22300,27,9,50131,11293,2026-09-25 08:28:00,23063.1
22350,33,32,17340,10124,2026-09-25 08:28:00,23063.1
22400,89,78,48773,13651,2026-09-25 08:28:00,23063.1
22450,156,148,19753,11263,2026-09-25 08:28:00,23063.1
22500,10131,2066,136722,13818,2026-09-25 08:28:00,23063.1
22550,108,95,20288,5060,2026-09-25 08:28:00,23063.1
22600,913,798,52764,179,2026-09-25 08:28:00,23063.1
22650,716,15,34090,1657,2026-09-25 08:28:00,23063.1
22700,1162,712,70776,10820,2026-09-25 08:28:00,23063.1
22750,855,342,32585,10059,2026-09-25 08:28:00,23063.1
22800,5981,1835,110087,11636,2026-09-25 08:28:00,23063.1
22850,1592,1248,44370,7314,2026-09-25 08:28:00,23063.1
22900,5793,3505,86748,12812,2026-09-25 08:28:00,23063.1
22950,4107,3490,36180,6069,2026-09-25 08:28:00,23063.1
23000,59784,39234,180885,-14126,2026-09-25 08:28:00,23063.1
23050,20791,19554,42936,16063,2026-09-25 08:28:00,23063.1
23100,108764,99959,116708,56186,2026-09-25 08:28:00,23063.1
23150,50935,47280,27152,-5360,2026-09-25 08:28:00,23063.1
23200,183835,161190,74653,-20869,2026-09-25 08:28:00,23063.1
23250,151988,136743,54518,-3371,2026-09-25 08:28:00,23063.1
23300,179324,115318,85370,-56330,2026-09-25 08:28:00,23063.1
23350,68324,43849,17158,-44065,2026-09-25 08:28:00,23063.1
23400,161881,45066,61977,-116404,2026-09-25 08:28:00,23063.1
23450,72256,12845,16860,-40572,2026-09-25 08:28:00,23063.1
23500,208801,50615,83847,-36466,2026-09-25 08:28:00,23063.1
23550,64525,2450,5521,-5430,2026-09-25 08:28:00,23063.1
23600,124349,17452,22318,-5761,2026-09-25 08:28:00,23063.1
23650,69940,21608,3904,-1438,2026-09-25 08:28:00,23063.1
23700,108810,7708,11919,-4258,2026-09-25 08:28:00,23063.1
23750,46226,10792,3530,-392,2026-09-25 08:28:00,23063.1
23800,109238,-16513,20537,-2593,2026-09-25 08:28:00,23063.1
23850,36260,-6590,1828,-232,2026-09-25 08:28:00,23063.1
23900,117969,8087,12108,-2357,2026-09-25 08:28:00,23063.1
23950,32223,9315,2022,-136,2026-09-25 08:28:00,23063.1
24000,298613,63236,70883,-10067,2026-09-25 08:28:00,23063.1
24050,49527,-9666,1243,-19,2026-09-25 08:28:00,23063.1
24100,84143,18864,6866,-1398,2026-09-25 08:28:00,23063.1
24150,26913,8521,1898,-166,2026-09-25 08:28:00,23063.1
24200,139087,45545,17086,-5365,2026-09-25 08:28:00,23063.1
24250,33879,15639,2204,-30,2026-09-25 08:28:00,23063.1
24300,124054,37410,39281,-3155,2026-09-25 08:28:00,23063.1
24350,27117,11946,4598,-76,2026-09-25 08:28:00,23063.1
24400,62678,144,22343,-4981,2026-09-25 08:28:00,23063.1
24450,6210,-2852,1170,-11,2026-09-25 08:28:00,23063.1
24500,195348,58611,30954,-7353,2026-09-25 08:28:00,23063.1
24550,18479,6626,692,-18,2026-09-25 08:28:00,23063.1
24600,54056,-3128,8678,-1075,2026-09-25 08:28:00,23063.1
24650,13471,3744,525,-6,2026-09-25 08:28:00,23063.1
24700,58030,-748,2835,-442,2026-09-25 08:28:00,23063.1
24750,5406,-788,381,-5,2026-09-25 08:28:00,23063.1
24800,54736,-12133,3712,-1014,2026-09-25 08:28:00,23063.1
24850,2334,-47,172,-3,2026-09-25 08:28:00,23063.1
24900,28070,-9273,872,-262,2026-09-25 08:28:00,23063.1
24950,2064,235,71,0,2026-09-25 08:28:00,23063.1
25000,173635,-8341,20973,-5433,2026-09-25 08:28:00,23063.1
25050,1223,-288,52,-1,2026-09-25 08:28:00,23063.1
25100,14674,-5286,1344,-29,2026-09-25 08:28:00,23063.1
25150,1276,-755,25,-1,2026-09-25 08:28:00,23063.1
25200,9637,-4370,1108,-54,2026-09-25 08:28:00,23063.1
25250,921,-104,34,0,2026-09-25 08:28:00,23063.1
25300,6680,-2538,401,-18,2026-09-25 08:28:00,23063.1
25350,408,-102,16,0,2026-09-25 08:28:00,23063.1
25400,3327,-1937,325,-4,2026-09-25 08:28:00,23063.1
25450,582,-14,9,0,2026-09-25 08:28:00,23063.1
25500,43665,-6224,11938,-6222,2026-09-25 08:28:00,23063.1
25550,1462,-189,6,0,2026-09-25 08:28:00,23063.1
25600,3223,-1240,448,0,2026-09-25 08:28:00,23063.1
25650,883,206,8,0,2026-09-25 08:28:00,23063.1
25700,4133,-371,165,-8,2026-09-25 08:28:00,23063.1
25750,313,9,4,0,2026-09-25 08:28:00,23063.1
25800,5791,-640,301,-22,2026-09-25 08:28:00,23063.1
25850,286,40,0,0,2026-09-25 08:28:00,23063.1
25900,3249,837,65,-4,2026-09-25 08:28:00,23063.1
25950,405,77,1,0,2026-09-25 08:28:00,23063.1
26000,48626,-2030,22530,-3147,2026-09-25 08:28:00,23063.1
26050,382,180,1,-3,2026-09-25 08:28:00,23063.1
26100,425,22,118,-26,2026-09-25 08:28:00,23063.1
26150,259,46,1,0,2026-09-25 08:28:00,23063.1
26200,2617,55,549,-14,2026-09-25 08:28:00,23063.1
26250,356,28,0,0,2026-09-25 08:28:00,23063.1
26300,1692,-105,948,-156,2026-09-25 08:28:00,23063.1
26350,129,78,0,0,2026-09-25 08:28:00,23063.1
26400,303,-36,42,-2,2026-09-25 08:28:00,23063.1
26450,175,-32,0,0,2026-09-25 08:28:00,23063.1
26500,10260,-2677,9624,-2713,2026-09-25 08:28:00,23063.1
26550,136,-2,0,0,2026-09-25 08:28:00,23063.1
26600,600,47,0,0,2026-09-25 08:28:00,23063.1
26650,122,-19,0,0,2026-09-25 08:28:00,23063.1
26700,145,45,0,0,2026-09-25 08:28:00,23063.1
26750,225,41,1,0,2026-09-25 08:28:00,23063.1
26800,179,-34,21,0,2026-09-25 08:28:00,23063.1
26850,170,3,0,0,2026-09-25 08:28:00,23063.1
26900,217,107,1,0,2026-09-25 08:28:00,23063.1
26950,225,19,0,0,2026-09-25 08:28:00,23063.1
27000,25446,-794,19212,-2271,2026-09-25 08:28:00,23063.1
27050,351,128,0,0,2026-09-25 08:28:00,23063.1
27100,637,0,0,0,2026-09-25 08:28:00,23063.1
27150,1266,249,0,0,2026-09-25 08:28:00,23063.1
27200,3251,631,0,0,2026-09-25 08:28:00,23063.1
28500,7081,-345,5041,-508,2026-09-25 08:28:00,23063.1
30000,4290,-13,1885,-86,2026-09-25 08:28:00,23063.1
31500,248,-5,0,0,2026-09-25 08:28:00,23063.1
33000,943,291,0,0,2026-09-25 08:28:00,23063.1
34500,203,31,0,0,2026-09-25 08:28:00,23063.1
15000,0,0,1680,104,2026-09-25 08:31:05,23063.1
16500,0,0,2254,201,2026-09-25 08:31:05,23063.1
18000,12,0,12861,457,2026-09-25 08:31:05,23063.1
19500,1702,-84,15983,-2069,2026-09-25 08:31:05,23063.1
20800,0,0,0,0,2026-09-25 08:31:05,23063.1
20850,0,0,10,10,2026-09-25 08:31:05,23063.1
20900,0,0,0,0,2026-09-25 08:31:05,23063.1
20950,0,0,0,0,2026-09-25 08:31:05,23063.1
21000,6227,-627,170050,30670,2026-09-25 08:31:05,23063.1
21050,0,0,0,0,2026-09-25 08:31:05,23063.1
21100,0,0,1,1,2026-09-25 08:31:05,23063.1
21150,0,0,30,30,2026-09-25 08:31:05,23063.1
21200,0,0,285,285,2026-09-25 08:31:05,23063.1
21250,0,0,0,0,2026-09-25 08:31:05,23063.1
21300,0,0,811,811,2026-09-25 08:31:05,23063.1
21350,0,0,37674,6651,2026-09-25 08:31:05,23063.1
21400,1,0,40850,753,2026-09-25 08:31:05,23063.1
21450,0,0,3840,1151,2026-09-25 08:31:05,23063.1
21500,1,0,66111,7110,2026-09-25 08:31:05,23063.1
21550,0,0,3808,2362,2026-09-25 08:31:05,23063.1
21600,644,-7,18446,4747,2026-09-25 08:31:05,23063.1
21650,1,0,4892,2742,2026-09-25 08:31:05,23063.1
21700,0,0,23505,8324,2026-09-25 08:31:05,23063.1
21750,1,0,5380,3402,2026-09-25 08:31:05,23063.1
21800,1,0,35545,15219,2026-09-25 08:31:05,23063.1
21850,1,0,3944,1561,2026-09-25 08:31:05,23063.1
21900,10,2,15491,2949,2026-09-25 08:31:05,23063.1
21950,2,0,7239,3042,2026-09-25 08:31:05,23063.1
22000,9764,-893,186656,73837,2026-09-25 08:31:05,23063.1
22050,1,0,8221,4089,2026-09-25 08:31:05,23063.1
22100,24,6,16991,1885,2026-09-25 08:31:05,23063.1
22150,62,55,5021,1525,2026-09-25 08:31:05,23063.1
22200,119,37,53688,11504,2026-09-25 08:31:05,23063.1
22250,25,20,10075,1245,2026-09-25 08:31:05,23063.1
22300,27,9,50131,11293,2026-09-25 08:31:05,23063.1
22350,33,32,17340,10124,2026-09-25 08:31:05,23063.1
22400,89,78,48773,13651,2026-09-25 08:31:05,23063.1
22450,156,148,19753,11263,2026-09-25 08:31:05,23063.1
22500,10131,2066,136722,13818,2026-09-25 08:31:05,23063.1
22550,108,95,20288,5060,2026-09-25 08:31:05,23063.1
22600,913,798,52764,179,2026-09-25 08:31:05,23063.1
22650,716,15,34090,1657,2026-09-25 08:31:05,23063.1
22700,1162,712,70776,10820,2026-09-25 08:31:05,23063.1
22750,855,342,32585,10059,2026-09-25 08:31:05,23063.1
22800,5981,1835,110087,11636,2026-09-25 08:31:05,23063.1
22850,1592,1248,44370,7314,2026-09-25 08:31:05,23063.1
22900,5793,3505,86748,12812,2026-09-25 08:31:05,23063.1
22950,4107,3490,36180,6069,2026-09-25 08:31:05,23063.1
23000,59784,39234,180885,-14126,2026-09-25 08:31:05,23063.1
23050,20791,19554,42936,16063,2026-09-25 08:31:05,23063.1
23100,108764,99959,116708,56186,2026-09-25 08:31:05,23063.1
23150,50935,47280,27152,-5360,2026-09-25 08:31:05,23063.1
23200,183835,161190,74653,-20869,2026-09-25 08:31:05,23063.1
23250,151988,136743,54518,-3371,2026-09-25 08:31:05,23063.1
23300,179324,115318,85370,-56330,2026-09-25 08:31:05,23063.1
23350,68324,43849,17158,-44065,2026-09-25 08:31:05,23063.1
23400,161881,45066,61977,-116404,2026-09-25 08:31:05,23063.1
23450,72256,12845,16860,-40572,2026-09-25 08:31:05,23063.1
23500,208801,50615,83847,-36466,2026-09-25 08:31:05,23063.1
23550,64525,2450,5521,-5430,2026-09-25 08:31:05,23063.1
23600,124349,17452,22318,-5761,2026-09-25 08:31:05,23063.1
23650,69940,21608,3904,-1438,2026-09-25 08:31:05,23063.1
23700,108810,7708,11919,-4258,2026-09-25 08:31:05,23063.1
23750,46226,10792,3530,-392,2026-09-25 08:31:05,23063.1
23800,109238,-16513,20537,-2593,2026-09-25 08:31:05,23063.1
23850,36260,-6590,1828,-232,2026-09-25 08:31:05,23063.1
23900,117969,8087,12108,-2357,2026-09-25 08:31:05,23063.1
23950,32223,9315,2022,-136,2026-09-25 08:31:05,23063.1
24000,298613,63236,70883,-10067,2026-09-25 08:31:05,23063.1
24050,49527,-9666,1243,-19,2026-09-25 08:31:05,23063.1
24100,84143,18864,6866,-1398,2026-09-25 08:31:05,23063.1
24150,26913,8521,1898,-166,2026-09-25 08:31:05,23063.1
24200,139087,45545,17086,-5365,2026-09-25 08:31:05,23063.1
24250,33879,15639,2204,-30,2026-09-25 08:31:05,23063.1
24300,124054,37410,39281,-3155,2026-09-25 08:31:05,23063.1
24350,27117,11946,4598,-76,2026-09-25 08:31:05,23063.1
24400,62678,144,22343,-4981,2026-09-25 08:31:05,23063.1
24450,6210,-2852,1170,-11,2026-09-25 08:31:05,23063.1
24500,195348,58611,30954,-7353,2026-09-25 08:31:05,23063.1
24550,18479,6626,692,-18,2026-09-25 08:31:05,23063.1
24600,54056,-3128,8678,-1075,2026-09-25 08:31:05,23063.1
24650,13471,3744,525,-6,2026-09-25 08:31:05,23063.1
24700,58030,-748,2835,-442,2026-09-25 08:31:05,23063.1
24750,5406,-788,381,-5,2026-09-25 08:31:05,23063.1
24800,54736,-12133,3712,-1014,2026-09-25 08:31:05,23063.1
24850,2334,-47,172,-3,2026-09-25 08:31:05,23063.1
24900,28070,-9273,872,-262,2026-09-25 08:31:05,23063.1
24950,2064,235,71,0,2026-09-25 08:31:05,23063.1
25000,173635,-8341,20973,-5433,2026-09-25 08:31:05,23063.1
25050,1223,-288,52,-1,2026-09-25 08:31:05,23063.1
25100,14674,-5286,1344,-29,2026-09-25 08:31:05,23063.1
25150,1276,-755,25,-1,2026-09-25 08:31:05,23063.1
25200,9637,-4370,1108,-54,2026-09-25 08:31:05,23063.1
25250,921,-104,34,0,2026-09-25 08:31:05,23063.1
25300,6680,-2538,401,-18,2026-09-25 08:31:05,23063.1
25350,408,-102,16,0,2026-09-25 08:31:05,23063.1
25400,3327,-1937,325,-4,2026-09-25 08:31:05,23063.1
25450,582,-14,9,0,2026-09-25 08:31:05,23063.1
25500,43665,-6224,11938,-6222,2026-09-25 08:31:05,23063.1
25550,1462,-189,6,0,2026-09-25 08:31:05,23063.1
25600,3223,-1240,448,0,2026-09-25 08:31:05,23063.1
25650,883,206,8,0,2026-09-25 08:31:05,23063.1
25700,4133,-371,165,-8,2026-09-25 08:31:05,23063.1
25750,313,9,4,0,2026-09-25 08:31:05,23063.1
25800,5791,-640,301,-22,2026-09-25 08:31:05,23063.1
25850,286,40,0,0,2026-09-25 08:31:05,23063.1
25900,3249,837,65,-4,2026-09-25 08:31:05,23063.1
25950,405,77,1,0,2026-09-25 08:31:05,23063.1
26000,48626,-2030,22530,-3147,2026-09-25 08:31:05,23063.1
26050,382,180,1,-3,2026-09-25 08:31:05,23063.1
26100,425,22,118,-26,2026-09-25 08:31:05,23063.1
26150,259,46,1,0,2026-09-25 08:31:05,23063.1
26200,2617,55,549,-14,2026-09-25 08:31:05,23063.1
26250,356,28,0,0,2026-09-25 08:31:05,23063.1
26300,1692,-105,948,-156,2026-09-25 08:31:05,23063.1
26350,129,78,0,0,2026-09-25 08:31:05,23063.1
26400,303,-36,42,-2,2026-09-25 08:31:05,23063.1
26450,175,-32,0,0,2026-09-25 08:31:05,23063.1
26500,10260,-2677,9624,-2713,2026-09-25 08:31:05,23063.1
26550,136,-2,0,0,2026-09-25 08:31:05,23063.1
26600,600,47,0,0,2026-09-25 08:31:05,23063.1
26650,122,-19,0,0,2026-09-25 08:31:05,23063.1
26700,145,45,0,0,2026-09-25 08:31:05,23063.1
26750,225,41,1,0,2026-09-25 08:31:05,23063.1
26800,179,-34,21,0,2026-09-25 08:31:05,23063.1
26850,170,3,0,0,2026-09-25 08:31:05,23063.1
26900,217,107,1,0,2026-09-25 08:31:05,23063.1
26950,225,19,0,0,2026-09-25 08:31:05,23063.1
27000,25446,-794,19212,-2271,2026-09-25 08:31:05,23063.1
27050,351,128,0,0,2026-09-25 08:31:05,23063.1
27100,637,0,0,0,2026-09-25 08:31:05,23063.1
27150,1266,249,0,0,2026-09-25 08:31:05,23063.1
27200,3251,631,0,0,2026-09-25 08:31:05,23063.1
28500,7081,-345,5041,-508,2026-09-25 08:31:05,23063.1
30000,4290,-13,1885,-86,2026-09-25 08:31:05,23063.1
31500,248,-5,0,0,2026-09-25 08:31:05,23063.1
33000,943,291,0,0,2026-09-25 08:31:05,23063.1
34500,203,31,0,0,2026-09-25 08:31:05,23063.1
15000,0,0,1680,104,2026-09-25 08:34:08,23063.1
16500,0,0,2254,201,2026-09-25 08:34:08,23063.1
18000,12,0,12861,457,2026-09-25 08:34:08,23063.1
19500,1702,-84,15983,-2069,2026-09-25 08:34:08,23063.1
20800,0,0,0,0,2026-09-25 08:34:08,23063.1
20850,0,0,10,10,2026-09-25 08:34:08,23063.1
20900,0,0,0,0,2026-09-25 08:34:08,23063.1
20950,0,0,0,0,2026-09-25 08:34:08,23063.1
21000,6227,-627,170050,30670,2026-09-25 08:34:08,23063.1
21050,0,0,0,0,2026-09-25 08:34:08,23063.1
21100,0,0,1,1,2026-09-25 08:34:08,23063.1
21150,0,0,30,30,2026-09-25 08:34:08,23063.1
21200,0,0,285,285,2026-09-25 08:34:08,23063.1
21250,0,0,0,0,2026-09-25 08:34:08,23063.1
21300,0,0,811,811,2026-09-25 08:34:08,23063.1
21350,0,0,37674,6651,2026-09-25 08:34:08,23063.1
21400,1,0,40850,753,2026-09-25 08:34:08,23063.1
21450,0,0,3840,1151,2026-09-25 08:34:08,23063.1
21500,1,0,66111,7110,2026-09-25 08:34:08,23063.1
21550,0,0,3808,2362,2026-09-25 08:34:08,23063.1
21600,644,-7,18446,4747,2026-09-25 08:34:08,23063.1
21650,1,0,4892,2742,2026-09-25 08:34:08,23063.1
21700,0,0,23505,8324,2026-09-25 08:34:08,23063.1
21750,1,0,5380,3402,2026-09-25 08:34:08,23063.1
21800,1,0,35545,15219,2026-09-25 08:34:08,23063.1
21850,1,0,3944,1561,2026-09-25 08:34:08,23063.1
21900,10,2,15491,2949,2026-09-25 08:34:08,23063.1
21950,2,0,7239,3042,2026-09-25 08:34:08,23063.1
22000,9764,-893,186656,73837,2026-09-25 08:34:08,23063.1
22050,1,0,8221,4089,2026-09-25 08:34:08,23063.1
22100,24,6,16991,1885,2026-09-25 08:34:08,23063.1
22150,62,55,5021,1525,2026-09-25 08:34:08,23063.1
22200,119,37,53688,11504,2026-09-25 08:34:08,23063.1
22250,25,20,10075,1245,2026-09-25 08:34:08,23063.1
22300,27,9,50131,11293,2026-09-25 08:34:08,23063.1
22350,33,32,17340,10124,2026-09-25 08:34:08,23063.1
22400,89,78,48773,13651,2026-09-25 08:34:08,23063.1
22450,156,148,19753,11263,2026-09-25 08:34:08,23063.1
22500,10131,2066,136722,13818,2026-09-25 08:34:08,23063.1
22550,108,95,20288,5060,2026-09-25 08:34:08,23063.1
22600,913,798,52764,179,2026-09-25 08:34:08,23063.1
22650,716,15,34090,1657,2026-09-25 08:34:08,23063.1
22700,1162,712,70776,10820,2026-09-25 08:34:08,23063.1
22750,855,342,32585,10059,2026-09-25 08:34:08,23063.1
22800,5981,1835,110087,11636,2026-09-25 08:34:08,23063.1
22850,1592,1248,44370,7314,2026-09-25 08:34:08,23063.1
22900,5793,3505,86748,12812,2026-09-25 08:34:08,23063.1
22950,4107,3490,36180,6069,2026-09-25 08:34:08,23063.1
23000,59784,39234,180885,-14126,2026-09-25 08:34:08,23063.1
23050,20791,19554,42936,16063,2026-09-25 08:34:08,23063.1
23100,108764,99959,116708,56186,2026-09-25 08:34:08,23063.1
23150,50935,47280,27152,-5360,2026-09-25 08:34:08,23063.1
23200,183835,161190,74653,-20869,2026-09-25 08:34:08,23063.1
23250,151988,136743,54518,-3371,2026-09-25 08:34:08,23063.1
23300,179324,115318,85370,-56330,2026-09-25 08:34:08,23063.1
23350,68324,43849,17158,-44065,2026-09-25 08:34:08,23063.1
23400,161881,45066,61977,-116404,2026-09-25 08:34:08,23063.1
23450,72256,12845,16860,-40572,2026-09-25 08:34:08,23063.1
23500,208801,50615,83847,-36466,2026-09-25 08:34:08,23063.1
23550,64525,2450,5521,-5430,2026-09-25 08:34:08,23063.1
23600,124349,17452,22318,-5761,2026-09-25 08:34:08,23063.1
23650,69940,21608,3904,-1438,2026-09-25 08:34:08,23063.1
23700,108810,7708,11919,-4258,2026-09-25 08:34:08,23063.1
23750,46226,10792,3530,-392,2026-09-25 08:34:08,23063.1
23800,109238,-16513,20537,-2593,2026-09-25 08:34:08,23063.1
23850,36260,-6590,1828,-232,2026-09-25 08:34:08,23063.1
23900,117969,8087,12108,-2357,2026-09-25 08:34:08,23063.1
23950,32223,9315,2022,-136,2026-09-25 08:34:08,23063.1
24000,298613,63236,70883,-10067,2026-09-25 08:34:08,23063.1
24050,49527,-9666,1243,-19,2026-09-25 08:34:08,23063.1
24100,84143,18864,6866,-1398,2026-09-25 08:34:08,23063.1
24150,26913,8521,1898,-166,2026-09-25 08:34:08,23063.1
24200,139087,45545,17086,-5365,2026-09-25 08:34:08,23063.1
24250,33879,15639,2204,-30,2026-09-25 08:34:08,23063.1
24300,124054,37410,39281,-3155,2026-09-25 08:34:08,23063.1
24350,27117,11946,4598,-76,2026-09-25 08:34:08,23063.1
24400,62678,144,22343,-4981,2026-09-25 08:34:08,23063.1
24450,6210,-2852,1170,-11,2026-09-25 08:34:08,23063.1
24500,195348,58611,30954,-7353,2026-09-25 08:34:08,23063.1
24550,18479,6626,692,-18,2026-09-25 08:34:08,23063.1
24600,54056,-3128,8678,-1075,2026-09-25 08:34:08,23063.1
24650,13471,3744,525,-6,2026-09-25 08:34:08,23063.1
24700,58030,-748,2835,-442,2026-09-25 08:34:08,23063.1
24750,5406,-788,381,-5,2026-09-25 08:34:08,23063.1
24800,54736,-12133,3712,-1014,2026-09-25 08:34:08,23063.1
24850,2334,-47,172,-3,2026-09-25 08:34:08,23063.1
24900,28070,-9273,872,-262,2026-09-25 08:34:08,23063.1
24950,2064,235,71,0,2026-09-25 08:34:08,23063.1
25000,173635,-8341,20973,-5433,2026-09-25 08:34:08,23063.1
25050,1223,-288,52,-1,2026-09-25 08:34:08,23063.1
25100,14674,-5286,1344,-29,2026-09-25 08:34:08,23063.1
25150,1276,-755,25,-1,2026-09-25 08:34:08,23063.1
25200,9637,-4370,1108,-54,2026-09-25 08:34:08,23063.1
25250,921,-104,34,0,2026-09-25 08:34:08,23063.1
25300,6680,-2538,401,-18,2026-09-25 08:34:08,23063.1
25350,408,-102,16,0,2026-09-25 08:34:08,23063.1
25400,3327,-1937,325,-4,2026-09-25 08:34:08,23063.1
25450,582,-14,9,0,2026-09-25 08:34:08,23063.1
25500,43665,-6224,11938,-6222,2026-09-25 08:34:08,23063.1
25550,1462,-189,6,0,2026-09-25 08:34:08,23063.1
25600,3223,-1240,448,0,2026-09-25 08:34:08,23063.1
25650,883,206,8,0,2026-09-25 08:34:08,23063.1
25700,4133,-371,165,-8,2026-09-25 08:34:08,23063.1
25750,313,9,4,0,2026-09-25 08:34:08,23063.1
25800,5791,-640,301,-22,2026-09-25 08:34:08,23063.1
25850,286,40,0,0,2026-09-25 08:34:08,23063.1
25900,3249,837,65,-4,2026-09-25 08:34:08,23063.1
25950,405,77,1,0,2026-09-25 08:34:08,23063.1
26000,48626,-2030,22530,-3147,2026-09-25 08:34:08,23063.1
26050,382,180,1,-3,2026-09-25 08:34:08,23063.1
26100,425,22,118,-26,2026-09-25 08:34:08,23063.1
26150,259,46,1,0,2026-09-25 08:34:08,23063.1
26200,2617,55,549,-14,2026-09-25 08:34:08,23063.1
26250,356,28,0,0,2026-09-25 08:34:08,23063.1
26300,1692,-105,948,-156,2026-09-25 08:34:08,23063.1
26350,129,78,0,0,2026-09-25 08:34:08,23063.1
26400,303,-36,42,-2,2026-09-25 08:34:08,23063.1
26450,175,-32,0,0,2026-09-25 08:34:08,23063.1
26500,10260,-2677,9624,-2713,2026-09-25 08:34:08,23063.1
26550,136,-2,0,0,2026-09-25 08:34:08,23063.1
26600,600,47,0,0,2026-09-25 08:34:08,23063.1
26650,122,-19,0,0,2026-09-25 08:34:08,23063.1
26700,145,45,0,0,2026-09-25 08:34:08,23063.1
26750,225,41,1,0,2026-09-25 08:34:08,23063.1
26800,179,-34,21,0,2026-09-25 08:34:08,23063.1
26850,170,3,0,0,2026-09-25 08:34:08,23063.1
26900,217,107,1,0,2026-09-25 08:34:08,23063.1
26950,225,19,0,0,2026-09-25 08:34:08,23063.1
27000,25446,-794,19212,-2271,2026-09-25 08:34:08,23063.1
27050,351,128,0,0,2026-09-25 08:34:08,23063.1
27100,637,0,0,0,2026-09-25 08:34:08,23063.1
27150,1266,249,0,0,2026-09-25 08:34:08,23063.1
27200,3251,631,0,0,2026-09-25 08:34:08,23063.1
28500,7081,-345,5041,-508,2026-09-25 08:34:08,23063.1
30000,4290,-13,1885,-86,2026-09-25 08:34:08,23063.1
31500,248,-5,0,0,2026-09-25 08:34:08,23063.1
33000,943,291,0,0,2026-09-25 08:34:08,23063.1
34500,203,31,0,0,2026-09-25 08:34:08,23063.1
15000,0,0,1680,104,2026-09-25 08:37:12,23063.1
16500,0,0,2254,201,2026-09-25 08:37:12,23063.1
18000,12,0,12861,457,2026-09-25 08:37:12,23063.1
19500,1702,-84,15983,-2069,2026-09-25 08:37:12,23063.1
20800,0,0,0,0,2026-09-25 08:37:12,23063.1
20850,0,0,10,10,2026-09-25 08:37:12,23063.1
20900,0,0,0,0,2026-09-25 08:37:12,23063.1
20950,0,0,0,0,2026-09-25 08:37:12,23063.1
21000,6227,-627,170050,30670,2026-09-25 08:37:12,23063.1
21050,0,0,0,0,2026-09-25 08:37:12,23063.1
21100,0,0,1,1,2026-09-25 08:37:12,23063.1
21150,0,0,30,30,2026-09-25 08:37:12,23063.1
21200,0,0,285,285,2026-09-25 08:37:12,23063.1
21250,0,0,0,0,2026-09-25 08:37:12,23063.1
21300,0,0,811,811,2026-09-25 08:37:12,23063.1
21350,0,0,37674,6651,2026-09-25 08:37:12,23063.1
21400,1,0,40850,753,2026-09-25 08:37:12,23063.1
21450,0,0,3840,1151,2026-09-25 08:37:12,23063.1
21500,1,0,66111,7110,2026-09-25 08:37:12,23063.1
21550,0,0,3808,2362,2026-09-25 08:37:12,23063.1
21600,644,-7,18446,4747,2026-09-25 08:37:12,23063.1
21650,1,0,4892,2742,2026-09-25 08:37:12,23063.1
21700,0,0,23505,8324,2026-09-25 08:37:12,23063.1
21750,1,0,5380,3402,2026-09-25 08:37:12,23063.1
21800,1,0,35545,15219,2026-09-25 08:37:12,23063.1
21850,1,0,3944,1561,2026-09-25 08:37:12,23063.1
21900,10,2,15491,2949,2026-09-25 08:37:12,23063.1
21950,2,0,7239,3042,2026-09-25 08:37:12,23063.1
22000,9764,-893,186656,73837,2026-09-25 08:37:12,23063.1
22050,1,0,8221,4089,2026-09-25 08:37:12,23063.1
22100,24,6,16991,1885,2026-09-25 08:37:12,23063.1
22150,62,55,5021,1525,2026-09-25 08:37:12,23063.1
22200,119,37,53688,11504,2026-09-25 08:37:12,23063.1
22250,25,20,10075,1245,2026-09-25 08:37:12,23063.1
22300,27,9,50131,11293,2026-09-25 08:37:12,23063.1
22350,33,32,17340,10124,2026-09-25 08:37:12,23063.1
22400,89,78,48773,13651,2026-09-25 08:37:12,23063.1
22450,156,148,19753,11263,2026-09-25 08:37:12,23063.1
22500,10131,2066,136722,13818,2026-09-25 08:37:12,23063.1
22550,108,95,20288,5060,2026-09-25 08:37:12,23063.1
22600,913,798,52764,179,2026-09-25 08:37:12,23063.1
22650,716,15,34090,1657,2026-09-25 08:37:12,23063.1
22700,1162,712,70776,10820,2026-09-25 08:37:12,23063.1
22750,855,342,32585,10059,2026-09-25 08:37:12,23063.1
22800,5981,1835,110087,11636,2026-09-25 08:37:12,23063.1
22850,1592,1248,44370,7314,2026-09-25 08:37:12,23063.1
22900,5793,3505,86748,12812,2026-09-25 08:37:12,23063.1
22950,4107,3490,36180,6069,2026-09-25 08:37:12,23063.1
23000,59784,39234,180885,-14126,2026-09-25 08:37:12,23063.1
23050,20791,19554,42936,16063,2026-09-25 08:37:12,23063.1
23100,108764,99959,116708,56186,2026-09-25 08:37:12,23063.1
23150,50935,47280,27152,-5360,2026-09-25 08:37:12,23063.1
23200,183835,161190,74653,-20869,2026-09-25 08:37:12,23063.1
23250,151988,136743,54518,-3371,2026-09-25 08:37:12,23063.1
23300,179324,115318,85370,-56330,2026-09-25 08:37:12,23063.1
23350,68324,43849,17158,-44065,2026-09-25 08:37:12,23063.1
23400,161881,45066,61977,-116404,2026-09-25 08:37:12,23063.1
23450,72256,12845,16860,-40572,2026-09-25 08:37:12,23063.1
23500,208801,50615,83847,-36466,2026-09-25 08:37:12,23063.1
23550,64525,2450,5521,-5430,2026-09-25 08:37:12,23063.1
23600,124349,17452,22318,-5761,2026-09-25 08:37:12,23063.1
23650,69940,21608,3904,-1438,2026-09-25 08:37:12,23063.1
23700,108810,7708,11919,-4258,2026-09-25 08:37:12,23063.1
23750,46226,10792,3530,-392,2026-09-25 08:37:12,23063.1
23800,109238,-16513,20537,-2593,2026-09-25 08:37:12,23063.1
23850,36260,-6590,1828,-232,2026-09-25 08:37:12,23063.1
23900,117969,8087,12108,-2357,2026-09-25 08:37:12,23063.1
23950,32223,9315,2022,-136,2026-09-25 08:37:12,23063.1
24000,298613,63236,70883,-10067,2026-09-25 08:37:12,23063.1
24050,49527,-9666,1243,-19,2026-09-25 08:37:12,23063.1
24100,84143,18864,6866,-1398,2026-09-25 08:37:12,23063.1
24150,26913,8521,1898,-166,2026-09-25 08:37:12,23063.1
24200,139087,45545,17086,-5365,2026-09-25 08:37:12,23063.1
24250,33879,15639,2204,-30,2026-09-25 08:37:12,23063.1
24300,124054,37410,39281,-3155,2026-09-25 08:37:12,23063.1
24350,27117,11946,4598,-76,2026-09-25 08:37:12,23063.1
24400,62678,144,22343,-4981,2026-09-25 08:37:12,23063.1
24450,6210,-2852,1170,-11,2026-09-25 08:37:12,23063.1
24500,195348,58611,30954,-7353,2026-09-25 08:37:12,23063.1
24550,18479,6626,692,-18,2026-09-25 08:37:12,23063.1
24600,54056,-3128,8678,-1075,2026-09-25 08:37:12,23063.1
24650,13471,3744,525,-6,2026-09-25 08:37:12,23063.1
24700,58030,-748,2835,-442,2026-09-25 08:37:12,23063.1
24750,5406,-788,381,-5,2026-09-25 08:37:12,23063.1
24800,54736,-12133,3712,-1014,2026-09-25 08:37:12,23063.1
24850,2334,-47,172,-3,2026-09-25 08:37:12,23063.1
24900,28070,-9273,872,-262,2026-09-25 08:37:12,23063.1
24950,2064,235,71,0,2026-09-25 08:37:12,23063.1
25000,173635,-8341,20973,-5433,2026-09-25 08:37:12,23063.1
25050,1223,-288,52,-1,2026-09-25 08:37:12,23063.1
25100,14674,-5286,1344,-29,2026-09-25 08:37:12,23063.1
25150,1276,-755,25,-1,2026-09-25 08:37:12,23063.1
25200,9637,-4370,1108,-54,2026-09-25 08:37:12,23063.1
25250,921,-104,34,0,2026-09-25 08:37:12,23063.1
25300,6680,-2538,401,-18,2026-09-25 08:37:12,23063.1
25350,408,-102,16,0,2026-09-25 08:37:12,23063.1
25400,3327,-1937,325,-4,2026-09-25 08:37:12,23063.1
25450,582,-14,9,0,2026-09-25 08:37:12,23063.1
25500,43665,-6224,11938,-6222,2026-09-25 08:37:12,23063.1
25550,1462,-189,6,0,2026-09-25 08:37:12,23063.1
25600,3223,-1240,448,0,2026-09-25 08:37:12,23063.1
25650,883,206,8,0,2026-09-25 08:37:12,23063.1
25700,4133,-371,165,-8,2026-09-25 08:37:12,23063.1
25750,313,9,4,0,2026-09-25 08:37:12,23063.1
25800,5791,-640,301,-22,2026-09-25 08:37:12,23063.1
25850,286,40,0,0,2026-09-25 08:37:12,23063.1
25900,3249,837,65,-4,2026-09-25 08:37:12,23063.1
25950,405,77,1,0,2026-09-25 08:37:12,23063.1
26000,48626,-2030,22530,-3147,2026-09-25 08:37:12,23063.1
26050,382,180,1,-3,2026-09-25 08:37:12,23063.1
26100,425,22,118,-26,2026-09-25 08:37:12,23063.1
26150,259,46,1,0,2026-09-25 08:37:12,23063.1
26200,2617,55,549,-14,2026-09-25 08:37:12,23063.1
26250,356,28,0,0,2026-09-25 08:37:12,23063.1
26300,1692,-105,948,-156,2026-09-25 08:37:12,23063.1
26350,129,78,0,0,2026-09-25 08:37:12,23063.1
26400,303,-36,42,-2,2026-09-25 08:37:12,23063.1
26450,175,-32,0,0,2026-09-25 08:37:12,23063.1
26500,10260,-2677,9624,-2713,2026-09-25 08:37:12,23063.1
26550,136,-2,0,0,2026-09-25 08:37:12,23063.1
26600,600,47,0,0,2026-09-25 08:37:12,23063.1
26650,122,-19,0,0,2026-09-25 08:37:12,23063.1
26700,145,45,0,0,2026-09-25 08:37:12,23063.1
26750,225,41,1,0,2026-09-25 08:37:12,23063.1
26800,179,-34,21,0,2026-09-25 08:37:12,23063.1
26850,170,3,0,0,2026-09-25 08:37:12,23063.1
26900,217,107,1,0,2026-09-25 08:37:12,23063.1
26950,225,19,0,0,2026-09-25 08:37:12,23063.1
27000,25446,-794,19212,-2271,2026-09-25 08:37:12,23063.1
27050,351,128,0,0,2026-09-25 08:37:12,23063.1
27100,637,0,0,0,2026-09-25 08:37:12,23063.1
27150,1266,249,0,0,2026-09-25 08:37:12,23063.1
27200,3251,631,0,0,2026-09-25 08:37:12,23063.1
28500,7081,-345,5041,-508,2026-09-25 08:37:12,23063.1
30000,4290,-13,1885,-86,2026-09-25 08:37:12,23063.1
31500,248,-5,0,0,2026-09-25 08:37:12,23063.1
33000,943,291,0,0,2026-09-25 08:37:12,23063.1
34500,203,31,0,0,2026-09-25 08:37:12,23063.1
15000,0,0,1680,104,2026-09-25 08:40:15,23063.1
16500,0,0,2254,201,2026-09-25 08:40:15,23063.1
18000,12,0,12861,457,2026-09-25 08:40:15,23063.1
19500,1702,-84,15983,-2069,2026-09-25 08:40:15,23063.1
20800,0,0,0,0,2026-09-25 08:40:15,23063.1
20850,0,0,10,10,2026-09-25 08:40:15,23063.1
20900,0,0,0,0,2026-09-25 08:40:15,23063.1
20950,0,0,0,0,2026-09-25 08:40:15,23063.1
21000,6227,-627,170050,30670,2026-09-25 08:40:15,23063.1
21050,0,0,0,0,2026-09-25 08:40:15,23063.1
21100,0,0,1,1,2026-09-25 08:40:15,23063.1
21150,0,0,30,30,2026-09-25 08:40:15,23063.1
21200,0,0,285,285,2026-09-25 08:40:15,23063.1
21250,0,0,0,0,2026-09-25 08:40:15,23063.1
21300,0,0,811,811,2026-09-25 08:40:15,23063.1
21350,0,0,37674,6651,2026-09-25 08:40:15,23063.1
21400,1,0,40850,753,2026-09-25 08:40:15,23063.1
21450,0,0,3840,1151,2026-09-25 08:40:15,23063.1
21500,1,0,66111,7110,2026-09-25 08:40:15,23063.1
21550,0,0,3808,2362,2026-09-25 08:40:15,23063.1
21600,644,-7,18446,4747,2026-09-25 08:40:15,23063.1
21650,1,0,4892,2742,2026-09-25 08:40:15,23063.1
21700,0,0,23505,8324,2026-09-25 08:40:15,23063.1
21750,1,0,5380,3402,2026-09-25 08:40:15,23063.1
21800,1,0,35545,15219,2026-09-25 08:40:15,23063.1
21850,1,0,3944,1561,2026-09-25 08:40:15,23063.1
21900,10,2,15491,2949,2026-09-25 08:40:15,23063.1
21950,2,0,7239,3042,2026-09-25 08:40:15,23063.1
22000,9764,-893,186656,73837,2026-09-25 08:40:15,23063.1
22050,1,0,8221,4089,2026-09-25 08:40:15,23063.1
22100,24,6,16991,1885,2026-09-25 08:40:15,23063.1
22150,62,55,5021,1525,2026-09-25 08:40:15,23063.1
22200,119,37,53688,11504,2026-09-25 08:40:15,23063.1
22250,25,20,10075,1245,2026-09-25 08:40:15,23063.1
22300,27,9,50131,11293,2026-09-25 08:40:15,23063.1
22350,33,32,17340,10124,2026-09-25 08:40:15,23063.1
22400,89,78,48773,13651,2026-09-25 08:40:15,23063.1
22450,156,148,19753,11263,2026-09-25 08:40:15,23063.1
22500,10131,2066,136722,13818,2026-09-25 08:40:15,23063.1
22550,108,95,20288,5060,2026-09-25 08:40:15,23063.1
22600,913,798,52764,179,2026-09-25 08:40:15,23063.1
22650,716,15,34090,1657,2026-09-25 08:40:15,23063.1
22700,1162,712,70776,10820,2026-09-25 08:40:15,23063.1
22750,855,342,32585,10059,2026-09-25 08:40:15,23063.1
22800,5981,1835,110087,11636,2026-09-25 08:40:15,23063.1
22850,1592,1248,44370,7314,2026-09-25 08:40:15,23063.1
22900,5793,3505,86748,12812,2026-09-25 08:40:15,23063.1
22950,4107,3490,36180,6069,2026-09-25 08:40:15,23063.1
23000,59784,39234,180885,-14126,2026-09-25 08:40:15,23063.1
23050,20791,19554,42936,16063,2026-09-25 08:40:15,23063.1
23100,108764,99959,116708,56186,2026-09-25 08:40:15,23063.1
23150,50935,47280,27152,-5360,2026-09-25 08:40:15,23063.1
23200,183835,161190,74653,-20869,2026-09-25 08:40:15,23063.1
23250,151988,136743,54518,-3371,2026-09-25 08:40:15,23063.1
23300,179324,115318,85370,-56330,2026-09-25 08:40:15,23063.1
23350,68324,43849,17158,-44065,2026-09-25 08:40:15,23063.1
23400,161881,45066,61977,-116404,2026-09-25 08:40:15,23063.1
23450,72256,12845,16860,-40572,2026-09-25 08:40:15,23063.1
23500,208801,50615,83847,-36466,2026-09-25 08:40:15,23063.1
23550,64525,2450,5521,-5430,2026-09-25 08:40:15,23063.1
23600,124349,17452,22318,-5761,2026-09-25 08:40:15,23063.1
23650,69940,21608,3904,-1438,2026-09-25 08:40:15,23063.1
23700,108810,7708,11919,-4258,2026-09-25 08:40:15,23063.1
23750,46226,10792,3530,-392,2026-09-25 08:40:15,23063.1
23800,109238,-16513,20537,-2593,2026-09-25 08:40:15,23063.1
23850,36260,-6590,1828,-232,2026-09-25 08:40:15,23063.1
23900,117969,8087,12108,-2357,2026-09-25 08:40:15,23063.1
23950,32223,9315,2022,-136,2026-09-25 08:40:15,23063.1
24000,298613,63236,70883,-10067,2026-09-25 08:40:15,23063.1
24050,49527,-9666,1243,-19,2026-09-25 08:40:15,23063.1
24100,84143,18864,6866,-1398,2026-09-25 08:40:15,23063.1
24150,26913,8521,1898,-166,2026-09-25 08:40:15,23063.1
24200,139087,45545,17086,-5365,2026-09-25 08:40:15,23063.1
24250,33879,15639,2204,-30,2026-09-25 08:40:15,23063.1
24300,124054,37410,39281,-3155,2026-09-25 08:40:15,23063.1
24350,27117,11946,4598,-76,2026-09-25 08:40:15,23063.1
24400,62678,144,22343,-4981,2026-09-25 08:40:15,23063.1
24450,6210,-2852,1170,-11,2026-09-25 08:40:15,23063.1
24500,195348,58611,30954,-7353,2026-09-25 08:40:15,23063.1
24550,18479,6626,692,-18,2026-09-25 08:40:15,23063.1
24600,54056,-3128,8678,-1075,2026-09-25 08:40:15,23063.1
24650,13471,3744,525,-6,2026-09-25 08:40:15,23063.1
24700,58030,-748,2835,-442,2026-09-25 08:40:15,23063.1
24750,5406,-788,381,-5,2026-09-25 08:40:15,23063.1
24800,54736,-12133,3712,-1014,2026-09-25 08:40:15,23063.1
24850,2334,-47,172,-3,2026-09-25 08:40:15,23063.1
24900,28070,-9273,872,-262,2026-09-25 08:40:15,23063.1
24950,2064,235,71,0,2026-09-25 08:40:15,23063.1
25000,173635,-8341,20973,-5433,2026-09-25 08:40:15,23063.1
25050,1223,-288,52,-1,2026-09-25 08:40:15,23063.1
25100,14674,-5286,1344,-29,2026-09-25 08:40:15,23063.1
25150,1276,-755,25,-1,2026-09-25 08:40:15,23063.1
25200,9637,-4370,1108,-54,2026-09-25 08:40:15,23063.1
25250,921,-104,34,0,2026-09-25 08:40:15,23063.1
25300,6680,-2538,401,-18,2026-09-25 08:40:15,23063.1
25350,408,-102,16,0,2026-09-25 08:40:15,23063.1
25400,3327,-1937,325,-4,2026-09-25 08:40:15,23063.1
25450,582,-14,9,0,2026-09-25 08:40:15,23063.1
25500,43665,-6224,11938,-6222,2026-09-25 08:40:15,23063.1
25550,1462,-189,6,0,2026-09-25 08:40:15,23063.1
25600,3223,-1240,448,0,2026-09-25 08:40:15,23063.1
25650,883,206,8,0,2026-09-25 08:40:15,23063.1
25700,4133,-371,165,-8,2026-09-25 08:40:15,23063.1
25750,313,9,4,0,2026-09-25 08:40:15,23063.1
25800,5791,-640,301,-22,2026-09-25 08:40:15,23063.1
25850,286,40,0,0,2026-09-25 08:40:15,23063.1
25900,3249,837,65,-4,2026-09-25 08:40:15,23063.1
25950,405,77,1,0,2026-09-25 08:40:15,23063.1
26000,48626,-2030,22530,-3147,2026-09-25 08:40:15,23063.1
26050,382,180,1,-3,2026-09-25 08:40:15,23063.1
26100,425,22,118,-26,2026-09-25 08:40:15,23063.1
26150,259,46,1,0,2026-09-25 08:40:15,23063.1
26200,2617,55,549,-14,2026-09-25 08:40:15,23063.1
26250,356,28,0,0,2026-09-25 08:40:15,23063.1
26300,1692,-105,948,-156,2026-09-25 08:40:15,23063.1
26350,129,78,0,0,2026-09-25 08:40:15,23063.1
26400,303,-36,42,-2,2026-09-25 08:40:15,23063.1
26450,175,-32,0,0,2026-09-25 08:40:15,23063.1
26500,10260,-2677,9624,-2713,2026-09-25 08:40:15,23063.1
26550,136,-2,0,0,2026-09-25 08:40:15,23063.1
26600,600,47,0,0,2026-09-25 08:40:15,23063.1
26650,122,-19,0,0,2026-09-25 08:40:15,23063.1
26700,145,45,0,0,2026-09-25 08:40:15,23063.1
26750,225,41,1,0,2026-09-25 08:40:15,23063.1
26800,179,-34,21,0,2026-09-25 08:40:15,23063.1
26850,170,3,0,0,2026-09-25 08:40:15,23063.1
26900,217,107,1,0,2026-09-25 08:40:15,23063.1
26950,225,19,0,0,2026-09-25 08:40:15,23063.1
27000,25446,-794,19212,-2271,2026-09-25 08:40:15,23063.1
27050,351,128,0,0,2026-09-25 08:40:15,23063.1
27100,637,0,0,0,2026-09-25 08:40:15,23063.1
27150,1266,249,0,0,2026-09-25 08:40:15,23063.1
27200,3251,631,0,0,2026-09-25 08:40:15,23063.1
28500,7081,-345,5041,-508,2026-09-25 08:40:15,23063.1
30000,4290,-13,1885,-86,2026-09-25 08:40:15,23063.1
31500,248,-5,0,0,2026-09-25 08:40:15,23063.1
33000,943,291,0,0,2026-09-25 08:40:15,23063.1
34500,203,31,0,0,2026-09-25 08:40:15,23063.1
15000,0,0,1680,104,2026-09-25 08:40:25,23063.1
16500,0,0,2254,201,2026-09-25 08:40:25,23063.1
18000,12,0,12861,457,2026-09-25 08:40:25,23063.1
19500,1702,-84,15983,-2069,2026-09-25 08:40:25,23063.1
20800,0,0,0,0,2026-09-25 08:40:25,23063.1
20850,0,0,10,10,2026-09-25 08:40:25,23063.1
20900,0,0,0,0,2026-09-25 08:40:25,23063.1
20950,0,0,0,0,2026-09-25 08:40:25,23063.1
21000,6227,-627,170050,30670,2026-09-25 08:40:25,23063.1
21050,0,0,0,0,2026-09-25 08:40:25,23063.1
21100,0,0,1,1,2026-09-25 08:40:25,23063.1
21150,0,0,30,30,2026-09-25 08:40:25,23063.1
21200,0,0,285,285,2026-09-25 08:40:25,23063.1
21250,0,0,0,0,2026-09-25 08:40:25,23063.1
21300,0,0,811,811,2026-09-25 08:40:25,23063.1
21350,0,0,37674,6651,2026-09-25 08:40:25,23063.1
21400,1,0,40850,753,2026-09-25 08:40:25,23063.1
21450,0,0,3840,1151,2026-09-25 08:40:25,23063.1
21500,1,0,66111,7110,2026-09-25 08:40:25,23063.1
21550,0,0,3808,2362,2026-09-25 08:40:25,23063.1
21600,644,-7,18446,4747,2026-09-25 08:40:25,23063.1
21650,1,0,4892,2742,2026-09-25 08:40:25,23063.1
21700,0,0,23505,8324,2026-09-25 08:40:25,23063.1
21750,1,0,5380,3402,2026-09-25 08:40:25,23063.1
21800,1,0,35545,15219,2026-09-25 08:40:25,23063.1
21850,1,0,3944,1561,2026-09-25 08:40:25,23063.1
21900,10,2,15491,2949,2026-09-25 08:40:25,23063.1
21950,2,0,7239,3042,2026-09-25 08:40:25,23063.1
22000,9764,-893,186656,73837,2026-09-25 08:40:25,23063.1
22050,1,0,8221,4089,2026-09-25 08:40:25,23063.1
22100,24,6,16991,1885,2026-09-25 08:40:25,23063.1
22150,62,55,5021,1525,2026-09-25 08:40:25,23063.1
22200,119,37,53688,11504,2026-09-25 08:40:25,23063.1
22250,25,20,10075,1245,2026-09-25 08:40:25,23063.1
22300,27,9,50131,11293,2026-09-25 08:40:25,23063.1
22350,33,32,17340,10124,2026-09-25 08:40:25,23063.1
22400,89,78,48773,13651,2026-09-25 08:40:25,23063.1
22450,156,148,19753,11263,2026-09-25 08:40:25,23063.1
22500,10131,2066,136722,13818,2026-09-25 08:40:25,23063.1
22550,108,95,20288,5060,2026-09-25 08:40:25,23063.1
22600,913,798,52764,179,2026-09-25 08:40:25,23063.1
22650,716,15,34090,1657,2026-09-25 08:40:25,23063.1
22700,1162,712,70776,10820,2026-09-25 08:40:25,23063.1
22750,855,342,32585,10059,2026-09-25 08:40:25,23063.1
22800,5981,1835,110087,11636,2026-09-25 08:40:25,23063.1
22850,1592,1248,44370,7314,2026-09-25 08:40:25,23063.1
22900,5793,3505,86748,12812,2026-09-25 08:40:25,23063.1
22950,4107,3490,36180,6069,2026-09-25 08:40:25,23063.1
23000,59784,39234,180885,-14126,2026-09-25 08:40:25,23063.1
23050,20791,19554,42936,16063,2026-09-25 08:40:25,23063.1
23100,108764,99959,116708,56186,2026-09-25 08:40:25,23063.1
23150,50935,47280,27152,-5360,2026-09-25 08:40:25,23063.1
23200,183835,161190,74653,-20869,2026-09-25 08:40:25,23063.1
23250,151988,136743,54518,-3371,2026-09-25 08:40:25,23063.1
23300,179324,115318,85370,-56330,2026-09-25 08:40:25,23063.1
23350,68324,43849,17158,-44065,2026-09-25 08:40:25,23063.1
23400,161881,45066,61977,-116404,2026-09-25 08:40:25,23063.1
23450,72256,12845,16860,-40572,2026-09-25 08:40:25,23063.1
23500,208801,50615,83847,-36466,2026-09-25 08:40:25,23063.1
23550,64525,2450,5521,-5430,2026-09-25 08:40:25,23063.1
23600,124349,17452,22318,-5761,2026-09-25 08:40:25,23063.1
23650,69940,21608,3904,-1438,2026-09-25 08:40:25,23063.1
23700,108810,7708,11919,-4258,2026-09-25 08:40:25,23063.1
23750,46226,10792,3530,-392,2026-09-25 08:40:25,23063.1
23800,109238,-16513,20537,-2593,2026-09-25 08:40:25,23063.1
23850,36260,-6590,1828,-232,2026-09-25 08:40:25,23063.1
23900,117969,8087,12108,-2357,2026-09-25 08:40:25,23063.1
23950,32223,9315,2022,-136,2026-09-25 08:40:25,23063.1
24000,298613,63236,70883,-10067,2026-09-25 08:40:25,23063.1
24050,49527,-9666,1243,-19,2026-09-25 08:40:25,23063.1
24100,84143,18864,6866,-1398,2026-09-25 08:40:25,23063.1
24150,26913,8521,1898,-166,2026-09-25 08:40:25,23063.1
24200,139087,45545,17086,-5365,2026-09-25 08:40:25,23063.1
24250,33879,15639,2204,-30,2026-09-25 08:40:25,23063.1
24300,124054,37410,39281,-3155,2026-09-25 08:40:25,23063.1
24350,27117,11946,4598,-76,2026-09-25 08:40:25,23063.1
24400,62678,144,22343,-4981,2026-09-25 08:40:25,23063.1
24450,6210,-2852,1170,-11,2026-09-25 08:40:25,23063.1
24500,195348,58611,30954,-7353,2026-09-25 08:40:25,23063.1
24550,18479,6626,692,-18,2026-09-25 08:40:25,23063.1
24600,54056,-3128,8678,-1075,2026-09-25 08:40:25,23063.1
24650,13471,3744,525,-6,2026-09-25 08:40:25,23063.1
24700,58030,-748,2835,-442,2026-09-25 08:40:25,23063.1
24750,5406,-788,381,-5,2026-09-25 08:40:25,23063.1
24800,54736,-12133,3712,-1014,2026-09-25 08:40:25,23063.1
24850,2334,-47,172,-3,2026-09-25 08:40:25,23063.1
24900,28070,-9273,872,-262,2026-09-25 08:40:25,23063.1
24950,2064,235,71,0,2026-09-25 08:40:25,23063.1
25000,173635,-8341,20973,-5433,2026-09-25 08:40:25,23063.1
25050,1223,-288,52,-1,2026-09-25 08:40:25,23063.1
25100,14674,-5286,1344,-29,2026-09-25 08:40:25,23063.1
25150,1276,-755,25,-1,2026-09-25 08:40:25,23063.1
25200,9637,-4370,1108,-54,2026-09-25 08:40:25,23063.1
25250,921,-104,34,0,2026-09-25 08:40:25,23063.1
25300,6680,-2538,401,-18,2026-09-25 08:40:25,23063.1
25350,408,-102,16,0,2026-09-25 08:40:25,23063.1
25400,3327,-1937,325,-4,2026-09-25 08:40:25,23063.1
25450,582,-14,9,0,2026-09-25 08:40:25,23063.1
25500,43665,-6224,11938,-6222,2026-09-25 08:40:25,23063.1
25550,1462,-189,6,0,2026-09-25 08:40:25,23063.1
25600,3223,-1240,448,0,2026-09-25 08:40:25,23063.1
25650,883,206,8,0,2026-09-25 08:40:25,23063.1
25700,4133,-371,165,-8,2026-09-25 08:40:25,23063.1
25750,313,9,4,0,2026-09-25 08:40:25,23063.1
25800,5791,-640,301,-22,2026-09-25 08:40:25,23063.1
25850,286,40,0,0,2026-09-25 08:40:25,23063.1
25900,3249,837,65,-4,2026-09-25 08:40:25,23063.1
25950,405,77,1,0,2026-09-25 08:40:25,23063.1
26000,48626,-2030,22530,-3147,2026-09-25 08:40:25,23063.1
26050,382,180,1,-3,2026-09-25 08:40:25,23063.1
26100,425,22,118,-26,2026-09-25 08:40:25,23063.1
26150,259,46,1,0,2026-09-25 08:40:25,23063.1
26200,2617,55,549,-14,2026-09-25 08:40:25,23063.1
26250,356,28,0,0,2026-09-25 08:40:25,23063.1
26300,1692,-105,948,-156,2026-09-25 08:40:25,23063.1
26350,129,78,0,0,2026-09-25 08:40:25,23063.1
26400,303,-36,42,-2,2026-09-25 08:40:25,23063.1
26450,175,-32,0,0,2026-09-25 08:40:25,23063.1
26500,10260,-2677,9624,-2713,2026-09-25 08:40:25,23063.1
26550,136,-2,0,0,2026-09-25 08:40:25,23063.1
26600,600,47,0,0,2026-09-25 08:40:25,23063.1
26650,122,-19,0,0,2026-09-25 08:40:25,23063.1
26700,145,45,0,0,2026-09-25 08:40:25,23063.1
26750,225,41,1,0,2026-09-25 08:40:25,23063.1
26800,179,-34,21,0,2026-09-25 08:40:25,23063.1
26850,170,3,0,0,2026-09-25 08:40:25,23063.1
26900,217,107,1,0,2026-09-25 08:40:25,23063.1
26950,225,19,0,0,2026-09-25 08:40:25,23063.1
27000,25446,-794,19212,-2271,2026-09-25 08:40:25,23063.1
27050,351,128,0,0,2026-09-25 08:40:25,23063.1
27100,637,0,0,0,2026-09-25 08:40:25,23063.1
27150,1266,249,0,0,2026-09-25 08:40:25,23063.1
27200,3251,631,0,0,2026-09-25 08:40:25,23063.1
28500,7081,-345,5041,-508,2026-09-25 08:40:25,23063.1
30000,4290,-13,1885,-86,2026-09-25 08:40:25,23063.1
31500,248,-5,0,0,2026-09-25 08:40:25,23063.1
33000,943,291,0,0,2026-09-25 08:40:25,23063.1
34500,203,31,0,0,2026-09-25 08:40:25,23063.1
15000,0,0,1680,104,2026-09-25 08:41:14,23063.1
16500,0,0,2254,201,2026-09-25 08:41:14,23063.1
18000,12,0,12861,457,2026-09-25 08:41:14,23063.1
19500,1702,-84,15983,-2069,2026-09-25 08:41:14,23063.1
20800,0,0,0,0,2026-09-25 08:41:14,23063.1
20850,0,0,10,10,2026-09-25 08:41:14,23063.1
20900,0,0,0,0,2026-09-25 08:41:14,23063.1
20950,0,0,0,0,2026-09-25 08:41:14,23063.1
21000,6227,-627,170050,30670,2026-09-25 08:41:14,23063.1
21050,0,0,0,0,2026-09-25 08:41:14,23063.1
21100,0,0,1,1,2026-09-25 08:41:14,23063.1
21150,0,0,30,30,2026-09-25 08:41:14,23063.1
21200,0,0,285,285,2026-09-25 08:41:14,23063.1
21250,0,0,0,0,2026-09-25 08:41:14,23063.1
21300,0,0,811,811,2026-09-25 08:41:14,23063.1
21350,0,0,37674,6651,2026-09-25 08:41:14,23063.1
21400,1,0,40850,753,2026-09-25 08:41:14,23063.1
21450,0,0,3840,1151,2026-09-25 08:41:14,23063.1
21500,1,0,66111,7110,2026-09-25 08:41:14,23063.1
21550,0,0,3808,2362,2026-09-25 08:41:14,23063.1
21600,644,-7,18446,4747,2026-09-25 08:41:14,23063.1
21650,1,0,4892,2742,2026-09-25 08:41:14,23063.1
21700,0,0,23505,8324,2026-09-25 08:41:14,23063.1
21750,1,0,5380,3402,2026-09-25 08:41:14,23063.1
21800,1,0,35545,15219,2026-09-25 08:41:14,23063.1
21850,1,0,3944,1561,2026-09-25 08:41:14,23063.1
21900,10,2,15491,2949,2026-09-25 08:41:14,23063.1
21950,2,0,7239,3042,2026-09-25 08:41:14,23063.1
22000,9764,-893,186656,73837,2026-09-25 08:41:14,23063.1
22050,1,0,8221,4089,2026-09-25 08:41:14,23063.1
22100,24,6,16991,1885,2026-09-25 08:41:14,23063.1
22150,62,55,5021,1525,2026-09-25 08:41:14,23063.1
22200,119,37,53688,11504,2026-09-25 08:41:14,23063.1
22250,25,20,10075,1245,2026-09-25 08:41:14,23063.1
22300,27,9,50131,11293,2026-09-25 08:41:14,23063.1
22350,33,32,17340,10124,2026-09-25 08:41:14,23063.1
22400,89,78,48773,13651,2026-09-25 08:41:14,23063.1
22450,156,148,19753,11263,2026-09-25 08:41:14,23063.1
22500,10131,2066,136722,13818,2026-09-25 08:41:14,23063.1
22550,108,95,20288,5060,2026-09-25 08:41:14,23063.1
22600,913,798,52764,179,2026-09-25 08:41:14,23063.1
22650,716,15,34090,1657,2026-09-25 08:41:14,23063.1
22700,1162,712,70776,10820,2026-09-25 08:41:14,23063.1
22750,855,342,32585,10059,2026-09-25 08:41:14,23063.1
22800,5981,1835,110087,11636,2026-09-25 08:41:14,23063.1
22850,1592,1248,44370,7314,2026-09-25 08:41:14,23063.1
22900,5793,3505,86748,12812,2026-09-25 08:41:14,23063.1
22950,4107,3490,36180,6069,2026-09-25 08:41:14,23063.1
23000,59784,39234,180885,-14126,2026-09-25 08:41:14,23063.1
23050,20791,19554,42936,16063,2026-09-25 08:41:14,23063.1
23100,108764,99959,116708,56186,2026-09-25 08:41:14,23063.1
23150,50935,47280,27152,-5360,2026-09-25 08:41:14,23063.1
23200,183835,161190,74653,-20869,2026-09-25 08:41:14,23063.1
23250,151988,136743,54518,-3371,2026-09-25 08:41:14,23063.1
23300,179324,115318,85370,-56330,2026-09-25 08:41:14,23063.1
23350,68324,43849,17158,-44065,2026-09-25 08:41:14,23063.1
23400,161881,45066,61977,-116404,2026-09-25 08:41:14,23063.1
23450,72256,12845,16860,-40572,2026-09-25 08:41:14,23063.1
23500,208801,50615,83847,-36466,2026-09-25 08:41:14,23063.1
23550,64525,2450,5521,-5430,2026-09-25 08:41:14,23063.1
23600,124349,17452,22318,-5761,2026-09-25 08:41:14,23063.1
23650,69940,21608,3904,-1438,2026-09-25 08:41:14,23063.1
23700,108810,7708,11919,-4258,2026-09-25 08:41:14,23063.1
23750,46226,10792,3530,-392,2026-09-25 08:41:14,23063.1
23800,109238,-16513,20537,-2593,2026-09-25 08:41:14,23063.1
23850,36260,-6590,1828,-232,2026-09-25 08:41:14,23063.1
23900,117969,8087,12108,-2357,2026-09-25 08:41:14,23063.1
23950,32223,9315,2022,-136,2026-09-25 08:41:14,23063.1
24000,298613,63236,70883,-10067,2026-09-25 08:41:14,23063.1
24050,49527,-9666,1243,-19,2026-09-25 08:41:14,23063.1
24100,84143,18864,6866,-1398,2026-09-25 08:41:14,23063.1
24150,26913,8521,1898,-166,2026-09-25 08:41:14,23063.1
24200,139087,45545,17086,-5365,2026-09-25 08:41:14,23063.1
24250,33879,15639,2204,-30,2026-09-25 08:41:14,23063.1
24300,124054,37410,39281,-3155,2026-09-25 08:41:14,23063.1
24350,27117,11946,4598,-76,2026-09-25 08:41:14,23063.1
24400,62678,144,22343,-4981,2026-09-25 08:41:14,23063.1
24450,6210,-2852,1170,-11,2026-09-25 08:41:14,23063.1
24500,195348,58611,30954,-7353,2026-09-25 08:41:14,23063.1
24550,18479,6626,692,-18,2026-09-25 08:41:14,23063.1
24600,54056,-3128,8678,-1075,2026-09-25 08:41:14,23063.1
24650,13471,3744,525,-6,2026-09-25 08:41:14,23063.1
24700,58030,-748,2835,-442,2026-09-25 08:41:14,23063.1
24750,5406,-788,381,-5,2026-09-25 08:41:14,23063.1
24800,54736,-12133,3712,-1014,2026-09-25 08:41:14,23063.1
24850,2334,-47,172,-3,2026-09-25 08:41:14,23063.1
24900,28070,-9273,872,-262,2026-09-25 08:41:14,23063.1
24950,2064,235,71,0,2026-09-25 08:41:14,23063.1
25000,173635,-8341,20973,-5433,2026-09-25 08:41:14,23063.1
25050,1223,-288,52,-1,2026-09-25 08:41:14,23063.1
25100,14674,-5286,1344,-29,2026-09-25 08:41:14,23063.1
25150,1276,-755,25,-1,2026-09-25 08:41:14,23063.1
25200,9637,-4370,1108,-54,2026-09-25 08:41:14,23063.1
25250,921,-104,34,0,2026-09-25 08:41:14,23063.1
25300,6680,-2538,401,-18,2026-09-25 08:41:14,23063.1
25350,408,-102,16,0,2026-09-25 08:41:14,23063.1
25400,3327,-1937,325,-4,2026-09-25 08:41:14,23063.1
25450,582,-14,9,0,2026-09-25 08:41:14,23063.1
25500,43665,-6224,11938,-6222,2026-09-25 08:41:14,23063.1
25550,1462,-189,6,0,2026-09-25 08:41:14,23063.1
25600,3223,-1240,448,0,2026-09-25 08:41:14,23063.1
25650,883,206,8,0,2026-09-25 08:41:14,23063.1
25700,4133,-371,165,-8,2026-09-25 08:41:14,23063.1
25750,313,9,4,0,2026-09-25 08:41:14,23063.1
25800,5791,-640,301,-22,2026-09-25 08:41:14,23063.1
25850,286,40,0,0,2026-09-25 08:41:14,23063.1
25900,3249,837,65,-4,2026-09-25 08:41:14,23063.1
25950,405,77,1,0,2026-09-25 08:41:14,23063.1
26000,48626,-2030,22530,-3147,2026-09-25 08:41:14,23063.1
26050,382,180,1,-3,2026-09-25 08:41:14,23063.1
26100,425,22,118,-26,2026-09-25 08:41:14,23063.1
26150,259,46,1,0,2026-09-25 08:41:14,23063.1
26200,2617,55,549,-14,2026-09-25 08:41:14,23063.1
26250,356,28,0,0,2026-09-25 08:41:14,23063.1
26300,1692,-105,948,-156,2026-09-25 08:41:14,23063.1
26350,129,78,0,0,2026-09-25 08:41:14,23063.1
26400,303,-36,42,-2,2026-09-25 08:41:14,23063.1
26450,175,-32,0,0,2026-09-25 08:41:14,23063.1
26500,10260,-2677,9624,-2713,2026-09-25 08:41:14,23063.1
26550,136,-2,0,0,2026-09-25 08:41:14,23063.1
26600,600,47,0,0,2026-09-25 08:41:14,23063.1
26650,122,-19,0,0,2026-09-25 08:41:14,23063.1
26700,145,45,0,0,2026-09-25 08:41:14,23063.1
26750,225,41,1,0,2026-09-25 08:41:14,23063.1
26800,179,-34,21,0,2026-09-25 08:41:14,23063.1
26850,170,3,0,0,2026-09-25 08:41:14,23063.1
26900,217,107,1,0,2026-09-25 08:41:14,23063.1
26950,225,19,0,0,2026-09-25 08:41:14,23063.1
27000,25446,-794,19212,-2271,2026-09-25 08:41:14,23063.1
27050,351,128,0,0,2026-09-25 08:41:14,23063.1
27100,637,0,0,0,2026-09-25 08:41:14,23063.1
27150,1266,249,0,0,2026-09-25 08:41:14,23063.1
27200,3251,631,0,0,2026-09-25 08:41:14,23063.1
28500,7081,-345,5041,-508,2026-09-25 08:41:14,23063.1
30000,4290,-13,1885,-86,2026-09-25 08:41:14,23063.1
31500,248,-5,0,0,2026-09-25 08:41:14,23063.1
33000,943,291,0,0,2026-09-25 08:41:14,23063.1
34500,203,31,0,0,2026-09-25 08:41:14,23063.1
15000,0,0,1680,104,2026-09-25 08:43:19,23063.1
16500,0,0,2254,201,2026-09-25 08:43:19,23063.1
18000,12,0,12861,457,2026-09-25 08:43:19,23063.1
19500,1702,-84,15983,-2069,2026-09-25 08:43:19,23063.1
20800,0,0,0,0,2026-09-25 08:43:19,23063.1
20850,0,0,10,10,2026-09-25 08:43:19,23063.1
20900,0,0,0,0,2026-09-25 08:43:19,23063.1
20950,0,0,0,0,2026-09-25 08:43:19,23063.1
21000,6227,-627,170050,30670,2026-09-25 08:43:19,23063.1
21050,0,0,0,0,2026-09-25 08:43:19,23063.1
21100,0,0,1,1,2026-09-25 08:43:19,23063.1
21150,0,0,30,30,2026-09-25 08:43:19,23063.1
21200,0,0,285,285,2026-09-25 08:43:19,23063.1
21250,0,0,0,0,2026-09-25 08:43:19,23063.1
21300,0,0,811,811,2026-09-25 08:43:19,23063.1
21350,0,0,37674,6651,2026-09-25 08:43:19,23063.1
21400,1,0,40850,753,2026-09-25 08:43:19,23063.1
21450,0,0,3840,1151,2026-09-25 08:43:19,23063.1
21500,1,0,66111,7110,2026-09-25 08:43:19,23063.1
21550,0,0,3808,2362,2026-09-25 08:43:19,23063.1
21600,644,-7,18446,4747,2026-09-25 08:43:19,23063.1
21650,1,0,4892,2742,2026-09-25 08:43:19,23063.1
21700,0,0,23505,8324,2026-09-25 08:43:19,23063.1
21750,1,0,5380,3402,2026-09-25 08:43:19,23063.1
21800,1,0,35545,15219,2026-09-25 08:43:19,23063.1
21850,1,0,3944,1561,2026-09-25 08:43:19,23063.1
21900,10,2,15491,2949,2026-09-25 08:43:19,23063.1
21950,2,0,7239,3042,2026-09-25 08:43:19,23063.1
22000,9764,-893,186656,73837,2026-09-25 08:43:19,23063.1
22050,1,0,8221,4089,2026-09-25 08:43:19,23063.1
22100,24,6,16991,1885,2026-09-25 08:43:19,23063.1
22150,62,55,5021,1525,2026-09-25 08:43:19,23063.1
22200,119,37,53688,11504,2026-09-25 08:43:19,23063.1
22250,25,20,10075,1245,2026-09-25 08:43:19,23063.1
22300,27,9,50131,11293,2026-09-25 08:43:19,23063.1
22350,33,32,17340,10124,2026-09-25 08:43:19,23063.1
22400,89,78,48773,13651,2026-09-25 08:43:19,23063.1
22450,156,148,19753,11263,2026-09-25 08:43:19,23063.1
22500,10131,2066,136722,13818,2026-09-25 08:43:19,23063.1
22550,108,95,20288,5060,2026-09-25 08:43:19,23063.1
22600,913,798,52764,179,2026-09-25 08:43:19,23063.1
22650,716,15,34090,1657,2026-09-25 08:43:19,23063.1
22700,1162,712,70776,10820,2026-09-25 08:43:19,23063.1
22750,855,342,32585,10059,2026-09-25 08:43:19,23063.1
22800,5981,1835,110087,11636,2026-09-25 08:43:19,23063.1
22850,1592,1248,44370,7314,2026-09-25 08:43:19,23063.1
22900,5793,3505,86748,12812,2026-09-25 08:43:19,23063.1
22950,4107,3490,36180,6069,2026-09-25 08:43:19,23063.1
23000,59784,39234,180885,-14126,2026-09-25 08:43:19,23063.1
23050,20791,19554,42936,16063,2026-09-25 08:43:19,23063.1
23100,108764,99959,116708,56186,2026-09-25 08:43:19,23063.1
23150,50935,47280,27152,-5360,2026-09-25 08:43:19,23063.1
23200,183835,161190,74653,-20869,2026-09-25 08:43:19,23063.1
23250,151988,136743,54518,-3371,2026-09-25 08:43:19,23063.1
23300,179324,115318,85370,-56330,2026-09-25 08:43:19,23063.1
23350,68324,43849,17158,-44065,2026-09-25 08:43:19,23063.1
23400,161881,45066,61977,-116404,2026-09-25 08:43:19,23063.1
23450,72256,12845,16860,-40572,2026-09-25 08:43:19,23063.1
23500,208801,50615,83847,-36466,2026-09-25 08:43:19,23063.1
23550,64525,2450,5521,-5430,2026-09-25 08:43:19,23063.1
23600,124349,17452,22318,-5761,2026-09-25 08:43:19,23063.1
23650,69940,21608,3904,-1438,2026-09-25 08:43:19,23063.1
23700,108810,7708,11919,-4258,2026-09-25 08:43:19,23063.1
23750,46226,10792,3530,-392,2026-09-25 08:43:19,23063.1
23800,109238,-16513,20537,-2593,2026-09-25 08:43:19,23063.1
23850,36260,-6590,1828,-232,2026-09-25 08:43:19,23063.1
23900,117969,8087,12108,-2357,2026-09-25 08:43:19,23063.1
23950,32223,9315,2022,-136,2026-09-25 08:43:19,23063.1
24000,298613,63236,70883,-10067,2026-09-25 08:43:19,23063.1
24050,49527,-9666,1243,-19,2026-09-25 08:43:19,23063.1
24100,84143,18864,6866,-1398,2026-09-25 08:43:19,23063.1
24150,26913,8521,1898,-166,2026-09-25 08:43:19,23063.1
24200,139087,45545,17086,-5365,2026-09-25 08:43:19,23063.1
24250,33879,15639,2204,-30,2026-09-25 08:43:19,23063.1
24300,124054,37410,39281,-3155,2026-09-25 08:43:19,23063.1
24350,27117,11946,4598,-76,2026-09-25 08:43:19,23063.1
24400,62678,144,22343,-4981,2026-09-25 08:43:19,23063.1
24450,6210,-2852,1170,-11,2026-09-25 08:43:19,23063.1
24500,195348,58611,30954,-7353,2026-09-25 08:43:19,23063.1
24550,18479,6626,692,-18,2026-09-25 08:43:19,23063.1
24600,54056,-3128,8678,-1075,2026-09-25 08:43:19,23063.1
24650,13471,3744,525,-6,2026-09-25 08:43:19,23063.1
24700,58030,-748,2835,-442,2026-09-25 08:43:19,23063.1
24750,5406,-788,381,-5,2026-09-25 08:43:19,23063.1
24800,54736,-12133,3712,-1014,2026-09-25 08:43:19,23063.1
24850,2334,-47,172,-3,2026-09-25 08:43:19,23063.1
24900,28070,-9273,872,-262,2026-09-25 08:43:19,23063.1
24950,2064,235,71,0,2026-09-25 08:43:19,23063.1
25000,173635,-8341,20973,-5433,2026-09-25 08:43:19,23063.1
25050,1223,-288,52,-1,2026-09-25 08:43:19,23063.1
25100,14674,-5286,1344,-29,2026-09-25 08:43:19,23063.1
25150,1276,-755,25,-1,2026-09-25 08:43:19,23063.1
25200,9637,-4370,1108,-54,2026-09-25 08:43:19,23063.1
25250,921,-104,34,0,2026-09-25 08:43:19,23063.1
25300,6680,-2538,401,-18,2026-09-25 08:43:19,23063.1
25350,408,-102,16,0,2026-09-25 08:43:19,23063.1
25400,3327,-1937,325,-4,2026-09-25 08:43:19,23063.1
25450,582,-14,9,0,2026-09-25 08:43:19,23063.1
25500,43665,-6224,11938,-6222,2026-09-25 08:43:19,23063.1
25550,1462,-189,6,0,2026-09-25 08:43:19,23063.1
25600,3223,-1240,448,0,2026-09-25 08:43:19,23063.1
25650,883,206,8,0,2026-09-25 08:43:19,23063.1
25700,4133,-371,165,-8,2026-09-25 08:43:19,23063.1
25750,313,9,4,0,2026-09-25 08:43:19,23063.1
25800,5791,-640,301,-22,2026-09-25 08:43:19,23063.1
25850,286,40,0,0,2026-09-25 08:43:19,23063.1
25900,3249,837,65,-4,2026-09-25 08:43:19,23063.1
25950,405,77,1,0,2026-09-25 08:43:19,23063.1
26000,48626,-2030,22530,-3147,2026-09-25 08:43:19,23063.1
26050,382,180,1,-3,2026-09-25 08:43:19,23063.1
26100,425,22,118,-26,2026-09-25 08:43:19,23063.1
26150,259,46,1,0,2026-09-25 08:43:19,23063.1
26200,2617,55,549,-14,2026-09-25 08:43:19,23063.1
26250,356,28,0,0,2026-09-25 08:43:19,23063.1
26300,1692,-105,948,-156,2026-09-25 08:43:19,23063.1
26350,129,78,0,0,2026-09-25 08:43:19,23063.1
26400,303,-36,42,-2,2026-09-25 08:43:19,23063.1
26450,175,-32,0,0,2026-09-25 08:43:19,23063.1
26500,10260,-2677,9624,-2713,2026-09-25 08:43:19,23063.1
26550,136,-2,0,0,2026-09-25 08:43:19,23063.1
26600,600,47,0,0,2026-09-25 08:43:19,23063.1
26650,122,-19,0,0,2026-09-25 08:43:19,23063.1
26700,145,45,0,0,2026-09-25 08:43:19,23063.1
26750,225,41,1,0,2026-09-25 08:43:19,23063.1
26800,179,-34,21,0,2026-09-25 08:43:19,23063.1
26850,170,3,0,0,2026-09-25 08:43:19,23063.1
26900,217,107,1,0,2026-09-25 08:43:19,23063.1
26950,225,19,0,0,2026-09-25 08:43:19,23063.1
27000,25446,-794,19212,-2271,2026-09-25 08:43:19,23063.1
27050,351,128,0,0,2026-09-25 08:43:19,23063.1
27100,637,0,0,0,2026-09-25 08:43:19,23063.1
27150,1266,249,0,0,2026-09-25 08:43:19,23063.1
27200,3251,631,0,0,2026-09-25 08:43:19,23063.1
28500,7081,-345,5041,-508,2026-09-25 08:43:19,23063.1
30000,4290,-13,1885,-86,2026-09-25 08:43:19,23063.1
31500,248,-5,0,0,2026-09-25 08:43:19,23063.1
33000,943,291,0,0,2026-09-25 08:43:19,23063.1
34500,203,31,0,0,2026-09-25 08:43:19,23063.1
15000,0,0,1680,104,2026-09-25 08:46:23,23063.1
16500,0,0,2254,201,2026-09-25 08:46:23,23063.1
18000,12,0,12861,457,2026-09-25 08:46:23,23063.1
19500,1702,-84,15983,-2069,2026-09-25 08:46:23,23063.1
20800,0,0,0,0,2026-09-25 08:46:23,23063.1
20850,0,0,10,10,2026-09-25 08:46:23,23063.1
20900,0,0,0,0,2026-09-25 08:46:23,23063.1
20950,0,0,0,0,2026-09-25 08:46:23,23063.1
21000,6227,-627,170050,30670,2026-09-25 08:46:23,23063.1
21050,0,0,0,0,2026-09-25 08:46:23,23063.1
21100,0,0,1,1,2026-09-25 08:46:23,23063.1
21150,0,0,30,30,2026-09-25 08:46:23,23063.1
21200,0,0,285,285,2026-09-25 08:46:23,23063.1
21250,0,0,0,0,2026-09-25 08:46:23,23063.1
21300,0,0,811,811,2026-09-25 08:46:23,23063.1
21350,0,0,37674,6651,2026-09-25 08:46:23,23063.1
21400,1,0,40850,753,2026-09-25 08:46:23,23063.1
21450,0,0,3840,1151,2026-09-25 08:46:23,23063.1
21500,1,0,66111,7110,2026-09-25 08:46:23,23063.1
21550,0,0,3808,2362,2026-09-25 08:46:23,23063.1
21600,644,-7,18446,4747,2026-09-25 08:46:23,23063.1
21650,1,0,4892,2742,2026-09-25 08:46:23,23063.1
21700,0,0,23505,8324,2026-09-25 08:46:23,23063.1
21750,1,0,5380,3402,2026-09-25 08:46:23,23063.1
21800,1,0,35545,15219,2026-09-25 08:46:23,23063.1
21850,1,0,3944,1561,2026-09-25 08:46:23,23063.1
21900,10,2,15491,2949,2026-09-25 08:46:23,23063.1
21950,2,0,7239,3042,2026-09-25 08:46:23,23063.1
22000,9764,-893,186656,73837,2026-09-25 08:46:23,23063.1
22050,1,0,8221,4089,2026-09-25 08:46:23,23063.1
22100,24,6,16991,1885,2026-09-25 08:46:23,23063.1
22150,62,55,5021,1525,2026-09-25 08:46:23,23063.1
22200,119,37,53688,11504,2026-09-25 08:46:23,23063.1
22250,25,20,10075,1245,2026-09-25 08:46:23,23063.1
22300,27,9,50131,11293,2026-09-25 08:46:23,23063.1
22350,33,32,17340,10124,2026-09-25 08:46:23,23063.1
22400,89,78,48773,13651,2026-09-25 08:46:23,23063.1
22450,156,148,19753,11263,2026-09-25 08:46:23,23063.1
22500,10131,2066,136722,13818,2026-09-25 08:46:23,23063.1
22550,108,95,20288,5060,2026-09-25 08:46:23,23063.1
22600,913,798,52764,179,2026-09-25 08:46:23,23063.1
22650,716,15,34090,1657,2026-09-25 08:46:23,23063.1
22700,1162,712,70776,10820,2026-09-25 08:46:23,23063.1
22750,855,342,32585,10059,2026-09-25 08:46:23,23063.1
22800,5981,1835,110087,11636,2026-09-25 08:46:23,23063.1
22850,1592,1248,44370,7314,2026-09-25 08:46:23,23063.1
22900,5793,3505,86748,12812,2026-09-25 08:46:23,23063.1
22950,4107,3490,36180,6069,2026-09-25 08:46:23,23063.1
23000,59784,39234,180885,-14126,2026-09-25 08:46:23,23063.1
23050,20791,19554,42936,16063,2026-09-25 08:46:23,23063.1
23100,108764,99959,116708,56186,2026-09-25 08:46:23,23063.1
23150,50935,47280,27152,-5360,2026-09-25 08:46:23,23063.1
23200,183835,161190,74653,-20869,2026-09-25 08:46:23,23063.1
23250,151988,136743,54518,-3371,2026-09-25 08:46:23,23063.1
23300,179324,115318,85370,-56330,2026-09-25 08:46:23,23063.1
23350,68324,43849,17158,-44065,2026-09-25 08:46:23,23063.1
23400,161881,45066,61977,-116404,2026-09-25 08:46:23,23063.1
23450,72256,12845,16860,-40572,2026-09-25 08:46:23,23063.1
23500,208801,50615,83847,-36466,2026-09-25 08:46:23,23063.1
23550,64525,2450,5521,-5430,2026-09-25 08:46:23,23063.1
23600,124349,17452,22318,-5761,2026-09-25 08:46:23,23063.1
23650,69940,21608,3904,-1438,2026-09-25 08:46:23,23063.1
23700,108810,7708,11919,-4258,2026-09-25 08:46:23,23063.1
23750,46226,10792,3530,-392,2026-09-25 08:46:23,23063.1
23800,109238,-16513,20537,-2593,2026-09-25 08:46:23,23063.1
23850,36260,-6590,1828,-232,2026-09-25 08:46:23,23063.1
23900,117969,8087,12108,-2357,2026-09-25 08:46:23,23063.1
23950,32223,9315,2022,-136,2026-09-25 08:46:23,23063.1
24000,298613,63236,70883,-10067,2026-09-25 08:46:23,23063.1
24050,49527,-9666,1243,-19,2026-09-25 08:46:23,23063.1
24100,84143,18864,6866,-1398,2026-09-25 08:46:23,23063.1
24150,26913,8521,1898,-166,2026-09-25 08:46:23,23063.1
24200,139087,45545,17086,-5365,2026-09-25 08:46:23,23063.1
24250,33879,15639,2204,-30,2026-09-25 08:46:23,23063.1
24300,124054,37410,39281,-3155,2026-09-25 08:46:23,23063.1
24350,27117,11946,4598,-76,2026-09-25 08:46:23,23063.1
24400,62678,144,22343,-4981,2026-09-25 08:46:23,23063.1
24450,6210,-2852,1170,-11,2026-09-25 08:46:23,23063.1
24500,195348,58611,30954,-7353,2026-09-25 08:46:23,23063.1
24550,18479,6626,692,-18,2026-09-25 08:46:23,23063.1
24600,54056,-3128,8678,-1075,2026-09-25 08:46:23,23063.1
24650,13471,3744,525,-6,2026-09-25 08:46:23,23063.1
24700,58030,-748,2835,-442,2026-09-25 08:46:23,23063.1
24750,5406,-788,381,-5,2026-09-25 08:46:23,23063.1
24800,54736,-12133,3712,-1014,2026-09-25 08:46:23,23063.1
24850,2334,-47,172,-3,2026-09-25 08:46:23,23063.1
24900,28070,-9273,872,-262,2026-09-25 08:46:23,23063.1
24950,2064,235,71,0,2026-09-25 08:46:23,23063.1
25000,173635,-8341,20973,-5433,2026-09-25 08:46:23,23063.1
25050,1223,-288,52,-1,2026-09-25 08:46:23,23063.1
25100,14674,-5286,1344,-29,2026-09-25 08:46:23,23063.1
25150,1276,-755,25,-1,2026-09-25 08:46:23,23063.1
25200,9637,-4370,1108,-54,2026-09-25 08:46:23,23063.1
25250,921,-104,34,0,2026-09-25 08:46:23,23063.1
25300,6680,-2538,401,-18,2026-09-25 08:46:23,23063.1
25350,408,-102,16,0,2026-09-25 08:46:23,23063.1
25400,3327,-1937,325,-4,2026-09-25 08:46:23,23063.1
25450,582,-14,9,0,2026-09-25 08:46:23,23063.1
25500,43665,-6224,11938,-6222,2026-09-25 08:46:23,23063.1
25550,1462,-189,6,0,2026-09-25 08:46:23,23063.1
25600,3223,-1240,448,0,2026-09-25 08:46:23,23063.1
25650,883,206,8,0,2026-09-25 08:46:23,23063.1
25700,4133,-371,165,-8,2026-09-25 08:46:23,23063.1
25750,313,9,4,0,2026-09-25 08:46:23,23063.1
25800,5791,-640,301,-22,2026-09-25 08:46:23,23063.1
25850,286,40,0,0,2026-09-25 08:46:23,23063.1
25900,3249,837,65,-4,2026-09-25 08:46:23,23063.1
25950,405,77,1,0,2026-09-25 08:46:23,23063.1
26000,48626,-2030,22530,-3147,2026-09-25 08:46:23,23063.1
26050,382,180,1,-3,2026-09-25 08:46:23,23063.1
26100,425,22,118,-26,2026-09-25 08:46:23,23063.1
26150,259,46,1,0,2026-09-25 08:46:23,23063.1
26200,2617,55,549,-14,2026-09-25 08:46:23,23063.1
26250,356,28,0,0,2026-09-25 08:46:23,23063.1
26300,1692,-105,948,-156,2026-09-25 08:46:23,23063.1
26350,129,78,0,0,2026-09-25 08:46:23,23063.1
26400,303,-36,42,-2,2026-09-25 08:46:23,23063.1
26450,175,-32,0,0,2026-09-25 08:46:23,23063.1
26500,10260,-2677,9624,-2713,2026-09-25 08:46:23,23063.1
26550,136,-2,0,0,2026-09-25 08:46:23,23063.1
26600,600,47,0,0,2026-09-25 08:46:23,23063.1
26650,122,-19,0,0,2026-09-25 08:46:23,23063.1
26700,145,45,0,0,2026-09-25 08:46:23,23063.1
26750,225,41,1,0,2026-09-25 08:46:23,23063.1
26800,179,-34,21,0,2026-09-25 08:46:23,23063.1
26850,170,3,0,0,2026-09-25 08:46:23,23063.1
26900,217,107,1,0,2026-09-25 08:46:23,23063.1
26950,225,19,0,0,2026-09-25 08:46:23,23063.1
27000,25446,-794,19212,-2271,2026-09-25 08:46:23,23063.1
27050,351,128,0,0,2026-09-25 08:46:23,23063.1
27100,637,0,0,0,2026-09-25 08:46:23,23063.1
27150,1266,249,0,0,2026-09-25 08:46:23,23063.1
27200,3251,631,0,0,2026-09-25 08:46:23,23063.1
28500,7081,-345,5041,-508,2026-09-25 08:46:23,23063.1
30000,4290,-13,1885,-86,2026-09-25 08:46:23,23063.1
31500,248,-5,0,0,2026-09-25 08:46:23,23063.1
33000,943,291,0,0,2026-09-25 08:46:23,23063.1
34500,203,31,0,0,2026-09-25 08:46:23,23063.1
15000,0,0,1680,104,2026-09-25 08:49:28,23063.1
16500,0,0,2254,201,2026-09-25 08:49:28,23063.1
18000,12,0,12861,457,2026-09-25 08:49:28,23063.1
19500,1702,-84,15983,-2069,2026-09-25 08:49:28,23063.1
20800,0,0,0,0,2026-09-25 08:49:28,23063.1
20850,0,0,10,10,2026-09-25 08:49:28,23063.1
20900,0,0,0,0,2026-09-25 08:49:28,23063.1
20950,0,0,0,0,2026-09-25 08:49:28,23063.1
21000,6227,-627,170050,30670,2026-09-25 08:49:28,23063.1
21050,0,0,0,0,2026-09-25 08:49:28,23063.1
21100,0,0,1,1,2026-09-25 08:49:28,23063.1
21150,0,0,30,30,2026-09-25 08:49:28,23063.1
21200,0,0,285,285,2026-09-25 08:49:28,23063.1
21250,0,0,0,0,2026-09-25 08:49:28,23063.1
21300,0,0,811,811,2026-09-25 08:49:28,23063.1
21350,0,0,37674,6651,2026-09-25 08:49:28,23063.1
21400,1,0,40850,753,2026-09-25 08:49:28,23063.1
21450,0,0,3840,1151,2026-09-25 08:49:28,23063.1
21500,1,0,66111,7110,2026-09-25 08:49:28,23063.1
21550,0,0,3808,2362,2026-09-25 08:49:28,23063.1
21600,644,-7,18446,4747,2026-09-25 08:49:28,23063.1
21650,1,0,4892,2742,2026-09-25 08:49:28,23063.1
21700,0,0,23505,8324,2026-09-25 08:49:28,23063.1
21750,1,0,5380,3402,2026-09-25 08:49:28,23063.1
21800,1,0,35545,15219,2026-09-25 08:49:28,23063.1
21850,1,0,3944,1561,2026-09-25 08:49:28,23063.1
21900,10,2,15491,2949,2026-09-25 08:49:28,23063.1
21950,2,0,7239,3042,2026-09-25 08:49:28,23063.1
22000,9764,-893,186656,73837,2026-09-25 08:49:28,23063.1
22050,1,0,8221,4089,2026-09-25 08:49:28,23063.1
22100,24,6,16991,1885,2026-09-25 08:49:28,23063.1
22150,62,55,5021,1525,2026-09-25 08:49:28,23063.1
22200,119,37,53688,11504,2026-09-25 08:49:28,23063.1
22250,25,20,10075,1245,2026-09-25 08:49:28,23063.1
22300,27,9,50131,11293,2026-09-25 08:49:28,23063.1
22350,33,32,17340,10124,2026-09-25 08:49:28,23063.1
22400,89,78,48773,13651,2026-09-25 08:49:28,23063.1
22450,156,148,19753,11263,2026-09-25 08:49:28,23063.1
22500,10131,2066,136722,13818,2026-09-25 08:49:28,23063.1
22550,108,95,20288,5060,2026-09-25 08:49:28,23063.1
22600,913,798,52764,179,2026-09-25 08:49:28,23063.1
22650,716,15,34090,1657,2026-09-25 08:49:28,23063.1
22700,1162,712,70776,10820,2026-09-25 08:49:28,23063.1
22750,855,342,32585,10059,2026-09-25 08:49:28,23063.1
22800,5981,1835,110087,11636,2026-09-25 08:49:28,23063.1
22850,1592,1248,44370,7314,2026-09-25 08:49:28,23063.1
22900,5793,3505,86748,12812,2026-09-25 08:49:28,23063.1
22950,4107,3490,36180,6069,2026-09-25 08:49:28,23063.1
23000,59784,39234,180885,-14126,2026-09-25 08:49:28,23063.1
23050,20791,19554,42936,16063,2026-09-25 08:49:28,23063.1
23100,108764,99959,116708,56186,2026-09-25 08:49:28,23063.1
23150,50935,47280,27152,-5360,2026-09-25 08:49:28,23063.1
23200,183835,161190,74653,-20869,2026-09-25 08:49:28,23063.1
23250,151988,136743,54518,-3371,2026-09-25 08:49:28,23063.1
23300,179324,115318,85370,-56330,2026-09-25 08:49:28,23063.1
23350,68324,43849,17158,-44065,2026-09-25 08:49:28,23063.1
23400,161881,45066,61977,-116404,2026-09-25 08:49:28,23063.1
23450,72256,12845,16860,-40572,2026-09-25 08:49:28,23063.1
23500,208801,50615,83847,-36466,2026-09-25 08:49:28,23063.1
23550,64525,2450,5521,-5430,2026-09-25 08:49:28,23063.1
23600,124349,17452,22318,-5761,2026-09-25 08:49:28,23063.1
23650,69940,21608,3904,-1438,2026-09-25 08:49:28,23063.1
23700,108810,7708,11919,-4258,2026-09-25 08:49:28,23063.1
23750,46226,10792,3530,-392,2026-09-25 08:49:28,23063.1
23800,109238,-16513,20537,-2593,2026-09-25 08:49:28,23063.1
23850,36260,-6590,1828,-232,2026-09-25 08:49:28,23063.1
23900,117969,8087,12108,-2357,2026-09-25 08:49:28,23063.1
23950,32223,9315,2022,-136,2026-09-25 08:49:28,23063.1
24000,298613,63236,70883,-10067,2026-09-25 08:49:28,23063.1
24050,49527,-9666,1243,-19,2026-09-25 08:49:28,23063.1
24100,84143,18864,6866,-1398,2026-09-25 08:49:28,23063.1
24150,26913,8521,1898,-166,2026-09-25 08:49:28,23063.1
24200,139087,45545,17086,-5365,2026-09-25 08:49:28,23063.1
24250,33879,15639,2204,-30,2026-09-25 08:49:28,23063.1
24300,124054,37410,39281,-3155,2026-09-25 08:49:28,23063.1
24350,27117,11946,4598,-76,2026-09-25 08:49:28,23063.1
24400,62678,144,22343,-4981,2026-09-25 08:49:28,23063.1
24450,6210,-2852,1170,-11,2026-09-25 08:49:28,23063.1
24500,195348,58611,30954,-7353,2026-09-25 08:49:28,23063.1
24550,18479,6626,692,-18,2026-09-25 08:49:28,23063.1
24600,54056,-3128,8678,-1075,2026-09-25 08:49:28,23063.1
24650,13471,3744,525,-6,2026-09-25 08:49:28,23063.1
24700,58030,-748,2835,-442,2026-09-25 08:49:28,23063.1
24750,5406,-788,381,-5,2026-09-25 08:49:28,23063.1
24800,54736,-12133,3712,-1014,2026-09-25 08:49:28,23063.1
24850,2334,-47,172,-3,2026-09-25 08:49:28,23063.1
24900,28070,-9273,872,-262,2026-09-25 08:49:28,23063.1
24950,2064,235,71,0,2026-09-25 08:49:28,23063.1
25000,173635,-8341,20973,-5433,2026-09-25 08:49:28,23063.1
25050,1223,-288,52,-1,2026-09-25 08:49:28,23063.1
25100,14674,-5286,1344,-29,2026-09-25 08:49:28,23063.1
25150,1276,-755,25,-1,2026-09-25 08:49:28,23063.1
25200,9637,-4370,1108,-54,2026-09-25 08:49:28,23063.1
25250,921,-104,34,0,2026-09-25 08:49:28,23063.1
25300,6680,-2538,401,-18,2026-09-25 08:49:28,23063.1
25350,408,-102,16,0,2026-09-25 08:49:28,23063.1
25400,3327,-1937,325,-4,2026-09-25 08:49:28,23063.1
25450,582,-14,9,0,2026-09-25 08:49:28,23063.1
25500,43665,-6224,11938,-6222,2026-09-25 08:49:28,23063.1
25550,1462,-189,6,0,2026-09-25 08:49:28,23063.1
25600,3223,-1240,448,0,2026-09-25 08:49:28,23063.1
25650,883,206,8,0,2026-09-25 08:49:28,23063.1
25700,4133,-371,165,-8,2026-09-25 08:49:28,23063.1
25750,313,9,4,0,2026-09-25 08:49:28,23063.1
25800,5791,-640,301,-22,2026-09-25 08:49:28,23063.1
25850,286,40,0,0,2026-09-25 08:49:28,23063.1
25900,3249,837,65,-4,2026-09-25 08:49:28,23063.1
25950,405,77,1,0,2026-09-25 08:49:28,23063.1
26000,48626,-2030,22530,-3147,2026-09-25 08:49:28,23063.1
26050,382,180,1,-3,2026-09-25 08:49:28,23063.1
26100,425,22,118,-26,2026-09-25 08:49:28,23063.1
26150,259,46,1,0,2026-09-25 08:49:28,23063.1
26200,2617,55,549,-14,2026-09-25 08:49:28,23063.1
26250,356,28,0,0,2026-09-25 08:49:28,23063.1
26300,1692,-105,948,-156,2026-09-25 08:49:28,23063.1
26350,129,78,0,0,2026-09-25 08:49:28,23063.1
26400,303,-36,42,-2,2026-09-25 08:49:28,23063.1
26450,175,-32,0,0,2026-09-25 08:49:28,23063.1
26500,10260,-2677,9624,-2713,2026-09-25 08:49:28,23063.1
26550,136,-2,0,0,2026-09-25 08:49:28,23063.1
26600,600,47,0,0,2026-09-25 08:49:28,23063.1
26650,122,-19,0,0,2026-09-25 08:49:28,23063.1
26700,145,45,0,0,2026-09-25 08:49:28,23063.1
26750,225,41,1,0,2026-09-25 08:49:28,23063.1
26800,179,-34,21,0,2026-09-25 08:49:28,23063.1
26850,170,3,0,0,2026-09-25 08:49:28,23063.1
26900,217,107,1,0,2026-09-25 08:49:28,23063.1
26950,225,19,0,0,2026-09-25 08:49:28,23063.1
27000,25446,-794,19212,-2271,2026-09-25 08:49:28,23063.1
27050,351,128,0,0,2026-09-25 08:49:28,23063.1
27100,637,0,0,0,2026-09-25 08:49:28,23063.1
27150,1266,249,0,0,2026-09-25 08:49:28,23063.1
27200,3251,631,0,0,2026-09-25 08:49:28,23063.1
28500,7081,-345,5041,-508,2026-09-25 08:49:28,23063.1
30000,4290,-13,1885,-86,2026-09-25 08:49:28,23063.1
31500,248,-5,0,0,2026-09-25 08:49:28,23063.1
33000,943,291,0,0,2026-09-25 08:49:28,23063.1
34500,203,31,0,0,2026-09-25 08:49:28,23063.1
15000,0,0,1680,104,2026-09-25 08:52:31,23063.1
16500,0,0,2254,201,2026-09-25 08:52:31,23063.1
18000,12,0,12861,457,2026-09-25 08:52:31,23063.1
19500,1702,-84,15983,-2069,2026-09-25 08:52:31,23063.1
20800,0,0,0,0,2026-09-25 08:52:31,23063.1
20850,0,0,10,10,2026-09-25 08:52:31,23063.1
20900,0,0,0,0,2026-09-25 08:52:31,23063.1
20950,0,0,0,0,2026-09-25 08:52:31,23063.1
21000,6227,-627,170050,30670,2026-09-25 08:52:31,23063.1
21050,0,0,0,0,2026-09-25 08:52:31,23063.1
21100,0,0,1,1,2026-09-25 08:52:31,23063.1
21150,0,0,30,30,2026-09-25 08:52:31,23063.1
21200,0,0,285,285,2026-09-25 08:52:31,23063.1
21250,0,0,0,0,2026-09-25 08:52:31,23063.1
21300,0,0,811,811,2026-09-25 08:52:31,23063.1
21350,0,0,37674,6651,2026-09-25 08:52:31,23063.1
21400,1,0,40850,753,2026-09-25 08:52:31,23063.1
21450,0,0,3840,1151,2026-09-25 08:52:31,23063.1
21500,1,0,66111,7110,2026-09-25 08:52:31,23063.1
21550,0,0,3808,2362,2026-09-25 08:52:31,23063.1
21600,644,-7,18446,4747,2026-09-25 08:52:31,23063.1
21650,1,0,4892,2742,2026-09-25 08:52:31,23063.1
21700,0,0,23505,8324,2026-09-25 08:52:31,23063.1
21750,1,0,5380,3402,2026-09-25 08:52:31,23063.1
21800,1,0,35545,15219,2026-09-25 08:52:31,23063.1
21850,1,0,3944,1561,2026-09-25 08:52:31,23063.1
21900,10,2,15491,2949,2026-09-25 08:52:31,23063.1
21950,2,0,7239,3042,2026-09-25 08:52:31,23063.1
22000,9764,-893,186656,73837,2026-09-25 08:52:31,23063.1
22050,1,0,8221,4089,2026-09-25 08:52:31,23063.1
22100,24,6,16991,1885,2026-09-25 08:52:31,23063.1
22150,62,55,5021,1525,2026-09-25 08:52:31,23063.1
22200,119,37,53688,11504,2026-09-25 08:52:31,23063.1
22250,25,20,10075,1245,2026-09-25 08:52:31,23063.1
22300,27,9,50131,11293,2026-09-25 08:52:31,23063.1
22350,33,32,17340,10124,2026-09-25 08:52:31,23063.1
22400,89,78,48773,13651,2026-09-25 08:52:31,23063.1
22450,156,148,19753,11263,2026-09-25 08:52:31,23063.1
22500,10131,2066,136722,13818,2026-09-25 08:52:31,23063.1
22550,108,95,20288,5060,2026-09-25 08:52:31,23063.1
22600,913,798,52764,179,2026-09-25 08:52:31,23063.1
22650,716,15,34090,1657,2026-09-25 08:52:31,23063.1
22700,1162,712,70776,10820,2026-09-25 08:52:31,23063.1
22750,855,342,32585,10059,2026-09-25 08:52:31,23063.1
22800,5981,1835,110087,11636,2026-09-25 08:52:31,23063.1
22850,1592,1248,44370,7314,2026-09-25 08:52:31,23063.1
22900,5793,3505,86748,12812,2026-09-25 08:52:31,23063.1
22950,4107,3490,36180,6069,2026-09-25 08:52:31,23063.1
23000,59784,39234,180885,-14126,2026-09-25 08:52:31,23063.1
23050,20791,19554,42936,16063,2026-09-25 08:52:31,23063.1
23100,108764,99959,116708,56186,2026-09-25 08:52:31,23063.1
23150,50935,47280,27152,-5360,2026-09-25 08:52:31,23063.1
23200,183835,161190,74653,-20869,2026-09-25 08:52:31,23063.1
23250,151988,136743,54518,-3371,2026-09-25 08:52:31,23063.1
23300,179324,115318,85370,-56330,2026-09-25 08:52:31,23063.1
23350,68324,43849,17158,-44065,2026-09-25 08:52:31,23063.1
23400,161881,45066,61977,-116404,2026-09-25 08:52:31,23063.1
23450,72256,12845,16860,-40572,2026-09-25 08:52:31,23063.1
23500,208801,50615,83847,-36466,2026-09-25 08:52:31,23063.1
23550,64525,2450,5521,-5430,2026-09-25 08:52:31,23063.1
23600,124349,17452,22318,-5761,2026-09-25 08:52:31,23063.1
23650,69940,21608,3904,-1438,2026-09-25 08:52:31,23063.1
23700,108810,7708,11919,-4258,2026-09-25 08:52:31,23063.1
23750,46226,10792,3530,-392,2026-09-25 08:52:31,23063.1
23800,109238,-16513,20537,-2593,2026-09-25 08:52:31,23063.1
23850,36260,-6590,1828,-232,2026-09-25 08:52:31,23063.1
23900,117969,8087,12108,-2357,2026-09-25 08:52:31,23063.1
23950,32223,9315,2022,-136,2026-09-25 08:52:31,23063.1
24000,298613,63236,70883,-10067,2026-09-25 08:52:31,23063.1
24050,49527,-9666,1243,-19,2026-09-25 08:52:31,23063.1
24100,84143,18864,6866,-1398,2026-09-25 08:52:31,23063.1
24150,26913,8521,1898,-166,2026-09-25 08:52:31,23063.1
24200,139087,45545,17086,-5365,2026-09-25 08:52:31,23063.1
24250,33879,15639,2204,-30,2026-09-25 08:52:31,23063.1
24300,124054,37410,39281,-3155,2026-09-25 08:52:31,23063.1
24350,27117,11946,4598,-76,2026-09-25 08:52:31,23063.1
24400,62678,144,22343,-4981,2026-09-25 08:52:31,23063.1
24450,6210,-2852,1170,-11,2026-09-25 08:52:31,23063.1
24500,195348,58611,30954,-7353,2026-09-25 08:52:31,23063.1
24550,18479,6626,692,-18,2026-09-25 08:52:31,23063.1
24600,54056,-3128,8678,-1075,2026-09-25 08:52:31,23063.1
24650,13471,3744,525,-6,2026-09-25 08:52:31,23063.1
24700,58030,-748,2835,-442,2026-09-25 08:52:31,23063.1
24750,5406,-788,381,-5,2026-09-25 08:52:31,23063.1
24800,54736,-12133,3712,-1014,2026-09-25 08:52:31,23063.1
24850,2334,-47,172,-3,2026-09-25 08:52:31,23063.1
24900,28070,-9273,872,-262,2026-09-25 08:52:31,23063.1
24950,2064,235,71,0,2026-09-25 08:52:31,23063.1
25000,173635,-8341,20973,-5433,2026-09-25 08:52:31,23063.1
25050,1223,-288,52,-1,2026-09-25 08:52:31,23063.1
25100,14674,-5286,1344,-29,2026-09-25 08:52:31,23063.1
25150,1276,-755,25,-1,2026-09-25 08:52:31,23063.1
25200,9637,-4370,1108,-54,2026-09-25 08:52:31,23063.1
25250,921,-104,34,0,2026-09-25 08:52:31,23063.1
25300,6680,-2538,401,-18,2026-09-25 08:52:31,23063.1
25350,408,-102,16,0,2026-09-25 08:52:31,23063.1
25400,3327,-1937,325,-4,2026-09-25 08:52:31,23063.1
25450,582,-14,9,0,2026-09-25 08:52:31,23063.1
25500,43665,-6224,11938,-6222,2026-09-25 08:52:31,23063.1
25550,1462,-189,6,0,2026-09-25 08:52:31,23063.1
25600,3223,-1240,448,0,2026-09-25 08:52:31,23063.1
25650,883,206,8,0,2026-09-25 08:52:31,23063.1
25700,4133,-371,165,-8,2026-09-25 08:52:31,23063.1
25750,313,9,4,0,2026-09-25 08:52:31,23063.1
25800,5791,-640,301,-22,2026-09-25 08:52:31,23063.1
25850,286,40,0,0,2026-09-25 08:52:31,23063.1
25900,3249,837,65,-4,2026-09-25 08:52:31,23063.1
25950,405,77,1,0,2026-09-25 08:52:31,23063.1
26000,48626,-2030,22530,-3147,2026-09-25 08:52:31,23063.1
26050,382,180,1,-3,2026-09-25 08:52:31,23063.1
26100,425,22,118,-26,2026-09-25 08:52:31,23063.1
26150,259,46,1,0,2026-09-25 08:52:31,23063.1
26200,2617,55,549,-14,2026-09-25 08:52:31,23063.1
26250,356,28,0,0,2026-09-25 08:52:31,23063.1
26300,1692,-105,948,-156,2026-09-25 08:52:31,23063.1
26350,129,78,0,0,2026-09-25 08:52:31,23063.1
26400,303,-36,42,-2,2026-09-25 08:52:31,23063.1
26450,175,-32,0,0,2026-09-25 08:52:31,23063.1
26500,10260,-2677,9624,-2713,2026-09-25 08:52:31,23063.1
26550,136,-2,0,0,2026-09-25 08:52:31,23063.1
26600,600,47,0,0,2026-09-25 08:52:31,23063.1
26650,122,-19,0,0,2026-09-25 08:52:31,23063.1
26700,145,45,0,0,2026-09-25 08:52:31,23063.1
26750,225,41,1,0,2026-09-25 08:52:31,23063.1
26800,179,-34,21,0,2026-09-25 08:52:31,23063.1
26850,170,3,0,0,2026-09-25 08:52:31,23063.1
26900,217,107,1,0,2026-09-25 08:52:31,23063.1
26950,225,19,0,0,2026-09-25 08:52:31,23063.1
27000,25446,-794,19212,-2271,2026-09-25 08:52:31,23063.1
27050,351,128,0,0,2026-09-25 08:52:31,23063.1
27100,637,0,0,0,2026-09-25 08:52:31,23063.1
27150,1266,249,0,0,2026-09-25 08:52:31,23063.1
27200,3251,631,0,0,2026-09-25 08:52:31,23063.1
28500,7081,-345,5041,-508,2026-09-25 08:52:31,23063.1
30000,4290,-13,1885,-86,2026-09-25 08:52:31,23063.1
31500,248,-5,0,0,2026-09-25 08:52:31,23063.1
33000,943,291,0,0,2026-09-25 08:52:31,23063.1
34500,203,31,0,0,2026-09-25 08:52:31,23063.1
15000,0,0,1680,104,2026-09-25 08:55:01,23063.1
16500,0,0,2254,201,2026-09-25 08:55:01,23063.1
18000,12,0,12861,457,2026-09-25 08:55:01,23063.1
19500,1702,-84,15983,-2069,2026-09-25 08:55:01,23063.1
20800,0,0,0,0,2026-09-25 08:55:01,23063.1
20850,0,0,10,10,2026-09-25 08:55:01,23063.1
20900,0,0,0,0,2026-09-25 08:55:01,23063.1
20950,0,0,0,0,2026-09-25 08:55:01,23063.1
21000,6227,-627,170050,30670,2026-09-25 08:55:01,23063.1
21050,0,0,0,0,2026-09-25 08:55:01,23063.1
21100,0,0,1,1,2026-09-25 08:55:01,23063.1
21150,0,0,30,30,2026-09-25 08:55:01,23063.1
21200,0,0,285,285,2026-09-25 08:55:01,23063.1
21250,0,0,0,0,2026-09-25 08:55:01,23063.1
21300,0,0,811,811,2026-09-25 08:55:01,23063.1
21350,0,0,37674,6651,2026-09-25 08:55:01,23063.1
21400,1,0,40850,753,2026-09-25 08:55:01,23063.1
21450,0,0,3840,1151,2026-09-25 08:55:01,23063.1
21500,1,0,66111,7110,2026-09-25 08:55:01,23063.1
21550,0,0,3808,2362,2026-09-25 08:55:01,23063.1
21600,644,-7,18446,4747,2026-09-25 08:55:01,23063.1
21650,1,0,4892,2742,2026-09-25 08:55:01,23063.1
21700,0,0,23505,8324,2026-09-25 08:55:01,23063.1
21750,1,0,5380,3402,2026-09-25 08:55:01,23063.1
21800,1,0,35545,15219,2026-09-25 08:55:01,23063.1
21850,1,0,3944,1561,2026-09-25 08:55:01,23063.1
21900,10,2,15491,2949,2026-09-25 08:55:01,23063.1
21950,2,0,7239,3042,2026-09-25 08:55:01,23063.1
22000,9764,-893,186656,73837,2026-09-25 08:55:01,23063.1
22050,1,0,8221,4089,2026-09-25 08:55:01,23063.1
22100,24,6,16991,1885,2026-09-25 08:55:01,23063.1
22150,62,55,5021,1525,2026-09-25 08:55:01,23063.1
22200,119,37,53688,11504,2026-09-25 08:55:01,23063.1
22250,25,20,10075,1245,2026-09-25 08:55:01,23063.1
22300,27,9,50131,11293,2026-09-25 08:55:01,23063.1
22350,33,32,17340,10124,2026-09-25 08:55:01,23063.1
22400,89,78,48773,13651,2026-09-25 08:55:01,23063.1
22450,156,148,19753,11263,2026-09-25 08:55:01,23063.1
22500,10131,2066,136722,13818,2026-09-25 08:55:01,23063.1
22550,108,95,20288,5060,2026-09-25 08:55:01,23063.1
22600,913,798,52764,179,2026-09-25 08:55:01,23063.1
22650,716,15,34090,1657,2026-09-25 08:55:01,23063.1
22700,1162,712,70776,10820,2026-09-25 08:55:01,23063.1
22750,855,342,32585,10059,2026-09-25 08:55:01,23063.1
22800,5981,1835,110087,11636,2026-09-25 08:55:01,23063.1
22850,1592,1248,44370,7314,2026-09-25 08:55:01,23063.1
22900,5793,3505,86748,12812,2026-09-25 08:55:01,23063.1
22950,4107,3490,36180,6069,2026-09-25 08:55:01,23063.1
23000,59784,39234,180885,-14126,2026-09-25 08:55:01,23063.1
23050,20791,19554,42936,16063,2026-09-25 08:55:01,23063.1
23100,108764,99959,116708,56186,2026-09-25 08:55:01,23063.1
23150,50935,47280,27152,-5360,2026-09-25 08:55:01,23063.1
23200,183835,161190,74653,-20869,2026-09-25 08:55:01,23063.1
23250,151988,136743,54518,-3371,2026-09-25 08:55:01,23063.1
23300,179324,115318,85370,-56330,2026-09-25 08:55:01,23063.1
23350,68324,43849,17158,-44065,2026-09-25 08:55:01,23063.1
23400,161881,45066,61977,-116404,2026-09-25 08:55:01,23063.1
23450,72256,12845,16860,-40572,2026-09-25 08:55:01,23063.1
23500,208801,50615,83847,-36466,2026-09-25 08:55:01,23063.1
23550,64525,2450,5521,-5430,2026-09-25 08:55:01,23063.1
23600,124349,17452,22318,-5761,2026-09-25 08:55:01,23063.1
23650,69940,21608,3904,-1438,2026-09-25 08:55:01,23063.1
23700,108810,7708,11919,-4258,2026-09-25 08:55:01,23063.1
23750,46226,10792,3530,-392,2026-09-25 08:55:01,23063.1
23800,109238,-16513,20537,-2593,2026-09-25 08:55:01,23063.1
23850,36260,-6590,1828,-232,2026-09-25 08:55:01,23063.1
23900,117969,8087,12108,-2357,2026-09-25 08:55:01,23063.1
23950,32223,9315,2022,-136,2026-09-25 08:55:01,23063.1
24000,298613,63236,70883,-10067,2026-09-25 08:55:01,23063.1
24050,49527,-9666,1243,-19,2026-09-25 08:55:01,23063.1
24100,84143,18864,6866,-1398,2026-09-25 08:55:01,23063.1
24150,26913,8521,1898,-166,2026-09-25 08:55:01,23063.1
24200,139087,45545,17086,-5365,2026-09-25 08:55:01,23063.1
24250,33879,15639,2204,-30,2026-09-25 08:55:01,23063.1
24300,124054,37410,39281,-3155,2026-09-25 08:55:01,23063.1
24350,27117,11946,4598,-76,2026-09-25 08:55:01,23063.1
24400,62678,144,22343,-4981,2026-09-25 08:55:01,23063.1
24450,6210,-2852,1170,-11,2026-09-25 08:55:01,23063.1
24500,195348,58611,30954,-7353,2026-09-25 08:55:01,23063.1
24550,18479,6626,692,-18,2026-09-25 08:55:01,23063.1
24600,54056,-3128,8678,-1075,2026-09-25 08:55:01,23063.1
24650,13471,3744,525,-6,2026-09-25 08:55:01,23063.1
24700,58030,-748,2835,-442,2026-09-25 08:55:01,23063.1
24750,5406,-788,381,-5,2026-09-25 08:55:01,23063.1
24800,54736,-12133,3712,-1014,2026-09-25 08:55:01,23063.1
24850,2334,-47,172,-3,2026-09-25 08:55:01,23063.1
24900,28070,-9273,872,-262,2026-09-25 08:55:01,23063.1
24950,2064,235,71,0,2026-09-25 08:55:01,23063.1
25000,173635,-8341,20973,-5433,2026-09-25 08:55:01,23063.1
25050,1223,-288,52,-1,2026-09-25 08:55:01,23063.1
25100,14674,-5286,1344,-29,2026-09-25 08:55:01,23063.1
25150,1276,-755,25,-1,2026-09-25 08:55:01,23063.1
25200,9637,-4370,1108,-54,2026-09-25 08:55:01,23063.1
25250,921,-104,34,0,2026-09-25 08:55:01,23063.1
25300,6680,-2538,401,-18,2026-09-25 08:55:01,23063.1
25350,408,-102,16,0,2026-09-25 08:55:01,23063.1
25400,3327,-1937,325,-4,2026-09-25 08:55:01,23063.1
25450,582,-14,9,0,2026-09-25 08:55:01,23063.1
25500,43665,-6224,11938,-6222,2026-09-25 08:55:01,23063.1
25550,1462,-189,6,0,2026-09-25 08:55:01,23063.1
25600,3223,-1240,448,0,2026-09-25 08:55:01,23063.1
25650,883,206,8,0,2026-09-25 08:55:01,23063.1
25700,4133,-371,165,-8,2026-09-25 08:55:01,23063.1
25750,313,9,4,0,2026-09-25 08:55:01,23063.1
25800,5791,-640,301,-22,2026-09-25 08:55:01,23063.1
25850,286,40,0,0,2026-09-25 08:55:01,23063.1
25900,3249,837,65,-4,2026-09-25 08:55:01,23063.1
25950,405,77,1,0,2026-09-25 08:55:01,23063.1
26000,48626,-2030,22530,-3147,2026-09-25 08:55:01,23063.1
26050,382,180,1,-3,2026-09-25 08:55:01,23063.1
26100,425,22,118,-26,2026-09-25 08:55:01,23063.1
26150,259,46,1,0,2026-09-25 08:55:01,23063.1
26200,2617,55,549,-14,2026-09-25 08:55:01,23063.1
26250,356,28,0,0,2026-09-25 08:55:01,23063.1
26300,1692,-105,948,-156,2026-09-25 08:55:01,23063.1
26350,129,78,0,0,2026-09-25 08:55:01,23063.1
26400,303,-36,42,-2,2026-09-25 08:55:01,23063.1
26450,175,-32,0,0,2026-09-25 08:55:01,23063.1
26500,10260,-2677,9624,-2713,2026-09-25 08:55:01,23063.1
26550,136,-2,0,0,2026-09-25 08:55:01,23063.1
26600,600,47,0,0,2026-09-25 08:55:01,23063.1
26650,122,-19,0,0,2026-09-25 08:55:01,23063.1
26700,145,45,0,0,2026-09-25 08:55:01,23063.1
26750,225,41,1,0,2026-09-25 08:55:01,23063.1
26800,179,-34,21,0,2026-09-25 08:55:01,23063.1
26850,170,3,0,0,2026-09-25 08:55:01,23063.1
26900,217,107,1,0,2026-09-25 08:55:01,23063.1
26950,225,19,0,0,2026-09-25 08:55:01,23063.1
27000,25446,-794,19212,-2271,2026-09-25 08:55:01,23063.1
27050,351,128,0,0,2026-09-25 08:55:01,23063.1
27100,637,0,0,0,2026-09-25 08:55:01,23063.1
27150,1266,249,0,0,2026-09-25 08:55:01,23063.1
27200,3251,631,0,0,2026-09-25 08:55:01,23063.1
28500,7081,-345,5041,-508,2026-09-25 08:55:01,23063.1
30000,4290,-13,1885,-86,2026-09-25 08:55:01,23063.1
31500,248,-5,0,0,2026-09-25 08:55:01,23063.1
33000,943,291,0,0,2026-09-25 08:55:01,23063.1
34500,203,31,0,0,2026-09-25 08:55:01,23063.1
15000,0,0,1680,104,2026-09-25 08:58:04,23063.1
16500,0,0,2254,201,2026-09-25 08:58:04,23063.1
18000,12,0,12861,457,2026-09-25 08:58:04,23063.1
19500,1702,-84,15983,-2069,2026-09-25 08:58:04,23063.1
20800,0,0,0,0,2026-09-25 08:58:04,23063.1
20850,0,0,10,10,2026-09-25 08:58:04,23063.1
20900,0,0,0,0,2026-09-25 08:58:04,23063.1
20950,0,0,0,0,2026-09-25 08:58:04,23063.1
21000,6227,-627,170050,30670,2026-09-25 08:58:04,23063.1
21050,0,0,0,0,2026-09-25 08:58:04,23063.1
21100,0,0,1,1,2026-09-25 08:58:04,23063.1
21150,0,0,30,30,2026-09-25 08:58:04,23063.1
21200,0,0,285,285,2026-09-25 08:58:04,23063.1
21250,0,0,0,0,2026-09-25 08:58:04,23063.1
21300,0,0,811,811,2026-09-25 08:58:04,23063.1
21350,0,0,37674,6651,2026-09-25 08:58:04,23063.1
21400,1,0,40850,753,2026-09-25 08:58:04,23063.1
21450,0,0,3840,1151,2026-09-25 08:58:04,23063.1
21500,1,0,66111,7110,2026-09-25 08:58:04,23063.1
21550,0,0,3808,2362,2026-09-25 08:58:04,23063.1
21600,644,-7,18446,4747,2026-09-25 08:58:04,23063.1
21650,1,0,4892,2742,2026-09-25 08:58:04,23063.1
21700,0,0,23505,8324,2026-09-25 08:58:04,23063.1
21750,1,0,5380,3402,2026-09-25 08:58:04,23063.1
21800,1,0,35545,15219,2026-09-25 08:58:04,23063.1
21850,1,0,3944,1561,2026-09-25 08:58:04,23063.1
21900,10,2,15491,2949,2026-09-25 08:58:04,23063.1
21950,2,0,7239,3042,2026-09-25 08:58:04,23063.1
22000,9764,-893,186656,73837,2026-09-25 08:58:04,23063.1
22050,1,0,8221,4089,2026-09-25 08:58:04,23063.1
22100,24,6,16991,1885,2026-09-25 08:58:04,23063.1
22150,62,55,5021,1525,2026-09-25 08:58:04,23063.1
22200,119,37,53688,11504,2026-09-25 08:58:04,23063.1
22250,25,20,10075,1245,2026-09-25 08:58:04,23063.1
22300,27,9,50131,11293,2026-09-25 08:58:04,23063.1
22350,33,32,17340,10124,2026-09-25 08:58:04,23063.1
22400,89,78,48773,13651,2026-09-25 08:58:04,23063.1
22450,156,148,19753,11263,2026-09-25 08:58:04,23063.1
22500,10131,2066,136722,13818,2026-09-25 08:58:04,23063.1
22550,108,95,20288,5060,2026-09-25 08:58:04,23063.1
22600,913,798,52764,179,2026-09-25 08:58:04,23063.1
22650,716,15,34090,1657,2026-09-25 08:58:04,23063.1
22700,1162,712,70776,10820,2026-09-25 08:58:04,23063.1
22750,855,342,32585,10059,2026-09-25 08:58:04,23063.1
22800,5981,1835,110087,11636,2026-09-25 08:58:04,23063.1
22850,1592,1248,44370,7314,2026-09-25 08:58:04,23063.1
22900,5793,3505,86748,12812,2026-09-25 08:58:04,23063.1
22950,4107,3490,36180,6069,2026-09-25 08:58:04,23063.1
23000,59784,39234,180885,-14126,2026-09-25 08:58:04,23063.1
23050,20791,19554,42936,16063,2026-09-25 08:58:04,23063.1
23100,108764,99959,116708,56186,2026-09-25 08:58:04,23063.1
23150,50935,47280,27152,-5360,2026-09-25 08:58:04,23063.1
23200,183835,161190,74653,-20869,2026-09-25 08:58:04,23063.1
23250,151988,136743,54518,-3371,2026-09-25 08:58:04,23063.1
23300,179324,115318,85370,-56330,2026-09-25 08:58:04,23063.1
23350,68324,43849,17158,-44065,2026-09-25 08:58:04,23063.1
23400,161881,45066,61977,-116404,2026-09-25 08:58:04,23063.1
23450,72256,12845,16860,-40572,2026-09-25 08:58:04,23063.1
23500,208801,50615,83847,-36466,2026-09-25 08:58:04,23063.1
23550,64525,2450,5521,-5430,2026-09-25 08:58:04,23063.1
23600,124349,17452,22318,-5761,2026-09-25 08:58:04,23063.1
23650,69940,21608,3904,-1438,2026-09-25 08:58:04,23063.1
23700,108810,7708,11919,-4258,2026-09-25 08:58:04,23063.1
23750,46226,10792,3530,-392,2026-09-25 08:58:04,23063.1
23800,109238,-16513,20537,-2593,2026-09-25 08:58:04,23063.1
23850,36260,-6590,1828,-232,2026-09-25 08:58:04,23063.1
23900,117969,8087,12108,-2357,2026-09-25 08:58:04,23063.1
23950,32223,9315,2022,-136,2026-09-25 08:58:04,23063.1
24000,298613,63236,70883,-10067,2026-09-25 08:58:04,23063.1
24050,49527,-9666,1243,-19,2026-09-25 08:58:04,23063.1
24100,84143,18864,6866,-1398,2026-09-25 08:58:04,23063.1
24150,26913,8521,1898,-166,2026-09-25 08:58:04,23063.1
24200,139087,45545,17086,-5365,2026-09-25 08:58:04,23063.1
24250,33879,15639,2204,-30,2026-09-25 08:58:04,23063.1
24300,124054,37410,39281,-3155,2026-09-25 08:58:04,23063.1
24350,27117,11946,4598,-76,2026-09-25 08:58:04,23063.1
24400,62678,144,22343,-4981,2026-09-25 08:58:04,23063.1
24450,6210,-2852,1170,-11,2026-09-25 08:58:04,23063.1
24500,195348,58611,30954,-7353,2026-09-25 08:58:04,23063.1
24550,18479,6626,692,-18,2026-09-25 08:58:04,23063.1
24600,54056,-3128,8678,-1075,2026-09-25 08:58:04,23063.1
24650,13471,3744,525,-6,2026-09-25 08:58:04,23063.1
24700,58030,-748,2835,-442,2026-09-25 08:58:04,23063.1
24750,5406,-788,381,-5,2026-09-25 08:58:04,23063.1
24800,54736,-12133,3712,-1014,2026-09-25 08:58:04,23063.1
24850,2334,-47,172,-3,2026-09-25 08:58:04,23063.1
24900,28070,-9273,872,-262,2026-09-25 08:58:04,23063.1
24950,2064,235,71,0,2026-09-25 08:58:04,23063.1
25000,173635,-8341,20973,-5433,2026-09-25 08:58:04,23063.1
25050,1223,-288,52,-1,2026-09-25 08:58:04,23063.1
25100,14674,-5286,1344,-29,2026-09-25 08:58:04,23063.1
25150,1276,-755,25,-1,2026-09-25 08:58:04,23063.1
25200,9637,-4370,1108,-54,2026-09-25 08:58:04,23063.1
25250,921,-104,34,0,2026-09-25 08:58:04,23063.1
25300,6680,-2538,401,-18,2026-09-25 08:58:04,23063.1
25350,408,-102,16,0,2026-09-25 08:58:04,23063.1
25400,3327,-1937,325,-4,2026-09-25 08:58:04,23063.1
25450,582,-14,9,0,2026-09-25 08:58:04,23063.1
25500,43665,-6224,11938,-6222,2026-09-25 08:58:04,23063.1
25550,1462,-189,6,0,2026-09-25 08:58:04,23063.1
25600,3223,-1240,448,0,2026-09-25 08:58:04,23063.1
25650,883,206,8,0,2026-09-25 08:58:04,23063.1
25700,4133,-371,165,-8,2026-09-25 08:58:04,23063.1
25750,313,9,4,0,2026-09-25 08:58:04,23063.1
25800,5791,-640,301,-22,2026-09-25 08:58:04,23063.1
25850,286,40,0,0,2026-09-25 08:58:04,23063.1
25900,3249,837,65,-4,2026-09-25 08:58:04,23063.1
25950,405,77,1,0,2026-09-25 08:58:04,23063.1
26000,48626,-2030,22530,-3147,2026-09-25 08:58:04,23063.1
26050,382,180,1,-3,2026-09-25 08:58:04,23063.1
26100,425,22,118,-26,2026-09-25 08:58:04,23063.1
26150,259,46,1,0,2026-09-25 08:58:04,23063.1
26200,2617,55,549,-14,2026-09-25 08:58:04,23063.1
26250,356,28,0,0,2026-09-25 08:58:04,23063.1
26300,1692,-105,948,-156,2026-09-25 08:58:04,23063.1
26350,129,78,0,0,2026-09-25 08:58:04,23063.1
26400,303,-36,42,-2,2026-09-25 08:58:04,23063.1
26450,175,-32,0,0,2026-09-25 08:58:04,23063.1
26500,10260,-2677,9624,-2713,2026-09-25 08:58:04,23063.1
26550,136,-2,0,0,2026-09-25 08:58:04,23063.1
26600,600,47,0,0,2026-09-25 08:58:04,23063.1
26650,122,-19,0,0,2026-09-25 08:58:04,23063.1
26700,145,45,0,0,2026-09-25 08:58:04,23063.1
26750,225,41,1,0,2026-09-25 08:58:04,23063.1
26800,179,-34,21,0,2026-09-25 08:58:04,23063.1
26850,170,3,0,0,2026-09-25 08:58:04,23063.1
26900,217,107,1,0,2026-09-25 08:58:04,23063.1
26950,225,19,0,0,2026-09-25 08:58:04,23063.1
27000,25446,-794,19212,-2271,2026-09-25 08:58:04,23063.1
27050,351,128,0,0,2026-09-25 08:58:04,23063.1
27100,637,0,0,0,2026-09-25 08:58:04,23063.1
27150,1266,249,0,0,2026-09-25 08:58:04,23063.1
27200,3251,631,0,0,2026-09-25 08:58:04,23063.1
28500,7081,-345,5041,-508,2026-09-25 08:58:04,23063.1
30000,4290,-13,1885,-86,2026-09-25 08:58:04,23063.1
31500,248,-5,0,0,2026-09-25 08:58:04,23063.1
33000,943,291,0,0,2026-09-25 08:58:04,23063.1
34500,203,31,0,0,2026-09-25 08:58:04,23063.1
15000,0,0,1680,104,2026-09-25 08:58:09,23063.1
16500,0,0,2254,201,2026-09-25 08:58:09,23063.1
18000,12,0,12861,457,2026-09-25 08:58:09,23063.1
19500,1702,-84,15983,-2069,2026-09-25 08:58:09,23063.1
20800,0,0,0,0,2026-09-25 08:58:09,23063.1
20850,0,0,10,10,2026-09-25 08:58:09,23063.1
20900,0,0,0,0,2026-09-25 08:58:09,23063.1
20950,0,0,0,0,2026-09-25 08:58:09,23063.1
21000,6227,-627,170050,30670,2026-09-25 08:58:09,23063.1
21050,0,0,0,0,2026-09-25 08:58:09,23063.1
21100,0,0,1,1,2026-09-25 08:58:09,23063.1
21150,0,0,30,30,2026-09-25 08:58:09,23063.1
21200,0,0,285,285,2026-09-25 08:58:09,23063.1
21250,0,0,0,0,2026-09-25 08:58:09,23063.1
21300,0,0,811,811,2026-09-25 08:58:09,23063.1
21350,0,0,37674,6651,2026-09-25 08:58:09,23063.1
21400,1,0,40850,753,2026-09-25 08:58:09,23063.1
21450,0,0,3840,1151,2026-09-25 08:58:09,23063.1
21500,1,0,66111,7110,2026-09-25 08:58:09,23063.1
21550,0,0,3808,2362,2026-09-25 08:58:09,23063.1
21600,644,-7,18446,4747,2026-09-25 08:58:09,23063.1
21650,1,0,4892,2742,2026-09-25 08:58:09,23063.1
21700,0,0,23505,8324,2026-09-25 08:58:09,23063.1
21750,1,0,5380,3402,2026-09-25 08:58:09,23063.1
21800,1,0,35545,15219,2026-09-25 08:58:09,23063.1
21850,1,0,3944,1561,2026-09-25 08:58:09,23063.1
21900,10,2,15491,2949,2026-09-25 08:58:09,23063.1
21950,2,0,7239,3042,2026-09-25 08:58:09,23063.1
22000,9764,-893,186656,73837,2026-09-25 08:58:09,23063.1
22050,1,0,8221,4089,2026-09-25 08:58:09,23063.1
22100,24,6,16991,1885,2026-09-25 08:58:09,23063.1
22150,62,55,5021,1525,2026-09-25 08:58:09,23063.1
22200,119,37,53688,11504,2026-09-25 08:58:09,23063.1
22250,25,20,10075,1245,2026-09-25 08:58:09,23063.1
22300,27,9,50131,11293,2026-09-25 08:58:09,23063.1
22350,33,32,17340,10124,2026-09-25 08:58:09,23063.1
22400,89,78,48773,13651,2026-09-25 08:58:09,23063.1
22450,156,148,19753,11263,2026-09-25 08:58:09,23063.1
22500,10131,2066,136722,13818,2026-09-25 08:58:09,23063.1
22550,108,95,20288,5060,2026-09-25 08:58:09,23063.1
22600,913,798,52764,179,2026-09-25 08:58:09,23063.1
22650,716,15,34090,1657,2026-09-25 08:58:09,23063.1
22700,1162,712,70776,10820,2026-09-25 08:58:09,23063.1
22750,855,342,32585,10059,2026-09-25 08:58:09,23063.1
22800,5981,1835,110087,11636,2026-09-25 08:58:09,23063.1
22850,1592,1248,44370,7314,2026-09-25 08:58:09,23063.1
22900,5793,3505,86748,12812,2026-09-25 08:58:09,23063.1
22950,4107,3490,36180,6069,2026-09-25 08:58:09,23063.1
23000,59784,39234,180885,-14126,2026-09-25 08:58:09,23063.1
23050,20791,19554,42936,16063,2026-09-25 08:58:09,23063.1
23100,108764,99959,116708,56186,2026-09-25 08:58:09,23063.1
23150,50935,47280,27152,-5360,2026-09-25 08:58:09,23063.1
23200,183835,161190,74653,-20869,2026-09-25 08:58:09,23063.1
23250,151988,136743,54518,-3371,2026-09-25 08:58:09,23063.1
23300,179324,115318,85370,-56330,2026-09-25 08:58:09,23063.1
23350,68324,43849,17158,-44065,2026-09-25 08:58:09,23063.1
23400,161881,45066,61977,-116404,2026-09-25 08:58:09,23063.1
23450,72256,12845,16860,-40572,2026-09-25 08:58:09,23063.1
23500,208801,50615,83847,-36466,2026-09-25 08:58:09,23063.1
23550,64525,2450,5521,-5430,2026-09-25 08:58:09,23063.1
23600,124349,17452,22318,-5761,2026-09-25 08:58:09,23063.1
23650,69940,21608,3904,-1438,2026-09-25 08:58:09,23063.1
23700,108810,7708,11919,-4258,2026-09-25 08:58:09,23063.1
23750,46226,10792,3530,-392,2026-09-25 08:58:09,23063.1
23800,109238,-16513,20537,-2593,2026-09-25 08:58:09,23063.1
23850,36260,-6590,1828,-232,2026-09-25 08:58:09,23063.1
23900,117969,8087,12108,-2357,2026-09-25 08:58:09,23063.1
23950,32223,9315,2022,-136,2026-09-25 08:58:09,23063.1
24000,298613,63236,70883,-10067,2026-09-25 08:58:09,23063.1
24050,49527,-9666,1243,-19,2026-09-25 08:58:09,23063.1
24100,84143,18864,6866,-1398,2026-09-25 08:58:09,23063.1
24150,26913,8521,1898,-166,2026-09-25 08:58:09,23063.1
24200,139087,45545,17086,-5365,2026-09-25 08:58:09,23063.1
24250,33879,15639,2204,-30,2026-09-25 08:58:09,23063.1
24300,124054,37410,39281,-3155,2026-09-25 08:58:09,23063.1
24350,27117,11946,4598,-76,2026-09-25 08:58:09,23063.1
24400,62678,144,22343,-4981,2026-09-25 08:58:09,23063.1
24450,6210,-2852,1170,-11,2026-09-25 08:58:09,23063.1
24500,195348,58611,30954,-7353,2026-09-25 08:58:09,23063.1
24550,18479,6626,692,-18,2026-09-25 08:58:09,23063.1
24600,54056,-3128,8678,-1075,2026-09-25 08:58:09,23063.1
24650,13471,3744,525,-6,2026-09-25 08:58:09,23063.1
24700,58030,-748,2835,-442,2026-09-25 08:58:09,23063.1
24750,5406,-788,381,-5,2026-09-25 08:58:09,23063.1
24800,54736,-12133,3712,-1014,2026-09-25 08:58:09,23063.1
24850,2334,-47,172,-3,2026-09-25 08:58:09,23063.1
24900,28070,-9273,872,-262,2026-09-25 08:58:09,23063.1
24950,2064,235,71,0,2026-09-25 08:58:09,23063.1
25000,173635,-8341,20973,-5433,2026-09-25 08:58:09,23063.1
25050,1223,-288,52,-1,2026-09-25 08:58:09,23063.1
25100,14674,-5286,1344,-29,2026-09-25 08:58:09,23063.1
25150,1276,-755,25,-1,2026-09-25 08:58:09,23063.1
25200,9637,-4370,1108,-54,2026-09-25 08:58:09,23063.1
25250,921,-104,34,0,2026-09-25 08:58:09,23063.1
25300,6680,-2538,401,-18,2026-09-25 08:58:09,23063.1
25350,408,-102,16,0,2026-09-25 08:58:09,23063.1
25400,3327,-1937,325,-4,2026-09-25 08:58:09,23063.1
25450,582,-14,9,0,2026-09-25 08:58:09,23063.1
25500,43665,-6224,11938,-6222,2026-09-25 08:58:09,23063.1
25550,1462,-189,6,0,2026-09-25 08:58:09,23063.1
25600,3223,-1240,448,0,2026-09-25 08:58:09,23063.1
25650,883,206,8,0,2026-09-25 08:58:09,23063.1
25700,4133,-371,165,-8,2026-09-25 08:58:09,23063.1
25750,313,9,4,0,2026-09-25 08:58:09,23063.1
25800,5791,-640,301,-22,2026-09-25 08:58:09,23063.1
25850,286,40,0,0,2026-09-25 08:58:09,23063.1
25900,3249,837,65,-4,2026-09-25 08:58:09,23063.1
25950,405,77,1,0,2026-09-25 08:58:09,23063.1
26000,48626,-2030,22530,-3147,2026-09-25 08:58:09,23063.1
26050,382,180,1,-3,2026-09-25 08:58:09,23063.1
26100,425,22,118,-26,2026-09-25 08:58:09,23063.1
26150,259,46,1,0,2026-09-25 08:58:09,23063.1
26200,2617,55,549,-14,2026-09-25 08:58:09,23063.1
26250,356,28,0,0,2026-09-25 08:58:09,23063.1
26300,1692,-105,948,-156,2026-09-25 08:58:09,23063.1
26350,129,78,0,0,2026-09-25 08:58:09,23063.1
26400,303,-36,42,-2,2026-09-25 08:58:09,23063.1
26450,175,-32,0,0,2026-09-25 08:58:09,23063.1
26500,10260,-2677,9624,-2713,2026-09-25 08:58:09,23063.1
26550,136,-2,0,0,2026-09-25 08:58:09,23063.1
26600,600,47,0,0,2026-09-25 08:58:09,23063.1
26650,122,-19,0,0,2026-09-25 08:58:09,23063.1
26700,145,45,0,0,2026-09-25 08:58:09,23063.1
26750,225,41,1,0,2026-09-25 08:58:09,23063.1
26800,179,-34,21,0,2026-09-25 08:58:09,23063.1
26850,170,3,0,0,2026-09-25 08:58:09,23063.1
26900,217,107,1,0,2026-09-25 08:58:09,23063.1
26950,225,19,0,0,2026-09-25 08:58:09,23063.1
27000,25446,-794,19212,-2271,2026-09-25 08:58:09,23063.1
27050,351,128,0,0,2026-09-25 08:58:09,23063.1
27100,637,0,0,0,2026-09-25 08:58:09,23063.1
27150,1266,249,0,0,2026-09-25 08:58:09,23063.1
27200,3251,631,0,0,2026-09-25 08:58:09,23063.1
28500,7081,-345,5041,-508,2026-09-25 08:58:09,23063.1
30000,4290,-13,1885,-86,2026-09-25 08:58:09,23063.1
31500,248,-5,0,0,2026-09-25 08:58:09,23063.1
33000,943,291,0,0,2026-09-25 08:58:09,23063.1
34500,203,31,0,0,2026-09-25 08:58:09,23063.1
15000,0,0,1680,104,2026-09-25 08:58:59,23063.1
16500,0,0,2254,201,2026-09-25 08:58:59,23063.1
18000,12,0,12861,457,2026-09-25 08:58:59,23063.1
19500,1702,-84,15983,-2069,2026-09-25 08:58:59,23063.1
20800,0,0,0,0,2026-09-25 08:58:59,23063.1
20850,0,0,10,10,2026-09-25 08:58:59,23063.1
20900,0,0,0,0,2026-09-25 08:58:59,23063.1
20950,0,0,0,0,2026-09-25 08:58:59,23063.1
21000,6227,-627,170050,30670,2026-09-25 08:58:59,23063.1
21050,0,0,0,0,2026-09-25 08:58:59,23063.1
21100,0,0,1,1,2026-09-25 08:58:59,23063.1
21150,0,0,30,30,2026-09-25 08:58:59,23063.1
21200,0,0,285,285,2026-09-25 08:58:59,23063.1
21250,0,0,0,0,2026-09-25 08:58:59,23063.1
21300,0,0,811,811,2026-09-25 08:58:59,23063.1
21350,0,0,37674,6651,2026-09-25 08:58:59,23063.1
21400,1,0,40850,753,2026-09-25 08:58:59,23063.1
21450,0,0,3840,1151,2026-09-25 08:58:59,23063.1
21500,1,0,66111,7110,2026-09-25 08:58:59,23063.1
21550,0,0,3808,2362,2026-09-25 08:58:59,23063.1
21600,644,-7,18446,4747,2026-09-25 08:58:59,23063.1
21650,1,0,4892,2742,2026-09-25 08:58:59,23063.1
21700,0,0,23505,8324,2026-09-25 08:58:59,23063.1
21750,1,0,5380,3402,2026-09-25 08:58:59,23063.1
21800,1,0,35545,15219,2026-09-25 08:58:59,23063.1
21850,1,0,3944,1561,2026-09-25 08:58:59,23063.1
21900,10,2,15491,2949,2026-09-25 08:58:59,23063.1
21950,2,0,7239,3042,2026-09-25 08:58:59,23063.1
22000,9764,-893,186656,73837,2026-09-25 08:58:59,23063.1
22050,1,0,8221,4089,2026-09-25 08:58:59,23063.1
22100,24,6,16991,1885,2026-09-25 08:58:59,23063.1
22150,62,55,5021,1525,2026-09-25 08:58:59,23063.1
22200,119,37,53688,11504,2026-09-25 08:58:59,23063.1
22250,25,20,10075,1245,2026-09-25 08:58:59,23063.1
22300,27,9,50131,11293,2026-09-25 08:58:59,23063.1
22350,33,32,17340,10124,2026-09-25 08:58:59,23063.1
22400,89,78,48773,13651,2026-09-25 08:58:59,23063.1
22450,156,148,19753,11263,2026-09-25 08:58:59,23063.1
22500,10131,2066,136722,13818,2026-09-25 08:58:59,23063.1
22550,108,95,20288,5060,2026-09-25 08:58:59,23063.1
22600,913,798,52764,179,2026-09-25 08:58:59,23063.1
22650,716,15,34090,1657,2026-09-25 08:58:59,23063.1
22700,1162,712,70776,10820,2026-09-25 08:58:59,23063.1
22750,855,342,32585,10059,2026-09-25 08:58:59,23063.1
22800,5981,1835,110087,11636,2026-09-25 08:58:59,23063.1
22850,1592,1248,44370,7314,2026-09-25 08:58:59,23063.1
22900,5793,3505,86748,12812,2026-09-25 08:58:59,23063.1
22950,4107,3490,36180,6069,2026-09-25 08:58:59,23063.1
23000,59784,39234,180885,-14126,2026-09-25 08:58:59,23063.1
23050,20791,19554,42936,16063,2026-09-25 08:58:59,23063.1
23100,108764,99959,116708,56186,2026-09-25 08:58:59,23063.1
23150,50935,47280,27152,-5360,2026-09-25 08:58:59,23063.1
23200,183835,161190,74653,-20869,2026-09-25 08:58:59,23063.1
23250,151988,136743,54518,-3371,2026-09-25 08:58:59,23063.1
23300,179324,115318,85370,-56330,2026-09-25 08:58:59,23063.1
23350,68324,43849,17158,-44065,2026-09-25 08:58:59,23063.1
23400,161881,45066,61977,-116404,2026-09-25 08:58:59,23063.1
23450,72256,12845,16860,-40572,2026-09-25 08:58:59,23063.1
23500,208801,50615,83847,-36466,2026-09-25 08:58:59,23063.1
23550,64525,2450,5521,-5430,2026-09-25 08:58:59,23063.1
23600,124349,17452,22318,-5761,2026-09-25 08:58:59,23063.1
23650,69940,21608,3904,-1438,2026-09-25 08:58:59,23063.1
23700,108810,7708,11919,-4258,2026-09-25 08:58:59,23063.1
23750,46226,10792,3530,-392,2026-09-25 08:58:59,23063.1
23800,109238,-16513,20537,-2593,2026-09-25 08:58:59,23063.1
23850,36260,-6590,1828,-232,2026-09-25 08:58:59,23063.1
23900,117969,8087,12108,-2357,2026-09-25 08:58:59,23063.1
23950,32223,9315,2022,-136,2026-09-25 08:58:59,23063.1
24000,298613,63236,70883,-10067,2026-09-25 08:58:59,23063.1
24050,49527,-9666,1243,-19,2026-09-25 08:58:59,23063.1
24100,84143,18864,6866,-1398,2026-09-25 08:58:59,23063.1
24150,26913,8521,1898,-166,2026-09-25 08:58:59,23063.1
24200,139087,45545,17086,-5365,2026-09-25 08:58:59,23063.1
24250,33879,15639,2204,-30,2026-09-25 08:58:59,23063.1
24300,124054,37410,39281,-3155,2026-09-25 08:58:59,23063.1
24350,27117,11946,4598,-76,2026-09-25 08:58:59,23063.1
24400,62678,144,22343,-4981,2026-09-25 08:58:59,23063.1
24450,6210,-2852,1170,-11,2026-09-25 08:58:59,23063.1
24500,195348,58611,30954,-7353,2026-09-25 08:58:59,23063.1
24550,18479,6626,692,-18,2026-09-25 08:58:59,23063.1
24600,54056,-3128,8678,-1075,2026-09-25 08:58:59,23063.1
24650,13471,3744,525,-6,2026-09-25 08:58:59,23063.1
24700,58030,-748,2835,-442,2026-09-25 08:58:59,23063.1
24750,5406,-788,381,-5,2026-09-25 08:58:59,23063.1
24800,54736,-12133,3712,-1014,2026-09-25 08:58:59,23063.1
24850,2334,-47,172,-3,2026-09-25 08:58:59,23063.1
24900,28070,-9273,872,-262,2026-09-25 08:58:59,23063.1
24950,2064,235,71,0,2026-09-25 08:58:59,23063.1
25000,173635,-8341,20973,-5433,2026-09-25 08:58:59,23063.1
25050,1223,-288,52,-1,2026-09-25 08:58:59,23063.1
25100,14674,-5286,1344,-29,2026-09-25 08:58:59,23063.1
25150,1276,-755,25,-1,2026-09-25 08:58:59,23063.1
25200,9637,-4370,1108,-54,2026-09-25 08:58:59,23063.1
25250,921,-104,34,0,2026-09-25 08:58:59,23063.1
25300,6680,-2538,401,-18,2026-09-25 08:58:59,23063.1
25350,408,-102,16,0,2026-09-25 08:58:59,23063.1
25400,3327,-1937,325,-4,2026-09-25 08:58:59,23063.1
25450,582,-14,9,0,2026-09-25 08:58:59,23063.1
25500,43665,-6224,11938,-6222,2026-09-25 08:58:59,23063.1
25550,1462,-189,6,0,2026-09-25 08:58:59,23063.1
25600,3223,-1240,448,0,2026-09-25 08:58:59,23063.1
25650,883,206,8,0,2026-09-25 08:58:59,23063.1
25700,4133,-371,165,-8,2026-09-25 08:58:59,23063.1
25750,313,9,4,0,2026-09-25 08:58:59,23063.1
25800,5791,-640,301,-22,2026-09-25 08:58:59,23063.1
25850,286,40,0,0,2026-09-25 08:58:59,23063.1
25900,3249,837,65,-4,2026-09-25 08:58:59,23063.1
25950,405,77,1,0,2026-09-25 08:58:59,23063.1
26000,48626,-2030,22530,-3147,2026-09-25 08:58:59,23063.1
26050,382,180,1,-3,2026-09-25 08:58:59,23063.1
26100,425,22,118,-26,2026-09-25 08:58:59,23063.1
26150,259,46,1,0,2026-09-25 08:58:59,23063.1
26200,2617,55,549,-14,2026-09-25 08:58:59,23063.1
26250,356,28,0,0,2026-09-25 08:58:59,23063.1
26300,1692,-105,948,-156,2026-09-25 08:58:59,23063.1
26350,129,78,0,0,2026-09-25 08:58:59,23063.1
26400,303,-36,42,-2,2026-09-25 08:58:59,23063.1
26450,175,-32,0,0,2026-09-25 08:58:59,23063.1
26500,10260,-2677,9624,-2713,2026-09-25 08:58:59,23063.1
26550,136,-2,0,0,2026-09-25 08:58:59,23063.1
26600,600,47,0,0,2026-09-25 08:58:59,23063.1
26650,122,-19,0,0,2026-09-25 08:58:59,23063.1
26700,145,45,0,0,2026-09-25 08:58:59,23063.1
26750,225,41,1,0,2026-09-25 08:58:59,23063.1
26800,179,-34,21,0,2026-09-25 08:58:59,23063.1
26850,170,3,0,0,2026-09-25 08:58:59,23063.1
26900,217,107,1,0,2026-09-25 08:58:59,23063.1
26950,225,19,0,0,2026-09-25 08:58:59,23063.1
27000,25446,-794,19212,-2271,2026-09-25 08:58:59,23063.1
27050,351,128,0,0,2026-09-25 08:58:59,23063.1
27100,637,0,0,0,2026-09-25 08:58:59,23063.1
27150,1266,249,0,0,2026-09-25 08:58:59,23063.1
27200,3251,631,0,0,2026-09-25 08:58:59,23063.1
28500,7081,-345,5041,-508,2026-09-25 08:58:59,23063.1
30000,4290,-13,1885,-86,2026-09-25 08:58:59,23063.1
31500,248,-5,0,0,2026-09-25 08:58:59,23063.1
33000,943,291,0,0,2026-09-25 08:58:59,23063.1
34500,203,31,0,0,2026-09-25 08:58:59,23063.1
15000,0,0,1680,104,2026-09-25 09:01:08,22581.2
16500,0,0,2254,201,2026-09-25 09:01:08,22581.2
18000,12,0,12861,457,2026-09-25 09:01:08,22581.2
19500,1702,-84,15983,-2069,2026-09-25 09:01:08,22581.2
20800,0,0,0,0,2026-09-25 09:01:08,22581.2
20850,0,0,10,10,2026-09-25 09:01:08,22581.2
20900,0,0,0,0,2026-09-25 09:01:08,22581.2
20950,0,0,0,0,2026-09-25 09:01:08,22581.2
21000,6227,-627,170050,30670,2026-09-25 09:01:08,22581.2
21050,0,0,0,0,2026-09-25 09:01:08,22581.2
21100,0,0,1,1,2026-09-25 09:01:08,22581.2
21150,0,0,30,30,2026-09-25 09:01:08,22581.2
21200,0,0,285,285,2026-09-25 09:01:08,22581.2
21250,0,0,0,0,2026-09-25 09:01:08,22581.2
21300,0,0,811,811,2026-09-25 09:01:08,22581.2
21350,0,0,37674,6651,2026-09-25 09:01:08,22581.2
21400,1,0,40850,753,2026-09-25 09:01:08,22581.2
21450,0,0,3840,1151,2026-09-25 09:01:08,22581.2
21500,1,0,66111,7110,2026-09-25 09:01:08,22581.2
21550,0,0,3808,2362,2026-09-25 09:01:08,22581.2
21600,644,-7,18446,4747,2026-09-25 09:01:08,22581.2
21650,1,0,4892,2742,2026-09-25 09:01:08,22581.2
21700,0,0,23505,8324,2026-09-25 09:01:08,22581.2
21750,1,0,5380,3402,2026-09-25 09:01:08,22581.2
21800,1,0,35545,15219,2026-09-25 09:01:08,22581.2
21850,1,0,3944,1561,2026-09-25 09:01:08,22581.2
21900,10,2,15491,2949,2026-09-25 09:01:08,22581.2
21950,2,0,7239,3042,2026-09-25 09:01:08,22581.2
22000,9764,-893,186656,73837,2026-09-25 09:01:08,22581.2
22050,1,0,8221,4089,2026-09-25 09:01:08,22581.2
22100,24,6,16991,1885,2026-09-25 09:01:08,22581.2
22150,62,55,5021,1525,2026-09-25 09:01:08,22581.2
22200,119,37,53688,11504,2026-09-25 09:01:08,22581.2
22250,25,20,10075,1245,2026-09-25 09:01:08,22581.2
22300,27,9,50131,11293,2026-09-25 09:01:08,22581.2
22350,33,32,17340,10124,2026-09-25 09:01:08,22581.2
22400,89,78,48773,13651,2026-09-25 09:01:08,22581.2
22450,156,148,19753,11263,2026-09-25 09:01:08,22581.2
22500,10131,2066,136722,13818,2026-09-25 09:01:08,22581.2
22550,108,95,20288,5060,2026-09-25 09:01:08,22581.2
22600,913,798,52764,179,2026-09-25 09:01:08,22581.2
22650,716,15,34090,1657,2026-09-25 09:01:08,22581.2
22700,1162,712,70776,10820,2026-09-25 09:01:08,22581.2
22750,855,342,32585,10059,2026-09-25 09:01:08,22581.2
22800,5981,1835,110087,11636,2026-09-25 09:01:08,22581.2
22850,1592,1248,44370,7314,2026-09-25 09:01:08,22581.2
22900,5793,3505,86748,12812,2026-09-25 09:01:08,22581.2
22950,4107,3490,36180,6069,2026-09-25 09:01:08,22581.2
23000,59784,39234,180885,-14126,2026-09-25 09:01:08,22581.2
23050,20791,19554,42936,16063,2026-09-25 09:01:08,22581.2
23100,108764,99959,116708,56186,2026-09-25 09:01:08,22581.2
23150,50935,47280,27152,-5360,2026-09-25 09:01:08,22581.2
23200,183835,161190,74653,-20869,2026-09-25 09:01:08,22581.2
23250,151988,136743,54518,-3371,2026-09-25 09:01:08,22581.2
23300,179324,115318,85370,-56330,2026-09-25 09:01:08,22581.2
23350,68324,43849,17158,-44065,2026-09-25 09:01:08,22581.2
23400,161881,45066,61977,-116404,2026-09-25 09:01:08,22581.2
23450,72256,12845,16860,-40572,2026-09-25 09:01:08,22581.2
23500,208801,50615,83847,-36466,2026-09-25 09:01:08,22581.2
23550,64525,2450,5521,-5430,2026-09-25 09:01:08,22581.2
23600,124349,17452,22318,-5761,2026-09-25 09:01:08,22581.2
23650,69940,21608,3904,-1438,2026-09-25 09:01:08,22581.2
23700,108810,7708,11919,-4258,2026-09-25 09:01:08,22581.2
23750,46226,10792,3530,-392,2026-09-25 09:01:08,22581.2
23800,109238,-16513,20537,-2593,2026-09-25 09:01:08,22581.2
23850,36260,-6590,1828,-232,2026-09-25 09:01:08,22581.2
23900,117969,8087,12108,-2357,2026-09-25 09:01:08,22581.2
23950,32223,9315,2022,-136,2026-09-25 09:01:08,22581.2
24000,298613,63236,70883,-10067,2026-09-25 09:01:08,22581.2
24050,49527,-9666,1243,-19,2026-09-25 09:01:08,22581.2
24100,84143,18864,6866,-1398,2026-09-25 09:01:08,22581.2
24150,26913,8521,1898,-166,2026-09-25 09:01:08,22581.2
24200,139087,45545,17086,-5365,2026-09-25 09:01:08,22581.2
24250,33879,15639,2204,-30,2026-09-25 09:01:08,22581.2
24300,124054,37410,39281,-3155,2026-09-25 09:01:08,22581.2
24350,27117,11946,4598,-76,2026-09-25 09:01:08,22581.2
24400,62678,144,22343,-4981,2026-09-25 09:01:08,22581.2
24450,6210,-2852,1170,-11,2026-09-25 09:01:08,22581.2
24500,195348,58611,30954,-7353,2026-09-25 09:01:08,22581.2
24550,18479,6626,692,-18,2026-09-25 09:01:08,22581.2
24600,54056,-3128,8678,-1075,2026-09-25 09:01:08,22581.2
24650,13471,3744,525,-6,2026-09-25 09:01:08,22581.2
24700,58030,-748,2835,-442,2026-09-25 09:01:08,22581.2
24750,5406,-788,381,-5,2026-09-25 09:01:08,22581.2
24800,54736,-12133,3712,-1014,2026-09-25 09:01:08,22581.2
24850,2334,-47,172,-3,2026-09-25 09:01:08,22581.2
24900,28070,-9273,872,-262,2026-09-25 09:01:08,22581.2
24950,2064,235,71,0,2026-09-25 09:01:08,22581.2
25000,173635,-8341,20973,-5433,2026-09-25 09:01:08,22581.2
25050,1223,-288,52,-1,2026-09-25 09:01:08,22581.2
25100,14674,-5286,1344,-29,2026-09-25 09:01:08,22581.2
25150,1276,-755,25,-1,2026-09-25 09:01:08,22581.2
25200,9637,-4370,1108,-54,2026-09-25 09:01:08,22581.2
25250,921,-104,34,0,2026-09-25 09:01:08,22581.2
25300,6680,-2538,401,-18,2026-09-25 09:01:08,22581.2
25350,408,-102,16,0,2026-09-25 09:01:08,22581.2
25400,3327,-1937,325,-4,2026-09-25 09:01:08,22581.2
25450,582,-14,9,0,2026-09-25 09:01:08,22581.2
25500,43665,-6224,11938,-6222,2026-09-25 09:01:08,22581.2
25550,1462,-189,6,0,2026-09-25 09:01:08,22581.2
25600,3223,-1240,448,0,2026-09-25 09:01:08,22581.2
25650,883,206,8,0,2026-09-25 09:01:08,22581.2
25700,4133,-371,165,-8,2026-09-25 09:01:08,22581.2
25750,313,9,4,0,2026-09-25 09:01:08,22581.2
25800,5791,-640,301,-22,2026-09-25 09:01:08,22581.2
25850,286,40,0,0,2026-09-25 09:01:08,22581.2
25900,3249,837,65,-4,2026-09-25 09:01:08,22581.2
25950,405,77,1,0,2026-09-25 09:01:08,22581.2
26000,48626,-2030,22530,-3147,2026-09-25 09:01:08,22581.2
26050,382,180,1,-3,2026-09-25 09:01:08,22581.2
26100,425,22,118,-26,2026-09-25 09:01:08,22581.2
26150,259,46,1,0,2026-09-25 09:01:08,22581.2
26200,2617,55,549,-14,2026-09-25 09:01:08,22581.2
26250,356,28,0,0,2026-09-25 09:01:08,22581.2
26300,1692,-105,948,-156,2026-09-25 09:01:08,22581.2
26350,129,78,0,0,2026-09-25 09:01:08,22581.2
26400,303,-36,42,-2,2026-09-25 09:01:08,22581.2
26450,175,-32,0,0,2026-09-25 09:01:08,22581.2
26500,10260,-2677,9624,-2713,2026-09-25 09:01:08,22581.2
26550,136,-2,0,0,2026-09-25 09:01:08,22581.2
26600,600,47,0,0,2026-09-25 09:01:08,22581.2
26650,122,-19,0,0,2026-09-25 09:01:08,22581.2
26700,145,45,0,0,2026-09-25 09:01:08,22581.2
26750,225,41,1,0,2026-09-25 09:01:08,22581.2
26800,179,-34,21,0,2026-09-25 09:01:08,22581.2
26850,170,3,0,0,2026-09-25 09:01:08,22581.2
26900,217,107,1,0,2026-09-25 09:01:08,22581.2
26950,225,19,0,0,2026-09-25 09:01:08,22581.2
27000,25446,-794,19212,-2271,2026-09-25 09:01:08,22581.2
27050,351,128,0,0,2026-09-25 09:01:08,22581.2
27100,637,0,0,0,2026-09-25 09:01:08,22581.2
27150,1266,249,0,0,2026-09-25 09:01:08,22581.2
27200,3251,631,0,0,2026-09-25 09:01:08,22581.2
28500,7081,-345,5041,-508,2026-09-25 09:01:08,22581.2
30000,4290,-13,1885,-86,2026-09-25 09:01:08,22581.2
31500,248,-5,0,0,2026-09-25 09:01:08,22581.2
33000,943,291,0,0,2026-09-25 09:01:08,22581.2
34500,203,31,0,0,2026-09-25 09:01:08,22581.2
15000,0,0,1680,104,2026-09-25 09:04:12,22983.5
16500,0,0,2254,201,2026-09-25 09:04:12,22983.5
18000,12,0,12861,457,2026-09-25 09:04:12,22983.5
19500,1702,-84,15983,-2069,2026-09-25 09:04:12,22983.5
20800,0,0,0,0,2026-09-25 09:04:12,22983.5
20850,0,0,10,10,2026-09-25 09:04:12,22983.5
20900,0,0,0,0,2026-09-25 09:04:12,22983.5
20950,0,0,0,0,2026-09-25 09:04:12,22983.5
21000,6227,-627,170050,30670,2026-09-25 09:04:12,22983.5
21050,0,0,0,0,2026-09-25 09:04:12,22983.5
21100,0,0,1,1,2026-09-25 09:04:12,22983.5
21150,0,0,30,30,2026-09-25 09:04:12,22983.5
21200,0,0,285,285,2026-09-25 09:04:12,22983.5
21250,0,0,0,0,2026-09-25 09:04:12,22983.5
21300,0,0,811,811,2026-09-25 09:04:12,22983.5
21350,0,0,37674,6651,2026-09-25 09:04:12,22983.5
21400,1,0,40850,753,2026-09-25 09:04:12,22983.5
21450,0,0,3840,1151,2026-09-25 09:04:12,22983.5
21500,1,0,66111,7110,2026-09-25 09:04:12,22983.5
21550,0,0,3808,2362,2026-09-25 09:04:12,22983.5
21600,644,-7,18446,4747,2026-09-25 09:04:12,22983.5
21650,1,0,4892,2742,2026-09-25 09:04:12,22983.5
21700,0,0,23505,8324,2026-09-25 09:04:12,22983.5
21750,1,0,5380,3402,2026-09-25 09:04:12,22983.5
21800,1,0,35545,15219,2026-09-25 09:04:12,22983.5
21850,1,0,3944,1561,2026-09-25 09:04:12,22983.5
21900,10,2,15491,2949,2026-09-25 09:04:12,22983.5
21950,2,0,7239,3042,2026-09-25 09:04:12,22983.5
22000,9764,-893,186656,73837,2026-09-25 09:04:12,22983.5
22050,1,0,8221,4089,2026-09-25 09:04:12,22983.5
22100,24,6,16991,1885,2026-09-25 09:04:12,22983.5
22150,62,55,5021,1525,2026-09-25 09:04:12,22983.5
22200,119,37,53688,11504,2026-09-25 09:04:12,22983.5
22250,25,20,10075,1245,2026-09-25 09:04:12,22983.5
22300,27,9,50131,11293,2026-09-25 09:04:12,22983.5
22350,33,32,17340,10124,2026-09-25 09:04:12,22983.5
22400,89,78,48773,13651,2026-09-25 09:04:12,22983.5
22450,156,148,19753,11263,2026-09-25 09:04:12,22983.5
22500,10131,2066,136722,13818,2026-09-25 09:04:12,22983.5
22550,108,95,20288,5060,2026-09-25 09:04:12,22983.5
22600,913,798,52764,179,2026-09-25 09:04:12,22983.5
22650,716,15,34090,1657,2026-09-25 09:04:12,22983.5
22700,1162,712,70776,10820,2026-09-25 09:04:12,22983.5
22750,855,342,32585,10059,2026-09-25 09:04:12,22983.5
22800,5981,1835,110087,11636,2026-09-25 09:04:12,22983.5
22850,1592,1248,44370,7314,2026-09-25 09:04:12,22983.5
22900,5793,3505,86748,12812,2026-09-25 09:04:12,22983.5
22950,4107,3490,36180,6069,2026-09-25 09:04:12,22983.5
23000,59784,39234,180885,-14126,2026-09-25 09:04:12,22983.5
23050,20791,19554,42936,16063,2026-09-25 09:04:12,22983.5
23100,108764,99959,116708,56186,2026-09-25 09:04:12,22983.5
23150,50935,47280,27152,-5360,2026-09-25 09:04:12,22983.5
23200,183835,161190,74653,-20869,2026-09-25 09:04:12,22983.5
23250,151988,136743,54518,-3371,2026-09-25 09:04:12,22983.5
23300,179324,115318,85370,-56330,2026-09-25 09:04:12,22983.5
23350,68324,43849,17158,-44065,2026-09-25 09:04:12,22983.5
23400,161881,45066,61977,-116404,2026-09-25 09:04:12,22983.5
23450,72256,12845,16860,-40572,2026-09-25 09:04:12,22983.5
23500,208801,50615,83847,-36466,2026-09-25 09:04:12,22983.5
23550,64525,2450,5521,-5430,2026-09-25 09:04:12,22983.5
23600,124349,17452,22318,-5761,2026-09-25 09:04:12,22983.5
23650,69940,21608,3904,-1438,2026-09-25 09:04:12,22983.5
23700,108810,7708,11919,-4258,2026-09-25 09:04:12,22983.5
23750,46226,10792,3530,-392,2026-09-25 09:04:12,22983.5
23800,109238,-16513,20537,-2593,2026-09-25 09:04:12,22983.5
23850,36260,-6590,1828,-232,2026-09-25 09:04:12,22983.5
23900,117969,8087,12108,-2357,2026-09-25 09:04:12,22983.5
23950,32223,9315,2022,-136,2026-09-25 09:04:12,22983.5
24000,298613,63236,70883,-10067,2026-09-25 09:04:12,22983.5
24050,49527,-9666,1243,-19,2026-09-25 09:04:12,22983.5
24100,84143,18864,6866,-1398,2026-09-25 09:04:12,22983.5
24150,26913,8521,1898,-166,2026-09-25 09:04:12,22983.5
24200,139087,45545,17086,-5365,2026-09-25 09:04:12,22983.5
24250,33879,15639,2204,-30,2026-09-25 09:04:12,22983.5
24300,124054,37410,39281,-3155,2026-09-25 09:04:12,22983.5
24350,27117,11946,4598,-76,2026-09-25 09:04:12,22983.5
24400,62678,144,22343,-4981,2026-09-25 09:04:12,22983.5
24450,6210,-2852,1170,-11,2026-09-25 09:04:12,22983.5
24500,195348,58611,30954,-7353,2026-09-25 09:04:12,22983.5
24550,18479,6626,692,-18,2026-09-25 09:04:12,22983.5
24600,54056,-3128,8678,-1075,2026-09-25 09:04:12,22983.5
24650,13471,3744,525,-6,2026-09-25 09:04:12,22983.5
24700,58030,-748,2835,-442,2026-09-25 09:04:12,22983.5
24750,5406,-788,381,-5,2026-09-25 09:04:12,22983.5
24800,54736,-12133,3712,-1014,2026-09-25 09:04:12,22983.5
24850,2334,-47,172,-3,2026-09-25 09:04:12,22983.5
24900,28070,-9273,872,-262,2026-09-25 09:04:12,22983.5
24950,2064,235,71,0,2026-09-25 09:04:12,22983.5
25000,173635,-8341,20973,-5433,2026-09-25 09:04:12,22983.5
25050,1223,-288,52,-1,2026-09-25 09:04:12,22983.5
25100,14674,-5286,1344,-29,2026-09-25 09:04:12,22983.5
25150,1276,-755,25,-1,2026-09-25 09:04:12,22983.5
25200,9637,-4370,1108,-54,2026-09-25 09:04:12,22983.5
25250,921,-104,34,0,2026-09-25 09:04:12,22983.5
25300,6680,-2538,401,-18,2026-09-25 09:04:12,22983.5
25350,408,-102,16,0,2026-09-25 09:04:12,22983.5
25400,3327,-1937,325,-4,2026-09-25 09:04:12,22983.5
25450,582,-14,9,0,2026-09-25 09:04:12,22983.5
25500,43665,-6224,11938,-6222,2026-09-25 09:04:12,22983.5
25550,1462,-189,6,0,2026-09-25 09:04:12,22983.5
25600,3223,-1240,448,0,2026-09-25 09:04:12,22983.5
25650,883,206,8,0,2026-09-25 09:04:12,22983.5
25700,4133,-371,165,-8,2026-09-25 09:04:12,22983.5
25750,313,9,4,0,2026-09-25 09:04:12,22983.5
25800,5791,-640,301,-22,2026-09-25 09:04:12,22983.5
25850,286,40,0,0,2026-09-25 09:04:12,22983.5
25900,3249,837,65,-4,2026-09-25 09:04:12,22983.5
25950,405,77,1,0,2026-09-25 09:04:12,22983.5
26000,48626,-2030,22530,-3147,2026-09-25 09:04:12,22983.5
26050,382,180,1,-3,2026-09-25 09:04:12,22983.5
26100,425,22,118,-26,2026-09-25 09:04:12,22983.5
26150,259,46,1,0,2026-09-25 09:04:12,22983.5
26200,2617,55,549,-14,2026-09-25 09:04:12,22983.5
26250,356,28,0,0,2026-09-25 09:04:12,22983.5
26300,1692,-105,948,-156,2026-09-25 09:04:12,22983.5
26350,129,78,0,0,2026-09-25 09:04:12,22983.5
26400,303,-36,42,-2,2026-09-25 09:04:12,22983.5
26450,175,-32,0,0,2026-09-25 09:04:12,22983.5
26500,10260,-2677,9624,-2713,2026-09-25 09:04:12,22983.5
26550,136,-2,0,0,2026-09-25 09:04:12,22983.5
26600,600,47,0,0,2026-09-25 09:04:12,22983.5
26650,122,-19,0,0,2026-09-25 09:04:12,22983.5
26700,145,45,0,0,2026-09-25 09:04:12,22983.5
26750,225,41,1,0,2026-09-25 09:04:12,22983.5
26800,179,-34,21,0,2026-09-25 09:04:12,22983.5
26850,170,3,0,0,2026-09-25 09:04:12,22983.5
26900,217,107,1,0,2026-09-25 09:04:12,22983.5
26950,225,19,0,0,2026-09-25 09:04:12,22983.5
27000,25446,-794,19212,-2271,2026-09-25 09:04:12,22983.5
27050,351,128,0,0,2026-09-25 09:04:12,22983.5
27100,637,0,0,0,2026-09-25 09:04:12,22983.5
27150,1266,249,0,0,2026-09-25 09:04:12,22983.5
27200,3251,631,0,0,2026-09-25 09:04:12,22983.5
28500,7081,-345,5041,-508,2026-09-25 09:04:12,22983.5
30000,4290,-13,1885,-86,2026-09-25 09:04:12,22983.5
31500,248,-5,0,0,2026-09-25 09:04:12,22983.5
33000,943,291,0,0,2026-09-25 09:04:12,22983.5
34500,203,31,0,0,2026-09-25 09:04:12,22983.5
15000,0,0,1680,104,2026-09-25 09:07:16,23058.0
16500,0,0,2254,201,2026-09-25 09:07:16,23058.0
18000,12,0,12861,457,2026-09-25 09:07:16,23058.0
19500,1702,-84,15983,-2069,2026-09-25 09:07:16,23058.0
20800,0,0,0,0,2026-09-25 09:07:16,23058.0
20850,0,0,10,10,2026-09-25 09:07:16,23058.0
20900,0,0,0,0,2026-09-25 09:07:16,23058.0
20950,0,0,0,0,2026-09-25 09:07:16,23058.0
21000,6227,-627,170050,30670,2026-09-25 09:07:16,23058.0
21050,0,0,0,0,2026-09-25 09:07:16,23058.0
21100,0,0,1,1,2026-09-25 09:07:16,23058.0
21150,0,0,30,30,2026-09-25 09:07:16,23058.0
21200,0,0,285,285,2026-09-25 09:07:16,23058.0
21250,0,0,0,0,2026-09-25 09:07:16,23058.0
21300,0,0,811,811,2026-09-25 09:07:16,23058.0
21350,0,0,37674,6651,2026-09-25 09:07:16,23058.0
21400,1,0,40850,753,2026-09-25 09:07:16,23058.0
21450,0,0,3840,1151,2026-09-25 09:07:16,23058.0
21500,1,0,66111,7110,2026-09-25 09:07:16,23058.0
21550,0,0,3808,2362,2026-09-25 09:07:16,23058.0
21600,644,-7,18446,4747,2026-09-25 09:07:16,23058.0
21650,1,0,4892,2742,2026-09-25 09:07:16,23058.0
21700,0,0,23505,8324,2026-09-25 09:07:16,23058.0
21750,1,0,5380,3402,2026-09-25 09:07:16,23058.0
21800,1,0,35545,15219,2026-09-25 09:07:16,23058.0
21850,1,0,3944,1561,2026-09-25 09:07:16,23058.0
21900,10,2,15491,2949,2026-09-25 09:07:16,23058.0
21950,2,0,7239,3042,2026-09-25 09:07:16,23058.0
22000,9764,-893,186656,73837,2026-09-25 09:07:16,23058.0
22050,1,0,8221,4089,2026-09-25 09:07:16,23058.0
22100,24,6,16991,1885,2026-09-25 09:07:16,23058.0
22150,62,55,5021,1525,2026-09-25 09:07:16,23058.0
22200,119,37,53688,11504,2026-09-25 09:07:16,23058.0
22250,25,20,10075,1245,2026-09-25 09:07:16,23058.0
22300,27,9,50131,11293,2026-09-25 09:07:16,23058.0
22350,33,32,17340,10124,2026-09-25 09:07:16,23058.0
22400,89,78,48773,13651,2026-09-25 09:07:16,23058.0
22450,156,148,19753,11263,2026-09-25 09:07:16,23058.0
22500,10131,2066,136722,13818,2026-09-25 09:07:16,23058.0
22550,108,95,20288,5060,2026-09-25 09:07:16,23058.0
22600,913,798,52764,179,2026-09-25 09:07:16,23058.0
22650,716,15,34090,1657,2026-09-25 09:07:16,23058.0
22700,1162,712,70776,10820,2026-09-25 09:07:16,23058.0
22750,855,342,32585,10059,2026-09-25 09:07:16,23058.0
22800,5981,1835,110087,11636,2026-09-25 09:07:16,23058.0
22850,1592,1248,44370,7314,2026-09-25 09:07:16,23058.0
22900,5793,3505,86748,12812,2026-09-25 09:07:16,23058.0
22950,4107,3490,36180,6069,2026-09-25 09:07:16,23058.0
23000,59784,39234,180885,-14126,2026-09-25 09:07:16,23058.0
23050,20791,19554,42936,16063,2026-09-25 09:07:16,23058.0
23100,108764,99959,116708,56186,2026-09-25 09:07:16,23058.0
23150,50935,47280,27152,-5360,2026-09-25 09:07:16,23058.0
23200,183835,161190,74653,-20869,2026-09-25 09:07:16,23058.0
23250,151988,136743,54518,-3371,2026-09-25 09:07:16,23058.0
23300,179324,115318,85370,-56330,2026-09-25 09:07:16,23058.0
23350,68324,43849,17158,-44065,2026-09-25 09:07:16,23058.0
23400,161881,45066,61977,-116404,2026-09-25 09:07:16,23058.0
23450,72256,12845,16860,-40572,2026-09-25 09:07:16,23058.0
23500,208801,50615,83847,-36466,2026-09-25 09:07:16,23058.0
23550,64525,2450,5521,-5430,2026-09-25 09:07:16,23058.0
23600,124349,17452,22318,-5761,2026-09-25 09:07:16,23058.0
23650,69940,21608,3904,-1438,2026-09-25 09:07:16,23058.0
23700,108810,7708,11919,-4258,2026-09-25 09:07:16,23058.0
23750,46226,10792,3530,-392,2026-09-25 09:07:16,23058.0
23800,109238,-16513,20537,-2593,2026-09-25 09:07:16,23058.0
23850,36260,-6590,1828,-232,2026-09-25 09:07:16,23058.0
23900,117969,8087,12108,-2357,2026-09-25 09:07:16,23058.0
23950,32223,9315,2022,-136,2026-09-25 09:07:16,23058.0
24000,298613,63236,70883,-10067,2026-09-25 09:07:16,23058.0
24050,49527,-9666,1243,-19,2026-09-25 09:07:16,23058.0
24100,84143,18864,6866,-1398,2026-09-25 09:07:16,23058.0
24150,26913,8521,1898,-166,2026-09-25 09:07:16,23058.0
24200,139087,45545,17086,-5365,2026-09-25 09:07:16,23058.0
24250,33879,15639,2204,-30,2026-09-25 09:07:16,23058.0
24300,124054,37410,39281,-3155,2026-09-25 09:07:16,23058.0
24350,27117,11946,4598,-76,2026-09-25 09:07:16,23058.0
24400,62678,144,22343,-4981,2026-09-25 09:07:16,23058.0
24450,6210,-2852,1170,-11,2026-09-25 09:07:16,23058.0
24500,195348,58611,30954,-7353,2026-09-25 09:07:16,23058.0
24550,18479,6626,692,-18,2026-09-25 09:07:16,23058.0
24600,54056,-3128,8678,-1075,2026-09-25 09:07:16,23058.0
24650,13471,3744,525,-6,2026-09-25 09:07:16,23058.0
24700,58030,-748,2835,-442,2026-09-25 09:07:16,23058.0
24750,5406,-788,381,-5,2026-09-25 09:07:16,23058.0
24800,54736,-12133,3712,-1014,2026-09-25 09:07:16,23058.0
24850,2334,-47,172,-3,2026-09-25 09:07:16,23058.0
24900,28070,-9273,872,-262,2026-09-25 09:07:16,23058.0
24950,2064,235,71,0,2026-09-25 09:07:16,23058.0
25000,173635,-8341,20973,-5433,2026-09-25 09:07:16,23058.0
25050,1223,-288,52,-1,2026-09-25 09:07:16,23058.0
25100,14674,-5286,1344,-29,2026-09-25 09:07:16,23058.0
25150,1276,-755,25,-1,2026-09-25 09:07:16,23058.0
25200,9637,-4370,1108,-54,2026-09-25 09:07:16,23058.0
25250,921,-104,34,0,2026-09-25 09:07:16,23058.0
25300,6680,-2538,401,-18,2026-09-25 09:07:16,23058.0
25350,408,-102,16,0,2026-09-25 09:07:16,23058.0
25400,3327,-1937,325,-4,2026-09-25 09:07:16,23058.0
25450,582,-14,9,0,2026-09-25 09:07:16,23058.0
25500,43665,-6224,11938,-6222,2026-09-25 09:07:16,23058.0
25550,1462,-189,6,0,2026-09-25 09:07:16,23058.0
25600,3223,-1240,448,0,2026-09-25 09:07:16,23058.0
25650,883,206,8,0,2026-09-25 09:07:16,23058.0
25700,4133,-371,165,-8,2026-09-25 09:07:16,23058.0
25750,313,9,4,0,2026-09-25 09:07:16,23058.0
25800,5791,-640,301,-22,2026-09-25 09:07:16,23058.0
25850,286,40,0,0,2026-09-25 09:07:16,23058.0
25900,3249,837,65,-4,2026-09-25 09:07:16,23058.0
25950,405,77,1,0,2026-09-25 09:07:16,23058.0
26000,48626,-2030,22530,-3147,2026-09-25 09:07:16,23058.0
26050,382,180,1,-3,2026-09-25 09:07:16,23058.0
26100,425,22,118,-26,2026-09-25 09:07:16,23058.0
26150,259,46,1,0,2026-09-25 09:07:16,23058.0
26200,2617,55,549,-14,2026-09-25 09:07:16,23058.0
26250,356,28,0,0,2026-09-25 09:07:16,23058.0
26300,1692,-105,948,-156,2026-09-25 09:07:16,23058.0
26350,129,78,0,0,2026-09-25 09:07:16,23058.0
26400,303,-36,42,-2,2026-09-25 09:07:16,23058.0
26450,175,-32,0,0,2026-09-25 09:07:16,23058.0
26500,10260,-2677,9624,-2713,2026-09-25 09:07:16,23058.0
26550,136,-2,0,0,2026-09-25 09:07:16,23058.0
26600,600,47,0,0,2026-09-25 09:07:16,23058.0
26650,122,-19,0,0,2026-09-25 09:07:16,23058.0
26700,145,45,0,0,2026-09-25 09:07:16,23058.0
26750,225,41,1,0,2026-09-25 09:07:16,23058.0
26800,179,-34,21,0,2026-09-25 09:07:16,23058.0
26850,170,3,0,0,2026-09-25 09:07:16,23058.0
26900,217,107,1,0,2026-09-25 09:07:16,23058.0
26950,225,19,0,0,2026-09-25 09:07:16,23058.0
27000,25446,-794,19212,-2271,2026-09-25 09:07:16,23058.0
27050,351,128,0,0,2026-09-25 09:07:16,23058.0
27100,637,0,0,0,2026-09-25 09:07:16,23058.0
27150,1266,249,0,0,2026-09-25 09:07:16,23058.0
27200,3251,631,0,0,2026-09-25 09:07:16,23058.0
28500,7081,-345,5041,-508,2026-09-25 09:07:16,23058.0
30000,4290,-13,1885,-86,2026-09-25 09:07:16,23058.0
31500,248,-5,0,0,2026-09-25 09:07:16,23058.0
33000,943,291,0,0,2026-09-25 09:07:16,23058.0
34500,203,31,0,0,2026-09-25 09:07:16,23058.0
15000,0,0,1680,104,2026-09-25 09:10:24,23035.0
16500,0,0,2254,201,2026-09-25 09:10:24,23035.0
18000,12,0,12861,457,2026-09-25 09:10:24,23035.0
19500,1702,-84,15983,-2069,2026-09-25 09:10:24,23035.0
20800,0,0,0,0,2026-09-25 09:10:24,23035.0
20850,0,0,10,10,2026-09-25 09:10:24,23035.0
20900,0,0,0,0,2026-09-25 09:10:24,23035.0
20950,0,0,0,0,2026-09-25 09:10:24,23035.0
21000,6227,-627,170050,30670,2026-09-25 09:10:24,23035.0
21050,0,0,0,0,2026-09-25 09:10:24,23035.0
21100,0,0,1,1,2026-09-25 09:10:24,23035.0
21150,0,0,30,30,2026-09-25 09:10:24,23035.0
21200,0,0,285,285,2026-09-25 09:10:24,23035.0
21250,0,0,0,0,2026-09-25 09:10:24,23035.0
21300,0,0,811,811,2026-09-25 09:10:24,23035.0
21350,0,0,37674,6651,2026-09-25 09:10:24,23035.0
21400,1,0,40850,753,2026-09-25 09:10:24,23035.0
21450,0,0,3840,1151,2026-09-25 09:10:24,23035.0
21500,1,0,66111,7110,2026-09-25 09:10:24,23035.0
21550,0,0,3808,2362,2026-09-25 09:10:24,23035.0
21600,644,-7,18446,4747,2026-09-25 09:10:24,23035.0
21650,1,0,4892,2742,2026-09-25 09:10:24,23035.0
21700,0,0,23505,8324,2026-09-25 09:10:24,23035.0
21750,1,0,5380,3402,2026-09-25 09:10:24,23035.0
21800,1,0,35545,15219,2026-09-25 09:10:24,23035.0
21850,1,0,3944,1561,2026-09-25 09:10:24,23035.0
21900,10,2,15491,2949,2026-09-25 09:10:24,23035.0
21950,2,0,7239,3042,2026-09-25 09:10:24,23035.0
22000,9764,-893,186656,73837,2026-09-25 09:10:24,23035.0
22050,1,0,8221,4089,2026-09-25 09:10:24,23035.0
22100,24,6,16991,1885,2026-09-25 09:10:24,23035.0
22150,62,55,5021,1525,2026-09-25 09:10:24,23035.0
22200,119,37,53688,11504,2026-09-25 09:10:24,23035.0
22250,25,20,10075,1245,2026-09-25 09:10:24,23035.0
22300,27,9,50131,11293,2026-09-25 09:10:24,23035.0
22350,33,32,17340,10124,2026-09-25 09:10:24,23035.0
22400,89,78,48773,13651,2026-09-25 09:10:24,23035.0
22450,156,148,19753,11263,2026-09-25 09:10:24,23035.0
22500,10131,2066,136722,13818,2026-09-25 09:10:24,23035.0
22550,108,95,20288,5060,2026-09-25 09:10:24,23035.0
22600,913,798,52764,179,2026-09-25 09:10:24,23035.0
22650,716,15,34090,1657,2026-09-25 09:10:24,23035.0
22700,1162,712,70776,10820,2026-09-25 09:10:24,23035.0
22750,855,342,32585,10059,2026-09-25 09:10:24,23035.0
22800,5981,1835,110087,11636,2026-09-25 09:10:24,23035.0
22850,1592,1248,44370,7314,2026-09-25 09:10:24,23035.0
22900,5793,3505,86748,12812,2026-09-25 09:10:24,23035.0
22950,4107,3490,36180,6069,2026-09-25 09:10:24,23035.0
23000,59784,39234,180885,-14126,2026-09-25 09:10:24,23035.0
23050,20791,19554,42936,16063,2026-09-25 09:10:24,23035.0
23100,108764,99959,116708,56186,2026-09-25 09:10:24,23035.0
23150,50935,47280,27152,-5360,2026-09-25 09:10:24,23035.0
23200,183835,161190,74653,-20869,2026-09-25 09:10:24,23035.0
23250,151988,136743,54518,-3371,2026-09-25 09:10:24,23035.0
23300,179324,115318,85370,-56330,2026-09-25 09:10:24,23035.0
23350,68324,43849,17158,-44065,2026-09-25 09:10:24,23035.0
23400,161881,45066,61977,-116404,2026-09-25 09:10:24,23035.0
23450,72256,12845,16860,-40572,2026-09-25 09:10:24,23035.0
23500,208801,50615,83847,-36466,2026-09-25 09:10:24,23035.0
23550,64525,2450,5521,-5430,2026-09-25 09:10:24,23035.0
23600,124349,17452,22318,-5761,2026-09-25 09:10:24,23035.0
23650,69940,21608,3904,-1438,2026-09-25 09:10:24,23035.0
23700,108810,7708,11919,-4258,2026-09-25 09:10:24,23035.0
23750,46226,10792,3530,-392,2026-09-25 09:10:24,23035.0
23800,109238,-16513,20537,-2593,2026-09-25 09:10:24,23035.0
23850,36260,-6590,1828,-232,2026-09-25 09:10:24,23035.0
23900,117969,8087,12108,-2357,2026-09-25 09:10:24,23035.0
23950,32223,9315,2022,-136,2026-09-25 09:10:24,23035.0
24000,298613,63236,70883,-10067,2026-09-25 09:10:24,23035.0
24050,49527,-9666,1243,-19,2026-09-25 09:10:24,23035.0
24100,84143,18864,6866,-1398,2026-09-25 09:10:24,23035.0
24150,26913,8521,1898,-166,2026-09-25 09:10:24,23035.0
24200,139087,45545,17086,-5365,2026-09-25 09:10:24,23035.0
24250,33879,15639,2204,-30,2026-09-25 09:10:24,23035.0
24300,124054,37410,39281,-3155,2026-09-25 09:10:24,23035.0
24350,27117,11946,4598,-76,2026-09-25 09:10:24,23035.0
24400,62678,144,22343,-4981,2026-09-25 09:10:24,23035.0
24450,6210,-2852,1170,-11,2026-09-25 09:10:24,23035.0
24500,195348,58611,30954,-7353,2026-09-25 09:10:24,23035.0
24550,18479,6626,692,-18,2026-09-25 09:10:24,23035.0
24600,54056,-3128,8678,-1075,2026-09-25 09:10:24,23035.0
24650,13471,3744,525,-6,2026-09-25 09:10:24,23035.0
24700,58030,-748,2835,-442,2026-09-25 09:10:24,23035.0
24750,5406,-788,381,-5,2026-09-25 09:10:24,23035.0
24800,54736,-12133,3712,-1014,2026-09-25 09:10:24,23035.0
24850,2334,-47,172,-3,2026-09-25 09:10:24,23035.0
24900,28070,-9273,872,-262,2026-09-25 09:10:24,23035.0
24950,2064,235,71,0,2026-09-25 09:10:24,23035.0
25000,173635,-8341,20973,-5433,2026-09-25 09:10:24,23035.0
25050,1223,-288,52,-1,2026-09-25 09:10:24,23035.0
25100,14674,-5286,1344,-29,2026-09-25 09:10:24,23035.0
25150,1276,-755,25,-1,2026-09-25 09:10:24,23035.0
25200,9637,-4370,1108,-54,2026-09-25 09:10:24,23035.0
25250,921,-104,34,0,2026-09-25 09:10:24,23035.0
25300,6680,-2538,401,-18,2026-09-25 09:10:24,23035.0
25350,408,-102,16,0,2026-09-25 09:10:24,23035.0
25400,3327,-1937,325,-4,2026-09-25 09:10:24,23035.0
25450,582,-14,9,0,2026-09-25 09:10:24,23035.0
25500,43665,-6224,11938,-6222,2026-09-25 09:10:24,23035.0
25550,1462,-189,6,0,2026-09-25 09:10:24,23035.0
25600,3223,-1240,448,0,2026-09-25 09:10:24,23035.0
25650,883,206,8,0,2026-09-25 09:10:24,23035.0
25700,4133,-371,165,-8,2026-09-25 09:10:24,23035.0
25750,313,9,4,0,2026-09-25 09:10:24,23035.0
25800,5791,-640,301,-22,2026-09-25 09:10:24,23035.0
25850,286,40,0,0,2026-09-25 09:10:24,23035.0
25900,3249,837,65,-4,2026-09-25 09:10:24,23035.0
25950,405,77,1,0,2026-09-25 09:10:24,23035.0
26000,48626,-2030,22530,-3147,2026-09-25 09:10:24,23035.0
26050,382,180,1,-3,2026-09-25 09:10:24,23035.0
26100,425,22,118,-26,2026-09-25 09:10:24,23035.0
26150,259,46,1,0,2026-09-25 09:10:24,23035.0
26200,2617,55,549,-14,2026-09-25 09:10:24,23035.0
26250,356,28,0,0,2026-09-25 09:10:24,23035.0
26300,1692,-105,948,-156,2026-09-25 09:10:24,23035.0
26350,129,78,0,0,2026-09-25 09:10:24,23035.0
26400,303,-36,42,-2,2026-09-25 09:10:24,23035.0
26450,175,-32,0,0,2026-09-25 09:10:24,23035.0
26500,10260,-2677,9624,-2713,2026-09-25 09:10:24,23035.0
26550,136,-2,0,0,2026-09-25 09:10:24,23035.0
26600,600,47,0,0,2026-09-25 09:10:24,23035.0
26650,122,-19,0,0,2026-09-25 09:10:24,23035.0
26700,145,45,0,0,2026-09-25 09:10:24,23035.0
26750,225,41,1,0,2026-09-25 09:10:24,23035.0
26800,179,-34,21,0,2026-09-25 09:10:24,23035.0
26850,170,3,0,0,2026-09-25 09:10:24,23035.0
26900,217,107,1,0,2026-09-25 09:10:24,23035.0
26950,225,19,0,0,2026-09-25 09:10:24,23035.0
27000,25446,-794,19212,-2271,2026-09-25 09:10:24,23035.0
27050,351,128,0,0,2026-09-25 09:10:24,23035.0
27100,637,0,0,0,2026-09-25 09:10:24,23035.0
27150,1266,249,0,0,2026-09-25 09:10:24,23035.0
27200,3251,631,0,0,2026-09-25 09:10:24,23035.0
28500,7081,-345,5041,-508,2026-09-25 09:10:24,23035.0
30000,4290,-13,1885,-86,2026-09-25 09:10:24,23035.0
31500,248,-5,0,0,2026-09-25 09:10:24,23035.0
33000,943,291,0,0,2026-09-25 09:10:24,23035.0
34500,203,31,0,0,2026-09-25 09:10:24,23035.0
15000,0,0,1680,104,2026-09-25 09:13:28,23035.0
16500,0,0,2254,201,2026-09-25 09:13:28,23035.0
18000,12,0,12861,457,2026-09-25 09:13:28,23035.0
19500,1702,-84,15983,-2069,2026-09-25 09:13:28,23035.0
20800,0,0,0,0,2026-09-25 09:13:28,23035.0
20850,0,0,10,10,2026-09-25 09:13:28,23035.0
20900,0,0,0,0,2026-09-25 09:13:28,23035.0
20950,0,0,0,0,2026-09-25 09:13:28,23035.0
21000,6227,-627,170050,30670,2026-09-25 09:13:28,23035.0
21050,0,0,0,0,2026-09-25 09:13:28,23035.0
21100,0,0,1,1,2026-09-25 09:13:28,23035.0
21150,0,0,30,30,2026-09-25 09:13:28,23035.0
21200,0,0,285,285,2026-09-25 09:13:28,23035.0
21250,0,0,0,0,2026-09-25 09:13:28,23035.0
21300,0,0,811,811,2026-09-25 09:13:28,23035.0
21350,0,0,37674,6651,2026-09-25 09:13:28,23035.0
21400,1,0,40850,753,2026-09-25 09:13:28,23035.0
21450,0,0,3840,1151,2026-09-25 09:13:28,23035.0
21500,1,0,66111,7110,2026-09-25 09:13:28,23035.0
21550,0,0,3808,2362,2026-09-25 09:13:28,23035.0
21600,644,-7,18446,4747,2026-09-25 09:13:28,23035.0
21650,1,0,4892,2742,2026-09-25 09:13:28,23035.0
21700,0,0,23505,8324,2026-09-25 09:13:28,23035.0
21750,1,0,5380,3402,2026-09-25 09:13:28,23035.0
21800,1,0,35545,15219,2026-09-25 09:13:28,23035.0
21850,1,0,3944,1561,2026-09-25 09:13:28,23035.0
21900,10,2,15491,2949,2026-09-25 09:13:28,23035.0
21950,2,0,7239,3042,2026-09-25 09:13:28,23035.0
22000,9764,-893,186656,73837,2026-09-25 09:13:28,23035.0
22050,1,0,8221,4089,2026-09-25 09:13:28,23035.0
22100,24,6,16991,1885,2026-09-25 09:13:28,23035.0
22150,62,55,5021,1525,2026-09-25 09:13:28,23035.0
22200,119,37,53688,11504,2026-09-25 09:13:28,23035.0
22250,25,20,10075,1245,2026-09-25 09:13:28,23035.0
22300,27,9,50131,11293,2026-09-25 09:13:28,23035.0
22350,33,32,17340,10124,2026-09-25 09:13:28,23035.0
22400,89,78,48773,13651,2026-09-25 09:13:28,23035.0
22450,156,148,19753,11263,2026-09-25 09:13:28,23035.0
22500,10131,2066,136722,13818,2026-09-25 09:13:28,23035.0
22550,108,95,20288,5060,2026-09-25 09:13:28,23035.0
22600,913,798,52764,179,2026-09-25 09:13:28,23035.0
22650,716,15,34090,1657,2026-09-25 09:13:28,23035.0
22700,1162,712,70776,10820,2026-09-25 09:13:28,23035.0
22750,855,342,32585,10059,2026-09-25 09:13:28,23035.0
22800,5981,1835,110087,11636,2026-09-25 09:13:28,23035.0
22850,1592,1248,44370,7314,2026-09-25 09:13:28,23035.0
22900,5793,3505,86748,12812,2026-09-25 09:13:28,23035.0
22950,4107,3490,36180,6069,2026-09-25 09:13:28,23035.0
23000,59784,39234,180885,-14126,2026-09-25 09:13:28,23035.0
23050,20791,19554,42936,16063,2026-09-25 09:13:28,23035.0
23100,108764,99959,116708,56186,2026-09-25 09:13:28,23035.0
23150,50935,47280,27152,-5360,2026-09-25 09:13:28,23035.0
23200,183835,161190,74653,-20869,2026-09-25 09:13:28,23035.0
23250,151988,136743,54518,-3371,2026-09-25 09:13:28,23035.0
23300,179324,115318,85370,-56330,2026-09-25 09:13:28,23035.0
23350,68324,43849,17158,-44065,2026-09-25 09:13:28,23035.0
23400,161881,45066,61977,-116404,2026-09-25 09:13:28,23035.0
23450,72256,12845,16860,-40572,2026-09-25 09:13:28,23035.0
23500,208801,50615,83847,-36466,2026-09-25 09:13:28,23035.0
23550,64525,2450,5521,-5430,2026-09-25 09:13:28,23035.0
23600,124349,17452,22318,-5761,2026-09-25 09:13:28,23035.0
23650,69940,21608,3904,-1438,2026-09-25 09:13:28,23035.0
23700,108810,7708,11919,-4258,2026-09-25 09:13:28,23035.0
23750,46226,10792,3530,-392,2026-09-25 09:13:28,23035.0
23800,109238,-16513,20537,-2593,2026-09-25 09:13:28,23035.0
23850,36260,-6590,1828,-232,2026-09-25 09:13:28,23035.0
23900,117969,8087,12108,-2357,2026-09-25 09:13:28,23035.0
23950,32223,9315,2022,-136,2026-09-25 09:13:28,23035.0
24000,298613,63236,70883,-10067,2026-09-25 09:13:28,23035.0
24050,49527,-9666,1243,-19,2026-09-25 09:13:28,23035.0
24100,84143,18864,6866,-1398,2026-09-25 09:13:28,23035.0
24150,26913,8521,1898,-166,2026-09-25 09:13:28,23035.0
24200,139087,45545,17086,-5365,2026-09-25 09:13:28,23035.0
24250,33879,15639,2204,-30,2026-09-25 09:13:28,23035.0
24300,124054,37410,39281,-3155,2026-09-25 09:13:28,23035.0
24350,27117,11946,4598,-76,2026-09-25 09:13:28,23035.0
24400,62678,144,22343,-4981,2026-09-25 09:13:28,23035.0
24450,6210,-2852,1170,-11,2026-09-25 09:13:28,23035.0
24500,195348,58611,30954,-7353,2026-09-25 09:13:28,23035.0
24550,18479,6626,692,-18,2026-09-25 09:13:28,23035.0
24600,54056,-3128,8678,-1075,2026-09-25 09:13:28,23035.0
24650,13471,3744,525,-6,2026-09-25 09:13:28,23035.0
24700,58030,-748,2835,-442,2026-09-25 09:13:28,23035.0
24750,5406,-788,381,-5,2026-09-25 09:13:28,23035.0
24800,54736,-12133,3712,-1014,2026-09-25 09:13:28,23035.0
24850,2334,-47,172,-3,2026-09-25 09:13:28,23035.0
24900,28070,-9273,872,-262,2026-09-25 09:13:28,23035.0
24950,2064,235,71,0,2026-09-25 09:13:28,23035.0
25000,173635,-8341,20973,-5433,2026-09-25 09:13:28,23035.0
25050,1223,-288,52,-1,2026-09-25 09:13:28,23035.0
25100,14674,-5286,1344,-29,2026-09-25 09:13:28,23035.0
25150,1276,-755,25,-1,2026-09-25 09:13:28,23035.0
25200,9637,-4370,1108,-54,2026-09-25 09:13:28,23035.0
25250,921,-104,34,0,2026-09-25 09:13:28,23035.0
25300,6680,-2538,401,-18,2026-09-25 09:13:28,23035.0
25350,408,-102,16,0,2026-09-25 09:13:28,23035.0
25400,3327,-1937,325,-4,2026-09-25 09:13:28,23035.0
25450,582,-14,9,0,2026-09-25 09:13:28,23035.0
25500,43665,-6224,11938,-6222,2026-09-25 09:13:28,23035.0
25550,1462,-189,6,0,2026-09-25 09:13:28,23035.0
25600,3223,-1240,448,0,2026-09-25 09:13:28,23035.0
25650,883,206,8,0,2026-09-25 09:13:28,23035.0
25700,4133,-371,165,-8,2026-09-25 09:13:28,23035.0
25750,313,9,4,0,2026-09-25 09:13:28,23035.0
25800,5791,-640,301,-22,2026-09-25 09:13:28,23035.0
25850,286,40,0,0,2026-09-25 09:13:28,23035.0
25900,3249,837,65,-4,2026-09-25 09:13:28,23035.0
25950,405,77,1,0,2026-09-25 09:13:28,23035.0
26000,48626,-2030,22530,-3147,2026-09-25 09:13:28,23035.0
26050,382,180,1,-3,2026-09-25 09:13:28,23035.0
26100,425,22,118,-26,2026-09-25 09:13:28,23035.0
26150,259,46,1,0,2026-09-25 09:13:28,23035.0
26200,2617,55,549,-14,2026-09-25 09:13:28,23035.0
26250,356,28,0,0,2026-09-25 09:13:28,23035.0
26300,1692,-105,948,-156,2026-09-25 09:13:28,23035.0
26350,129,78,0,0,2026-09-25 09:13:28,23035.0
26400,303,-36,42,-2,2026-09-25 09:13:28,23035.0
26450,175,-32,0,0,2026-09-25 09:13:28,23035.0
26500,10260,-2677,9624,-2713,2026-09-25 09:13:28,23035.0
26550,136,-2,0,0,2026-09-25 09:13:28,23035.0
26600,600,47,0,0,2026-09-25 09:13:28,23035.0
26650,122,-19,0,0,2026-09-25 09:13:28,23035.0
26700,145,45,0,0,2026-09-25 09:13:28,23035.0
26750,225,41,1,0,2026-09-25 09:13:28,23035.0
26800,179,-34,21,0,2026-09-25 09:13:28,23035.0
26850,170,3,0,0,2026-09-25 09:13:28,23035.0
26900,217,107,1,0,2026-09-25 09:13:28,23035.0
26950,225,19,0,0,2026-09-25 09:13:28,23035.0
27000,25446,-794,19212,-2271,2026-09-25 09:13:28,23035.0
27050,351,128,0,0,2026-09-25 09:13:28,23035.0
27100,637,0,0,0,2026-09-25 09:13:28,23035.0
27150,1266,249,0,0,2026-09-25 09:13:28,23035.0
27200,3251,631,0,0,2026-09-25 09:13:28,23035.0
28500,7081,-345,5041,-508,2026-09-25 09:13:28,23035.0
30000,4290,-13,1885,-86,2026-09-25 09:13:28,23035.0
31500,248,-5,0,0,2026-09-25 09:13:28,23035.0
33000,943,291,0,0,2026-09-25 09:13:28,23035.0
34500,203,31,0,0,2026-09-25 09:13:28,23035.0
15000,0,0,1680,104,2026-09-25 09:13:55,23035.0
16500,0,0,2254,201,2026-09-25 09:13:55,23035.0
18000,12,0,12861,457,2026-09-25 09:13:55,23035.0
19500,1702,-84,15983,-2069,2026-09-25 09:13:55,23035.0
20800,0,0,0,0,2026-09-25 09:13:55,23035.0
20850,0,0,10,10,2026-09-25 09:13:55,23035.0
20900,0,0,0,0,2026-09-25 09:13:55,23035.0
20950,0,0,0,0,2026-09-25 09:13:55,23035.0
21000,6227,-627,170050,30670,2026-09-25 09:13:55,23035.0
21050,0,0,0,0,2026-09-25 09:13:55,23035.0
21100,0,0,1,1,2026-09-25 09:13:55,23035.0
21150,0,0,30,30,2026-09-25 09:13:55,23035.0
21200,0,0,285,285,2026-09-25 09:13:55,23035.0
21250,0,0,0,0,2026-09-25 09:13:55,23035.0
21300,0,0,811,811,2026-09-25 09:13:55,23035.0
21350,0,0,37674,6651,2026-09-25 09:13:55,23035.0
21400,1,0,40850,753,2026-09-25 09:13:55,23035.0
21450,0,0,3840,1151,2026-09-25 09:13:55,23035.0
21500,1,0,66111,7110,2026-09-25 09:13:55,23035.0
21550,0,0,3808,2362,2026-09-25 09:13:55,23035.0
21600,644,-7,18446,4747,2026-09-25 09:13:55,23035.0
21650,1,0,4892,2742,2026-09-25 09:13:55,23035.0
21700,0,0,23505,8324,2026-09-25 09:13:55,23035.0
21750,1,0,5380,3402,2026-09-25 09:13:55,23035.0
21800,1,0,35545,15219,2026-09-25 09:13:55,23035.0
21850,1,0,3944,1561,2026-09-25 09:13:55,23035.0
21900,10,2,15491,2949,2026-09-25 09:13:55,23035.0
21950,2,0,7239,3042,2026-09-25 09:13:55,23035.0
22000,9764,-893,186656,73837,2026-09-25 09:13:55,23035.0
22050,1,0,8221,4089,2026-09-25 09:13:55,23035.0
22100,24,6,16991,1885,2026-09-25 09:13:55,23035.0
22150,62,55,5021,1525,2026-09-25 09:13:55,23035.0
22200,119,37,53688,11504,2026-09-25 09:13:55,23035.0
22250,25,20,10075,1245,2026-09-25 09:13:55,23035.0
22300,27,9,50131,11293,2026-09-25 09:13:55,23035.0
22350,33,32,17340,10124,2026-09-25 09:13:55,23035.0
22400,89,78,48773,13651,2026-09-25 09:13:55,23035.0
22450,156,148,19753,11263,2026-09-25 09:13:55,23035.0
22500,10131,2066,136722,13818,2026-09-25 09:13:55,23035.0
22550,108,95,20288,5060,2026-09-25 09:13:55,23035.0
22600,913,798,52764,179,2026-09-25 09:13:55,23035.0
22650,716,15,34090,1657,2026-09-25 09:13:55,23035.0
22700,1162,712,70776,10820,2026-09-25 09:13:55,23035.0
22750,855,342,32585,10059,2026-09-25 09:13:55,23035.0
22800,5981,1835,110087,11636,2026-09-25 09:13:55,23035.0
22850,1592,1248,44370,7314,2026-09-25 09:13:55,23035.0
22900,5793,3505,86748,12812,2026-09-25 09:13:55,23035.0
22950,4107,3490,36180,6069,2026-09-25 09:13:55,23035.0
23000,59784,39234,180885,-14126,2026-09-25 09:13:55,23035.0
23050,20791,19554,42936,16063,2026-09-25 09:13:55,23035.0
23100,108764,99959,116708,56186,2026-09-25 09:13:55,23035.0
23150,50935,47280,27152,-5360,2026-09-25 09:13:55,23035.0
23200,183835,161190,74653,-20869,2026-09-25 09:13:55,23035.0
23250,151988,136743,54518,-3371,2026-09-25 09:13:55,23035.0
23300,179324,115318,85370,-56330,2026-09-25 09:13:55,23035.0
23350,68324,43849,17158,-44065,2026-09-25 09:13:55,23035.0
23400,161881,45066,61977,-116404,2026-09-25 09:13:55,23035.0
23450,72256,12845,16860,-40572,2026-09-25 09:13:55,23035.0
23500,208801,50615,83847,-36466,2026-09-25 09:13:55,23035.0
23550,64525,2450,5521,-5430,2026-09-25 09:13:55,23035.0
23600,124349,17452,22318,-5761,2026-09-25 09:13:55,23035.0
23650,69940,21608,3904,-1438,2026-09-25 09:13:55,23035.0
23700,108810,7708,11919,-4258,2026-09-25 09:13:55,23035.0
23750,46226,10792,3530,-392,2026-09-25 09:13:55,23035.0
23800,109238,-16513,20537,-2593,2026-09-25 09:13:55,23035.0
23850,36260,-6590,1828,-232,2026-09-25 09:13:55,23035.0
23900,117969,8087,12108,-2357,2026-09-25 09:13:55,23035.0
23950,32223,9315,2022,-136,2026-09-25 09:13:55,23035.0
24000,298613,63236,70883,-10067,2026-09-25 09:13:55,23035.0
24050,49527,-9666,1243,-19,2026-09-25 09:13:55,23035.0
24100,84143,18864,6866,-1398,2026-09-25 09:13:55,23035.0
24150,26913,8521,1898,-166,2026-09-25 09:13:55,23035.0
24200,139087,45545,17086,-5365,2026-09-25 09:13:55,23035.0
24250,33879,15639,2204,-30,2026-09-25 09:13:55,23035.0
24300,124054,37410,39281,-3155,2026-09-25 09:13:55,23035.0
24350,27117,11946,4598,-76,2026-09-25 09:13:55,23035.0
24400,62678,144,22343,-4981,2026-09-25 09:13:55,23035.0
24450,6210,-2852,1170,-11,2026-09-25 09:13:55,23035.0
24500,195348,58611,30954,-7353,2026-09-25 09:13:55,23035.0
24550,18479,6626,692,-18,2026-09-25 09:13:55,23035.0
24600,54056,-3128,8678,-1075,2026-09-25 09:13:55,23035.0
24650,13471,3744,525,-6,2026-09-25 09:13:55,23035.0
24700,58030,-748,2835,-442,2026-09-25 09:13:55,23035.0
24750,5406,-788,381,-5,2026-09-25 09:13:55,23035.0
24800,54736,-12133,3712,-1014,2026-09-25 09:13:55,23035.0
24850,2334,-47,172,-3,2026-09-25 09:13:55,23035.0
24900,28070,-9273,872,-262,2026-09-25 09:13:55,23035.0
24950,2064,235,71,0,2026-09-25 09:13:55,23035.0
25000,173635,-8341,20973,-5433,2026-09-25 09:13:55,23035.0
25050,1223,-288,52,-1,2026-09-25 09:13:55,23035.0
25100,14674,-5286,1344,-29,2026-09-25 09:13:55,23035.0
25150,1276,-755,25,-1,2026-09-25 09:13:55,23035.0
25200,9637,-4370,1108,-54,2026-09-25 09:13:55,23035.0
25250,921,-104,34,0,2026-09-25 09:13:55,23035.0
25300,6680,-2538,401,-18,2026-09-25 09:13:55,23035.0
25350,408,-102,16,0,2026-09-25 09:13:55,23035.0
25400,3327,-1937,325,-4,2026-09-25 09:13:55,23035.0
25450,582,-14,9,0,2026-09-25 09:13:55,23035.0
25500,43665,-6224,11938,-6222,2026-09-25 09:13:55,23035.0
25550,1462,-189,6,0,2026-09-25 09:13:55,23035.0
25600,3223,-1240,448,0,2026-09-25 09:13:55,23035.0
25650,883,206,8,0,2026-09-25 09:13:55,23035.0
25700,4133,-371,165,-8,2026-09-25 09:13:55,23035.0
25750,313,9,4,0,2026-09-25 09:13:55,23035.0
25800,5791,-640,301,-22,2026-09-25 09:13:55,23035.0
25850,286,40,0,0,2026-09-25 09:13:55,23035.0
25900,3249,837,65,-4,2026-09-25 09:13:55,23035.0
25950,405,77,1,0,2026-09-25 09:13:55,23035.0
26000,48626,-2030,22530,-3147,2026-09-25 09:13:55,23035.0
26050,382,180,1,-3,2026-09-25 09:13:55,23035.0
26100,425,22,118,-26,2026-09-25 09:13:55,23035.0
26150,259,46,1,0,2026-09-25 09:13:55,23035.0
26200,2617,55,549,-14,2026-09-25 09:13:55,23035.0
26250,356,28,0,0,2026-09-25 09:13:55,23035.0
26300,1692,-105,948,-156,2026-09-25 09:13:55,23035.0
26350,129,78,0,0,2026-09-25 09:13:55,23035.0
26400,303,-36,42,-2,2026-09-25 09:13:55,23035.0
26450,175,-32,0,0,2026-09-25 09:13:55,23035.0
26500,10260,-2677,9624,-2713,2026-09-25 09:13:55,23035.0
26550,136,-2,0,0,2026-09-25 09:13:55,23035.0
26600,600,47,0,0,2026-09-25 09:13:55,23035.0
26650,122,-19,0,0,2026-09-25 09:13:55,23035.0
26700,145,45,0,0,2026-09-25 09:13:55,23035.0
26750,225,41,1,0,2026-09-25 09:13:55,23035.0
26800,179,-34,21,0,2026-09-25 09:13:55,23035.0
26850,170,3,0,0,2026-09-25 09:13:55,23035.0
26900,217,107,1,0,2026-09-25 09:13:55,23035.0
26950,225,19,0,0,2026-09-25 09:13:55,23035.0
27000,25446,-794,19212,-2271,2026-09-25 09:13:55,23035.0
27050,351,128,0,0,2026-09-25 09:13:55,23035.0
27100,637,0,0,0,2026-09-25 09:13:55,23035.0
27150,1266,249,0,0,2026-09-25 09:13:55,23035.0
27200,3251,631,0,0,2026-09-25 09:13:55,23035.0
28500,7081,-345,5041,-508,2026-09-25 09:13:55,23035.0
30000,4290,-13,1885,-86,2026-09-25 09:13:55,23035.0
31500,248,-5,0,0,2026-09-25 09:13:55,23035.0
33000,943,291,0,0,2026-09-25 09:13:55,23035.0
34500,203,31,0,0,2026-09-25 09:13:55,23035.0
15000,0,0,1680,104,2026-09-25 09:14:46,23035.0
16500,0,0,2254,201,2026-09-25 09:14:46,23035.0
18000,12,0,12861,457,2026-09-25 09:14:46,23035.0
19500,1702,-84,15983,-2069,2026-09-25 09:14:46,23035.0
20850,0,0,10,10,2026-09-25 09:14:46,23035.0
21000,6227,-627,170050,30670,2026-09-25 09:14:46,23035.0
21100,0,0,1,1,2026-09-25 09:14:46,23035.0
21150,0,0,30,30,2026-09-25 09:14:46,23035.0
21200,0,0,285,285,2026-09-25 09:14:46,23035.0
21300,0,0,811,811,2026-09-25 09:14:46,23035.0
21350,0,0,37674,6651,2026-09-25 09:14:46,23035.0
21400,1,0,40850,753,2026-09-25 09:14:46,23035.0
21450,0,0,3840,1151,2026-09-25 09:14:46,23035.0
21500,1,0,66111,7110,2026-09-25 09:14:46,23035.0
21550,0,0,3808,2362,2026-09-25 09:14:46,23035.0
21600,644,-7,18446,4747,2026-09-25 09:14:46,23035.0
21650,1,0,4892,2742,2026-09-25 09:14:46,23035.0
21700,0,0,23505,8324,2026-09-25 09:14:46,23035.0
21750,1,0,5380,3402,2026-09-25 09:14:46,23035.0
21800,1,0,35545,15219,2026-09-25 09:14:46,23035.0
21850,1,0,3944,1561,2026-09-25 09:14:46,23035.0
21900,10,2,15491,2949,2026-09-25 09:14:46,23035.0
21950,2,0,7239,3042,2026-09-25 09:14:46,23035.0
22000,9764,-893,186656,73837,2026-09-25 09:14:46,23035.0
22050,1,0,8221,4089,2026-09-25 09:14:46,23035.0
22100,24,6,16991,1885,2026-09-25 09:14:46,23035.0
22150,62,55,5021,1525,2026-09-25 09:14:46,23035.0
22200,119,37,53688,11504,2026-09-25 09:14:46,23035.0
22250,25,20,10075,1245,2026-09-25 09:14:46,23035.0
22300,27,9,50131,11293,2026-09-25 09:14:46,23035.0
22350,33,32,17340,10124,2026-09-25 09:14:46,23035.0
22400,89,78,48773,13651,2026-09-25 09:14:46,23035.0
22450,156,148,19753,11263,2026-09-25 09:14:46,23035.0
22500,10131,2066,136722,13818,2026-09-25 09:14:46,23035.0
22550,108,95,20288,5060,2026-09-25 09:14:46,23035.0
22600,913,798,52764,179,2026-09-25 09:14:46,23035.0
22650,716,15,34090,1657,2026-09-25 09:14:46,23035.0
22700,1162,712,70776,10820,2026-09-25 09:14:46,23035.0
22750,855,342,32585,10059,2026-09-25 09:14:46,23035.0
22800,5981,1835,110087,11636,2026-09-25 09:14:46,23035.0
22850,1592,1248,44370,7314,2026-09-25 09:14:46,23035.0
22900,5793,3505,86748,12812,2026-09-25 09:14:46,23035.0
22950,4107,3490,36180,6069,2026-09-25 09:14:46,23035.0
23000,59784,39234,180885,-14126,2026-09-25 09:14:46,23035.0
23050,20791,19554,42936,16063,2026-09-25 09:14:46,23035.0
23100,108764,99959,116708,56186,2026-09-25 09:14:46,23035.0
23150,50935,47280,27152,-5360,2026-09-25 09:14:46,23035.0
23200,183835,161190,74653,-20869,2026-09-25 09:14:46,23035.0
23250,151988,136743,54518,-3371,2026-09-25 09:14:46,23035.0
23300,179324,115318,85370,-56330,2026-09-25 09:14:46,23035.0
23350,68324,43849,17158,-44065,2026-09-25 09:14:46,23035.0
23400,161881,45066,61977,-116404,2026-09-25 09:14:46,23035.0
23450,72256,12845,16860,-40572,2026-09-25 09:14:46,23035.0
23500,208801,50615,83847,-36466,2026-09-25 09:14:46,23035.0
23550,64525,2450,5521,-5430,2026-09-25 09:14:46,23035.0
23600,124349,17452,22318,-5761,2026-09-25 09:14:46,23035.0
23650,69940,21608,3904,-1438,2026-09-25 09:14:46,23035.0
23700,108810,7708,11919,-4258,2026-09-25 09:14:46,23035.0
23750,46226,10792,3530,-392,2026-09-25 09:14:46,23035.0
23800,109238,-16513,20537,-2593,2026-09-25 09:14:46,23035.0
23850,36260,-6590,1828,-232,2026-09-25 09:14:46,23035.0
23900,117969,8087,12108,-2357,2026-09-25 09:14:46,23035.0
23950,32223,9315,2022,-136,2026-09-25 09:14:46,23035.0
24000,298613,63236,70883,-10067,2026-09-25 09:14:46,23035.0
24050,49527,-9666,1243,-19,2026-09-25 09:14:46,23035.0
24100,84143,18864,6866,-1398,2026-09-25 09:14:46,23035.0
24150,26913,8521,1898,-166,2026-09-25 09:14:46,23035.0
24200,139087,45545,17086,-5365,2026-09-25 09:14:46,23035.0
24250,33879,15639,2204,-30,2026-09-25 09:14:46,23035.0
24300,124054,37410,39281,-3155,2026-09-25 09:14:46,23035.0
24350,27117,11946,4598,-76,2026-09-25 09:14:46,23035.0
24400,62678,144,22343,-4981,2026-09-25 09:14:46,23035.0
24450,6210,-2852,1170,-11,2026-09-25 09:14:46,23035.0
24500,195348,58611,30954,-7353,2026-09-25 09:14:46,23035.0
24550,18479,6626,692,-18,2026-09-25 09:14:46,23035.0
24600,54056,-3128,8678,-1075,2026-09-25 09:14:46,23035.0
24650,13471,3744,525,-6,2026-09-25 09:14:46,23035.0
24700,58030,-748,2835,-442,2026-09-25 09:14:46,23035.0
24750,5406,-788,381,-5,2026-09-25 09:14:46,23035.0
24800,54736,-12133,3712,-1014,2026-09-25 09:14:46,23035.0
24850,2334,-47,172,-3,2026-09-25 09:14:46,23035.0
24900,28070,-9273,872,-262,2026-09-25 09:14:46,23035.0
24950,2064,235,71,0,2026-09-25 09:14:46,23035.0
25000,173635,-8341,20973,-5433,2026-09-25 09:14:46,23035.0
25050,1223,-288,52,-1,2026-09-25 09:14:46,23035.0
25100,14674,-5286,1344,-29,2026-09-25 09:14:46,23035.0
25150,1276,-755,25,-1,2026-09-25 09:14:46,23035.0
25200,9637,-4370,1108,-54,2026-09-25 09:14:46,23035.0
25250,921,-104,34,0,2026-09-25 09:14:46,23035.0
25300,6680,-2538,401,-18,2026-09-25 09:14:46,23035.0
25350,408,-102,16,0,2026-09-25 09:14:46,23035.0
25400,3327,-1937,325,-4,2026-09-25 09:14:46,23035.0
25450,582,-14,9,0,2026-09-25 09:14:46,23035.0
25500,43665,-6224,11938,-6222,2026-09-25 09:14:46,23035.0
25550,1462,-189,6,0,2026-09-25 09:14:46,23035.0
25600,3223,-1240,448,0,2026-09-25 09:14:46,23035.0
25650,883,206,8,0,2026-09-25 09:14:46,23035.0
25700,4133,-371,165,-8,2026-09-25 09:14:46,23035.0
25750,313,9,4,0,2026-09-25 09:14:46,23035.0
25800,5791,-640,301,-22,2026-09-25 09:14:46,23035.0
25850,286,40,0,0,2026-09-25 09:14:46,23035.0
25900,3249,837,65,-4,2026-09-25 09:14:46,23035.0
25950,405,77,1,0,2026-09-25 09:14:46,23035.0
26000,48626,-2030,22530,-3147,2026-09-25 09:14:46,23035.0
26050,382,180,1,-3,2026-09-25 09:14:46,23035.0
26100,425,22,118,-26,2026-09-25 09:14:46,23035.0
26150,259,46,1,0,2026-09-25 09:14:46,23035.0
26200,2617,55,549,-14,2026-09-25 09:14:46,23035.0
26250,356,28,0,0,2026-09-25 09:14:46,23035.0
26300,1692,-105,948,-156,2026-09-25 09:14:46,23035.0
26350,129,78,0,0,2026-09-25 09:14:46,23035.0
26400,303,-36,42,-2,2026-09-25 09:14:46,23035.0
26450,175,-32,0,0,2026-09-25 09:14:46,23035.0
26500,10260,-2677,9624,-2713,2026-09-25 09:14:46,23035.0
26550,136,-2,0,0,2026-09-25 09:14:46,23035.0
26600,600,47,0,0,2026-09-25 09:14:46,23035.0
26650,122,-19,0,0,2026-09-25 09:14:46,23035.0
26700,145,45,0,0,2026-09-25 09:14:46,23035.0
26750,225,41,1,0,2026-09-25 09:14:46,23035.0
26800,179,-34,21,0,2026-09-25 09:14:46,23035.0
26850,170,3,0,0,2026-09-25 09:14:46,23035.0
26900,217,107,1,0,2026-09-25 09:14:46,23035.0
26950,225,19,0,0,2026-09-25 09:14:46,23035.0
27000,25446,-794,19212,-2271,2026-09-25 09:14:46,23035.0
27050,351,128,0,0,2026-09-25 09:14:46,23035.0
27100,637,0,0,0,2026-09-25 09:14:46,23035.0
27150,1266,249,0,0,2026-09-25 09:14:46,23035.0
27200,3251,631,0,0,2026-09-25 09:14:46,23035.0
28500,7081,-345,5041,-508,2026-09-25 09:14:46,23035.0
30000,4290,-13,1885,-86,2026-09-25 09:14:46,23035.0
31500,248,-5,0,0,2026-09-25 09:14:46,23035.0
33000,943,291,0,0,2026-09-25 09:14:46,23035.0
34500,203,31,0,0,2026-09-25 09:14:46,23035.0
15000,0,0,1680,0,2026-09-25 09:16:32,23094.75
16500,0,0,2254,0,2026-09-25 09:16:32,23094.75
18000,12,0,12861,0,2026-09-25 09:16:32,23094.75
19500,1702,0,15990,7,2026-09-25 09:16:32,23094.75
20800,0,0,53,53,2026-09-25 09:16:32,23094.75
20850,0,0,10,0,2026-09-25 09:16:32,23094.75
20900,0,0,28,28,2026-09-25 09:16:32,23094.75
20950,0,0,0,0,2026-09-25 09:16:32,23094.75
21000,6227,0,170373,323,2026-09-25 09:16:32,23094.75
21050,0,0,107,107,2026-09-25 09:16:32,23094.75
21100,0,0,54,53,2026-09-25 09:16:32,23094.75
21150,0,0,203,173,2026-09-25 09:16:32,23094.75
21200,0,0,302,17,2026-09-25 09:16:32,23094.75
21250,0,0,45,45,2026-09-25 09:16:32,23094.75
21300,0,0,835,24,2026-09-25 09:16:32,23094.75
21350,0,0,37716,42,2026-09-25 09:16:32,23094.75
21400,1,0,40925,75,2026-09-25 09:16:32,23094.75
21450,0,0,3842,2,2026-09-25 09:16:32,23094.75
21500,1,0,66823,712,2026-09-25 09:16:32,23094.75
21550,0,0,3952,144,2026-09-25 09:16:32,23094.75
21600,644,0,18433,-13,2026-09-25 09:16:32,23094.75
21650,1,0,4889,-3,2026-09-25 09:16:32,23094.75
21700,0,0,23674,169,2026-09-25 09:16:32,23094.75
21750,1,0,5411,31,2026-09-25 09:16:32,23094.75
21800,1,0,35508,-37,2026-09-25 09:16:32,23094.75
21850,1,0,4010,66,2026-09-25 09:16:32,23094.75
21900,10,0,16098,607,2026-09-25 09:16:32,23094.75
21950,2,0,7185,-54,2026-09-25 09:16:32,23094.75
22000,9764,0,186699,43,2026-09-25 09:16:32,23094.75
22050,1,0,8380,159,2026-09-25 09:16:32,23094.75
22100,24,0,17146,155,2026-09-25 09:16:32,23094.75
22150,62,0,5205,184,2026-09-25 09:16:32,23094.75
22200,119,0,53942,254,2026-09-25 09:16:32,23094.75
22250,25,0,10581,506,2026-09-25 09:16:32,23094.75
22300,27,0,50173,42,2026-09-25 09:16:32,23094.75
22350,33,0,17441,101,2026-09-25 09:16:32,23094.75
22400,90,1,49074,301,2026-09-25 09:16:32,23094.75
22450,156,0,20172,419,2026-09-25 09:16:32,23094.75
22500,10133,2,137727,1005,2026-09-25 09:16:32,23094.75
22550,108,0,21337,1049,2026-09-25 09:16:32,23094.75
22600,915,2,53779,1015,2026-09-25 09:16:32,23094.75
22650,716,0,33950,-140,2026-09-25 09:16:32,23094.75
22700,1165,3,71122,346,2026-09-25 09:16:32,23094.75
22750,912,57,33105,520,2026-09-25 09:16:32,23094.75
22800,5978,-3,110474,387,2026-09-25 09:16:32,23094.75
22850,1667,75,44697,327,2026-09-25 09:16:32,23094.75
22900,6220,427,87460,712,2026-09-25 09:16:32,23094.75
22950,4585,478,38538,2358,2026-09-25 09:16:32,23094.75
23000,61620,1836,183174,2289,2026-09-25 09:16:32,23094.75
23050,23266,2475,46656,3720,2026-09-25 09:16:32,23094.75
23100,111246,2482,119038,2330,2026-09-25 09:16:32,23094.75
23150,51592,657,27379,227,2026-09-25 09:16:32,23094.75
23200,187628,3793,75126,473,2026-09-25 09:16:32,23094.75
23250,153317,1329,54567,49,2026-09-25 09:16:32,23094.75
23300,180349,1025,85760,390,2026-09-25 09:16:32,23094.75
23350,68571,247,17148,-10,2026-09-25 09:16:32,23094.75
23400,162550,669,61998,21,2026-09-25 09:16:32,23094.75
23450,72527,271,16947,87,2026-09-25 09:16:32,23094.75
23500,208910,109,83834,-13,2026-09-25 09:16:32,23094.75
23550,65511,986,5519,-2,2026-09-25 09:16:32,23094.75
23600,123448,-901,22291,-27,2026-09-25 09:16:32,23094.75
23650,70338,398,3906,2,2026-09-25 09:16:32,23094.75
23700,108445,-365,11919,0,2026-09-25 09:16:32,23094.75
23750,46356,130,3530,0,2026-09-25 09:16:32,23094.75
23800,107914,-1324,20537,0,2026-09-25 09:16:32,23094.75
23850,36430,170,1828,0,2026-09-25 09:16:32,23094.75
23900,118164,195,12108,0,2026-09-25 09:16:32,23094.75
23950,32414,191,2022,0,2026-09-25 09:16:32,23094.75
24000,299299,686,70883,0,2026-09-25 09:16:32,23094.75
24050,49556,29,1243,0,2026-09-25 09:16:32,23094.75
24100,84026,-117,6866,0,2026-09-25 09:16:32,23094.75
24150,26959,46,1898,0,2026-09-25 09:16:32,23094.75
24200,140642,1555,17086,0,2026-09-25 09:16:32,23094.75
24250,33921,42,2204,0,2026-09-25 09:16:32,23094.75
24300,124725,671,39281,0,2026-09-25 09:16:32,23094.75
24350,27026,-91,4598,0,2026-09-25 09:16:32,23094.75
24400,64335,1657,22343,0,2026-09-25 09:16:32,23094.75
24450,6213,3,1170,0,2026-09-25 09:16:32,23094.75
24500,196777,1429,30954,0,2026-09-25 09:16:32,23094.75
24550,18697,218,692,0,2026-09-25 09:16:32,23094.75
24600,54508,452,8678,0,2026-09-25 09:16:32,23094.75
24650,13504,33,525,0,2026-09-25 09:16:32,23094.75
24700,58163,133,2835,0,2026-09-25 09:16:32,23094.75
24750,5437,31,381,0,2026-09-25 09:16:32,23094.75
24800,54787,51,3712,0,2026-09-25 09:16:32,23094.75
24850,2312,-22,172,0,2026-09-25 09:16:32,23094.75
24900,28086,16,872,0,2026-09-25 09:16:32,23094.75
24950,2288,224,71,0,2026-09-25 09:16:32,23094.75
25000,173460,-175,20973,0,2026-09-25 09:16:32,23094.75
25050,1242,19,52,0,2026-09-25 09:16:32,23094.75
25100,14683,9,1344,0,2026-09-25 09:16:32,23094.75
25150,1304,28,25,0,2026-09-25 09:16:32,23094.75
25200,9684,47,1108,0,2026-09-25 09:16:32,23094.75
25250,923,2,34,0,2026-09-25 09:16:32,23094.75
25300,6799,119,401,0,2026-09-25 09:16:32,23094.75
25350,408,0,16,0,2026-09-25 09:16:32,23094.75
25400,3417,90,325,0,2026-09-25 09:16:32,23094.75
25450,598,16,9,0,2026-09-25 09:16:32,23094.75
25500,43762,97,11938,0,2026-09-25 09:16:32,23094.75
25550,1480,18,6,0,2026-09-25 09:16:32,23094.75
25600,3250,27,448,0,2026-09-25 09:16:32,23094.75
25650,883,0,8,0,2026-09-25 09:16:32,23094.75
25700,4133,0,165,0,2026-09-25 09:16:32,23094.75
25750,313,0,4,0,2026-09-25 09:16:32,23094.75
25800,5808,17,301,0,2026-09-25 09:16:32,23094.75
25850,281,-5,0,0,2026-09-25 09:16:32,23094.75
25900,3280,31,65,0,2026-09-25 09:16:32,23094.75
25950,420,15,1,0,2026-09-25 09:16:32,23094.75
26000,48726,100,22530,0,2026-09-25 09:16:32,23094.75
26050,502,120,1,0,2026-09-25 09:16:32,23094.75
26100,425,0,118,0,2026-09-25 09:16:32,23094.75
26150,259,0,1,0,2026-09-25 09:16:32,23094.75
26200,2627,10,549,0,2026-09-25 09:16:32,23094.75
26250,356,0,0,0,2026-09-25 09:16:32,23094.75
26300,1706,14,948,0,2026-09-25 09:16:32,23094.75
26350,167,38,0,0,2026-09-25 09:16:32,23094.75
26400,304,1,42,0,2026-09-25 09:16:32,23094.75
26450,189,14,0,0,2026-09-25 09:16:32,23094.75
26500,10266,6,9624,0,2026-09-25 09:16:32,23094.75
26550,136,0,0,0,2026-09-25 09:16:32,23094.75
26600,630,30,0,0,2026-09-25 09:16:32,23094.75
26650,122,0,0,0,2026-09-25 09:16:32,23094.75
26700,246,101,0,0,2026-09-25 09:16:32,23094.75
26750,225,0,1,0,2026-09-25 09:16:32,23094.75
26800,382,203,21,0,2026-09-25 09:16:32,23094.75
26850,170,0,0,0,2026-09-25 09:16:32,23094.75
26900,217,0,1,0,2026-09-25 09:16:32,23094.75
26950,225,0,0,0,2026-09-25 09:16:32,23094.75
27000,25525,79,19212,0,2026-09-25 09:16:32,23094.75
27050,351,0,0,0,2026-09-25 09:16:32,23094.75
27100,669,32,0,0,2026-09-25 09:16:32,23094.75
27150,1267,1,0,0,2026-09-25 09:16:32,23094.75
27200,3396,145,0,0,2026-09-25 09:16:32,23094.75
28500,7081,0,5041,0,2026-09-25 09:16:32,23094.75
30000,4290,0,1885,0,2026-09-25 09:16:32,23094.75
31500,248,0,0,0,2026-09-25 09:16:32,23094.75
33000,943,0,0,0,2026-09-25 09:16:32,23094.75
34500,203,0,0,0,2026-09-25 09:16:32,23094.75
15000,0,0,1680,0,2026-09-25 09:17:06,23091.7
16500,0,0,2254,0,2026-09-25 09:17:06,23091.7
18000,12,0,12861,0,2026-09-25 09:17:06,23091.7
19500,1702,0,15990,7,2026-09-25 09:17:06,23091.7
20800,0,0,53,53,2026-09-25 09:17:06,23091.7
20850,0,0,10,0,2026-09-25 09:17:06,23091.7
20900,0,0,28,28,2026-09-25 09:17:06,23091.7
20950,0,0,88,88,2026-09-25 09:17:06,23091.7
21000,6227,0,170373,323,2026-09-25 09:17:06,23091.7
21050,0,0,107,107,2026-09-25 09:17:06,23091.7
21100,0,0,54,53,2026-09-25 09:17:06,23091.7
21150,0,0,203,173,2026-09-25 09:17:06,23091.7
21200,0,0,302,17,2026-09-25 09:17:06,23091.7
21250,0,0,45,45,2026-09-25 09:17:06,23091.7
21300,0,0,835,24,2026-09-25 09:17:06,23091.7
21350,0,0,37716,42,2026-09-25 09:17:06,23091.7
21400,1,0,40925,75,2026-09-25 09:17:06,23091.7
21450,0,0,3842,2,2026-09-25 09:17:06,23091.7
21500,1,0,66823,712,2026-09-25 09:17:06,23091.7
21550,0,0,3952,144,2026-09-25 09:17:06,23091.7
21600,644,0,18433,-13,2026-09-25 09:17:06,23091.7
21650,1,0,4889,-3,2026-09-25 09:17:06,23091.7
21700,0,0,23674,169,2026-09-25 09:17:06,23091.7
21750,1,0,5411,31,2026-09-25 09:17:06,23091.7
21800,1,0,35508,-37,2026-09-25 09:17:06,23091.7
21850,1,0,4010,66,2026-09-25 09:17:06,23091.7
21900,10,0,16098,607,2026-09-25 09:17:06,23091.7
21950,2,0,7185,-54,2026-09-25 09:17:06,23091.7
22000,9764,0,186699,43,2026-09-25 09:17:06,23091.7
22050,1,0,8380,159,2026-09-25 09:17:06,23091.7
22100,24,0,17146,155,2026-09-25 09:17:06,23091.7
22150,62,0,5205,184,2026-09-25 09:17:06,23091.7
22200,119,0,53942,254,2026-09-25 09:17:06,23091.7
22250,25,0,10581,506,2026-09-25 09:17:06,23091.7
22300,27,0,50173,42,2026-09-25 09:17:06,23091.7
22350,33,0,17441,101,2026-09-25 09:17:06,23091.7
22400,90,1,49074,301,2026-09-25 09:17:06,23091.7
22450,156,0,20172,419,2026-09-25 09:17:06,23091.7
22500,10133,2,137727,1005,2026-09-25 09:17:06,23091.7
22550,108,0,21337,1049,2026-09-25 09:17:06,23091.7
22600,915,2,53779,1015,2026-09-25 09:17:06,23091.7
22650,716,0,33950,-140,2026-09-25 09:17:06,23091.7
22700,1165,3,71122,346,2026-09-25 09:17:06,23091.7
22750,912,57,33105,520,2026-09-25 09:17:06,23091.7
22800,5978,-3,110474,387,2026-09-25 09:17:06,23091.7
22850,1667,75,44697,327,2026-09-25 09:17:06,23091.7
22900,6220,427,87460,712,2026-09-25 09:17:06,23091.7
22950,4585,478,38538,2358,2026-09-25 09:17:06,23091.7
23000,61620,1836,183174,2289,2026-09-25 09:17:06,23091.7
23050,23266,2475,46656,3720,2026-09-25 09:17:06,23091.7
23100,111246,2482,119038,2330,2026-09-25 09:17:06,23091.7
23150,51592,657,27379,227,2026-09-25 09:17:06,23091.7
23200,187628,3793,75126,473,2026-09-25 09:17:06,23091.7
23250,153317,1329,54567,49,2026-09-25 09:17:06,23091.7
23300,180349,1025,85760,390,2026-09-25 09:17:06,23091.7
23350,68571,247,17148,-10,2026-09-25 09:17:06,23091.7
23400,162550,669,61998,21,2026-09-25 09:17:06,23091.7
23450,72527,271,16947,87,2026-09-25 09:17:06,23091.7
23500,208910,109,83834,-13,2026-09-25 09:17:06,23091.7
23550,65511,986,5519,-2,2026-09-25 09:17:06,23091.7
23600,123448,-901,22291,-27,2026-09-25 09:17:06,23091.7
23650,70338,398,3906,2,2026-09-25 09:17:06,23091.7
23700,108445,-365,11919,0,2026-09-25 09:17:06,23091.7
23750,46356,130,3530,0,2026-09-25 09:17:06,23091.7
23800,107914,-1324,20537,0,2026-09-25 09:17:06,23091.7
23850,36430,170,1828,0,2026-09-25 09:17:06,23091.7
23900,118164,195,12108,0,2026-09-25 09:17:06,23091.7
23950,32414,191,2022,0,2026-09-25 09:17:06,23091.7
24000,299299,686,70883,0,2026-09-25 09:17:06,23091.7
24050,49556,29,1243,0,2026-09-25 09:17:06,23091.7
24100,84026,-117,6866,0,2026-09-25 09:17:06,23091.7
24150,26959,46,1898,0,2026-09-25 09:17:06,23091.7
24200,140642,1555,17086,0,2026-09-25 09:17:06,23091.7
24250,33921,42,2204,0,2026-09-25 09:17:06,23091.7
24300,124725,671,39281,0,2026-09-25 09:17:06,23091.7
24350,27026,-91,4598,0,2026-09-25 09:17:06,23091.7
24400,64335,1657,22343,0,2026-09-25 09:17:06,23091.7
24450,6213,3,1170,0,2026-09-25 09:17:06,23091.7
24500,196777,1429,30954,0,2026-09-25 09:17:06,23091.7
24550,18697,218,692,0,2026-09-25 09:17:06,23091.7
24600,54508,452,8678,0,2026-09-25 09:17:06,23091.7
24650,13504,33,525,0,2026-09-25 09:17:06,23091.7
24700,58163,133,2835,0,2026-09-25 09:17:06,23091.7
24750,5437,31,381,0,2026-09-25 09:17:06,23091.7
24800,54787,51,3712,0,2026-09-25 09:17:06,23091.7
24850,2312,-22,172,0,2026-09-25 09:17:06,23091.7
24900,28086,16,872,0,2026-09-25 09:17:06,23091.7
24950,2288,224,71,0,2026-09-25 09:17:06,23091.7
25000,173460,-175,20973,0,2026-09-25 09:17:06,23091.7
25050,1242,19,52,0,2026-09-25 09:17:06,23091.7
25100,14683,9,1344,0,2026-09-25 09:17:06,23091.7
25150,1304,28,25,0,2026-09-25 09:17:06,23091.7
25200,9684,47,1108,0,2026-09-25 09:17:06,23091.7
25250,923,2,34,0,2026-09-25 09:17:06,23091.7
25300,6799,119,401,0,2026-09-25 09:17:06,23091.7
25350,408,0,16,0,2026-09-25 09:17:06,23091.7
25400,3417,90,325,0,2026-09-25 09:17:06,23091.7
25450,598,16,9,0,2026-09-25 09:17:06,23091.7
25500,43762,97,11938,0,2026-09-25 09:17:06,23091.7
25550,1480,18,6,0,2026-09-25 09:17:06,23091.7
25600,3250,27,448,0,2026-09-25 09:17:06,23091.7
25650,883,0,8,0,2026-09-25 09:17:06,23091.7
25700,4133,0,165,0,2026-09-25 09:17:06,23091.7
25750,313,0,4,0,2026-09-25 09:17:06,23091.7
25800,5808,17,301,0,2026-09-25 09:17:06,23091.7
25850,281,-5,0,0,2026-09-25 09:17:06,23091.7
25900,3280,31,65,0,2026-09-25 09:17:06,23091.7
25950,420,15,1,0,2026-09-25 09:17:06,23091.7
26000,48726,100,22530,0,2026-09-25 09:17:06,23091.7
26050,502,120,1,0,2026-09-25 09:17:06,23091.7
26100,425,0,118,0,2026-09-25 09:17:06,23091.7
26150,259,0,1,0,2026-09-25 09:17:06,23091.7
26200,2627,10,549,0,2026-09-25 09:17:06,23091.7
26250,356,0,0,0,2026-09-25 09:17:06,23091.7
26300,1706,14,948,0,2026-09-25 09:17:06,23091.7
26350,167,38,0,0,2026-09-25 09:17:06,23091.7
26400,304,1,42,0,2026-09-25 09:17:06,23091.7
26450,189,14,0,0,2026-09-25 09:17:06,23091.7
26500,10266,6,9624,0,2026-09-25 09:17:06,23091.7
26550,170,34,0,0,2026-09-25 09:17:06,23091.7
26600,630,30,0,0,2026-09-25 09:17:06,23091.7
26650,122,0,0,0,2026-09-25 09:17:06,23091.7
26700,246,101,0,0,2026-09-25 09:17:06,23091.7
26750,225,0,1,0,2026-09-25 09:17:06,23091.7
26800,382,203,21,0,2026-09-25 09:17:06,23091.7
26850,170,0,0,0,2026-09-25 09:17:06,23091.7
26900,217,0,1,0,2026-09-25 09:17:06,23091.7
26950,237,12,0,0,2026-09-25 09:17:06,23091.7
27000,25525,79,19212,0,2026-09-25 09:17:06,23091.7
27050,402,51,0,0,2026-09-25 09:17:06,23091.7
27100,669,32,0,0,2026-09-25 09:17:06,23091.7
27150,1267,1,0,0,2026-09-25 09:17:06,23091.7
27200,3396,145,0,0,2026-09-25 09:17:06,23091.7
28500,7078,-3,5041,0,2026-09-25 09:17:06,23091.7
30000,4290,0,1885,0,2026-09-25 09:17:06,23091.7
31500,248,0,0,0,2026-09-25 09:17:06,23091.7
33000,943,0,0,0,2026-09-25 09:17:06,23091.7
34500,203,0,0,0,2026-09-25 09:17:06,23091.7
15000,0,0,1741,61,2026-09-25 09:18:59,23090.95
16500,0,0,2254,0,2026-09-25 09:18:59,23090.95
18000,12,0,12993,132,2026-09-25 09:18:59,23090.95
19500,1702,0,16169,186,2026-09-25 09:18:59,23090.95
20800,0,0,515,515,2026-09-25 09:18:59,23090.95
20850,0,0,110,100,2026-09-25 09:18:59,23090.95
20900,0,0,37,37,2026-09-25 09:18:59,23090.95
20950,0,0,55,55,2026-09-25 09:18:59,23090.95
21000,6227,0,166330,-3720,2026-09-25 09:18:59,23090.95
21050,0,0,70,70,2026-09-25 09:18:59,23090.95
21100,0,0,43,42,2026-09-25 09:18:59,23090.95
21150,0,0,287,257,2026-09-25 09:18:59,23090.95
21200,0,0,331,46,2026-09-25 09:18:59,23090.95
21250,0,0,65,65,2026-09-25 09:18:59,23090.95
21300,0,0,799,-12,2026-09-25 09:18:59,23090.95
21350,0,0,38215,541,2026-09-25 09:18:59,23090.95
21400,1,0,41533,683,2026-09-25 09:18:59,23090.95
21450,0,0,4056,216,2026-09-25 09:18:59,23090.95
21500,1,0,66134,23,2026-09-25 09:18:59,23090.95
21550,0,0,4015,207,2026-09-25 09:18:59,23090.95
21600,644,0,21380,2934,2026-09-25 09:18:59,23090.95
21650,1,0,6063,1171,2026-09-25 09:18:59,23090.95
21700,0,0,26410,2905,2026-09-25 09:18:59,23090.95
21750,1,0,7895,2515,2026-09-25 09:18:59,23090.95
21800,1,0,40327,4782,2026-09-25 09:18:59,23090.95
21850,1,0,5065,1121,2026-09-25 09:18:59,23090.95
21900,10,0,17544,2053,2026-09-25 09:18:59,23090.95
21950,2,0,7733,494,2026-09-25 09:18:59,23090.95
22000,9762,-2,192736,6080,2026-09-25 09:18:59,23090.95
22050,1,0,8695,474,2026-09-25 09:18:59,23090.95
22100,24,0,20021,3030,2026-09-25 09:18:59,23090.95
22150,62,0,5940,919,2026-09-25 09:18:59,23090.95
22200,106,-13,50855,-2833,2026-09-25 09:18:59,23090.95
22250,25,0,11162,1087,2026-09-25 09:18:59,23090.95
22300,27,0,49413,-718,2026-09-25 09:18:59,23090.95
22350,33,0,18918,1578,2026-09-25 09:18:59,23090.95
22400,90,1,48736,-37,2026-09-25 09:18:59,23090.95
22450,157,1,21620,1867,2026-09-25 09:18:59,23090.95
22500,9842,-289,138864,2142,2026-09-25 09:18:59,23090.95
22550,110,2,23513,3225,2026-09-25 09:18:59,23090.95
22600,917,4,58704,5940,2026-09-25 09:18:59,23090.95
22650,717,1,35095,1005,2026-09-25 09:18:59,23090.95
22700,1186,24,79270,8494,2026-09-25 09:18:59,23090.95
22750,1036,181,42315,9730,2026-09-25 09:18:59,23090.95
22800,5993,12,120615,10528,2026-09-25 09:18:59,23090.95
22850,1707,115,51991,7621,2026-09-25 09:18:59,23090.95
22900,8081,2288,99403,12655,2026-09-25 09:18:59,23090.95
22950,5968,1861,48010,11830,2026-09-25 09:18:59,23090.95
23000,73932,14148,226698,45813,2026-09-25 09:18:59,23090.95
23050,43296,22505,81576,38640,2026-09-25 09:18:59,23090.95
23100,147622,38858,156807,40099,2026-09-25 09:18:59,23090.95
23150,69161,18226,45952,18800,2026-09-25 09:18:59,23090.95
23200,202856,19021,87604,12951,2026-09-25 09:18:59,23090.95
23250,162323,10335,54437,-81,2026-09-25 09:18:59,23090.95
23300,187737,8413,86427,1057,2026-09-25 09:18:59,23090.95
23350,72514,4190,17390,232,2026-09-25 09:18:59,23090.95
23400,170114,8233,61113,-864,2026-09-25 09:18:59,23090.95
23450,77431,5175,16989,129,2026-09-25 09:18:59,23090.95
23500,219401,10600,84490,643,2026-09-25 09:18:59,23090.95
23550,68744,4219,5490,-31,2026-09-25 09:18:59,23090.95
23600,129724,5375,22204,-114,2026-09-25 09:18:59,23090.95
23650,68258,-1682,3898,-6,2026-09-25 09:18:59,23090.95
23700,114390,5580,11812,-107,2026-09-25 09:18:59,23090.95
23750,47658,1432,3521,-9,2026-09-25 09:18:59,23090.95
23800,106835,-2403,20439,-98,2026-09-25 09:18:59,23090.95
23850,37286,1026,1821,-7,2026-09-25 09:18:59,23090.95
23900,117570,-399,12069,-39,2026-09-25 09:18:59,23090.95
23950,31963,-260,2015,-7,2026-09-25 09:18:59,23090.95
24000,302927,4314,70059,-824,2026-09-25 09:18:59,23090.95
24050,48999,-528,1243,0,2026-09-25 09:18:59,23090.95
24100,88495,4352,6867,1,2026-09-25 09:18:59,23090.95
24150,28264,1351,1898,0,2026-09-25 09:18:59,23090.95
24200,139624,537,17072,-14,2026-09-25 09:18:59,23090.95
24250,33511,-368,2204,0,2026-09-25 09:18:59,23090.95
24300,123884,-170,38911,-370,2026-09-25 09:18:59,23090.95
24350,26659,-458,4598,0,2026-09-25 09:18:59,23090.95
24400,64268,1590,22342,-1,2026-09-25 09:18:59,23090.95
24450,6093,-117,1170,0,2026-09-25 09:18:59,23090.95
24500,196383,1035,30899,-55,2026-09-25 09:18:59,23090.95
24550,18827,348,692,0,2026-09-25 09:18:59,23090.95
24600,54394,338,8678,0,2026-09-25 09:18:59,23090.95
24650,13522,51,525,0,2026-09-25 09:18:59,23090.95
24700,57554,-476,2835,0,2026-09-25 09:18:59,23090.95
24750,5467,61,381,0,2026-09-25 09:18:59,23090.95
24800,53265,-1471,3712,0,2026-09-25 09:18:59,23090.95
24850,2379,45,172,0,2026-09-25 09:18:59,23090.95
24900,28057,-13,872,0,2026-09-25 09:18:59,23090.95
24950,2256,192,71,0,2026-09-25 09:18:59,23090.95
25000,174163,528,20970,-3,2026-09-25 09:18:59,23090.95
25050,1263,40,52,0,2026-09-25 09:18:59,23090.95
25100,14771,97,1344,0,2026-09-25 09:18:59,23090.95
25150,1319,43,25,0,2026-09-25 09:18:59,23090.95
25200,9670,33,1108,0,2026-09-25 09:18:59,23090.95
25250,925,4,34,0,2026-09-25 09:18:59,23090.95
25300,7062,382,401,0,2026-09-25 09:18:59,23090.95
25350,420,12,16,0,2026-09-25 09:18:59,23090.95
25400,3347,20,325,0,2026-09-25 09:18:59,23090.95
25450,599,17,9,0,2026-09-25 09:18:59,23090.95
25500,43751,86,11938,0,2026-09-25 09:18:59,23090.95
25550,1506,44,6,0,2026-09-25 09:18:59,23090.95
25600,3251,28,448,0,2026-09-25 09:18:59,23090.95
25650,883,0,8,0,2026-09-25 09:18:59,23090.95
25700,4159,26,165,0,2026-09-25 09:18:59,23090.95
25750,308,-5,4,0,2026-09-25 09:18:59,23090.95
25800,6102,311,301,0,2026-09-25 09:18:59,23090.95
25850,289,3,0,0,2026-09-25 09:18:59,23090.95
25900,3383,134,65,0,2026-09-25 09:18:59,23090.95
25950,418,13,1,0,2026-09-25 09:18:59,23090.95
26000,49338,712,22530,0,2026-09-25 09:18:59,23090.95
26050,502,120,1,0,2026-09-25 09:18:59,23090.95
26100,416,-9,118,0,2026-09-25 09:18:59,23090.95
26150,288,29,1,0,2026-09-25 09:18:59,23090.95
26200,2728,111,549,0,2026-09-25 09:18:59,23090.95
26250,356,0,0,0,2026-09-25 09:18:59,23090.95
26300,1699,7,948,0,2026-09-25 09:18:59,23090.95
26350,210,81,0,0,2026-09-25 09:18:59,23090.95
26400,335,32,42,0,2026-09-25 09:18:59,23090.95
26450,200,25,0,0,2026-09-25 09:18:59,23090.95
26500,10259,-1,9624,0,2026-09-25 09:18:59,23090.95
26550,179,43,0,0,2026-09-25 09:18:59,23090.95
26600,643,43,0,0,2026-09-25 09:18:59,23090.95
26650,122,0,0,0,2026-09-25 09:18:59,23090.95
26700,239,94,0,0,2026-09-25 09:18:59,23090.95
26750,217,-8,1,0,2026-09-25 09:18:59,23090.95
26800,396,217,21,0,2026-09-25 09:18:59,23090.95
26850,177,7,0,0,2026-09-25 09:18:59,23090.95
26900,217,0,1,0,2026-09-25 09:18:59,23090.95
26950,237,12,0,0,2026-09-25 09:18:59,23090.95
27000,25607,161,19212,0,2026-09-25 09:18:59,23090.95
27050,402,51,0,0,2026-09-25 09:18:59,23090.95
27100,684,47,0,0,2026-09-25 09:18:59,23090.95
27150,1274,8,0,0,2026-09-25 09:18:59,23090.95
27200,3557,306,0,0,2026-09-25 09:18:59,23090.95
28500,7068,-13,5041,0,2026-09-25 09:18:59,23090.95
30000,4290,0,1885,0,2026-09-25 09:18:59,23090.95
31500,248,0,0,0,2026-09-25 09:18:59,23090.95
33000,943,0,0,0,2026-09-25 09:18:59,23090.95
34500,203,0,0,0,2026-09-25 09:18:59,23090.95
15000,0,0,1741,61,2026-09-25 09:19:35,23090.95
16500,0,0,2254,0,2026-09-25 09:19:35,23090.95
18000,12,0,12993,132,2026-09-25 09:19:35,23090.95
19500,1702,0,16169,186,2026-09-25 09:19:35,23090.95
20800,0,0,515,515,2026-09-25 09:19:35,23090.95
20850,0,0,110,100,2026-09-25 09:19:35,23090.95
20900,0,0,37,37,2026-09-25 09:19:35,23090.95
20950,0,0,55,55,2026-09-25 09:19:35,23090.95
21000,6227,0,166330,-3720,2026-09-25 09:19:35,23090.95
21050,0,0,70,70,2026-09-25 09:19:35,23090.95
21100,0,0,43,42,2026-09-25 09:19:35,23090.95
21150,0,0,287,257,2026-09-25 09:19:35,23090.95
21200,0,0,331,46,2026-09-25 09:19:35,23090.95
21250,0,0,65,65,2026-09-25 09:19:35,23090.95
21300,0,0,799,-12,2026-09-25 09:19:35,23090.95
21350,0,0,38215,541,2026-09-25 09:19:35,23090.95
21400,1,0,41533,683,2026-09-25 09:19:35,23090.95
21450,0,0,4056,216,2026-09-25 09:19:35,23090.95
21500,1,0,66134,23,2026-09-25 09:19:35,23090.95
21550,0,0,4015,207,2026-09-25 09:19:35,23090.95
21600,644,0,21380,2934,2026-09-25 09:19:35,23090.95
21650,1,0,6063,1171,2026-09-25 09:19:35,23090.95
21700,0,0,26410,2905,2026-09-25 09:19:35,23090.95
21750,1,0,7895,2515,2026-09-25 09:19:35,23090.95
21800,1,0,40327,4782,2026-09-25 09:19:35,23090.95
21850,1,0,5065,1121,2026-09-25 09:19:35,23090.95
21900,10,0,17544,2053,2026-09-25 09:19:35,23090.95
21950,2,0,7733,494,2026-09-25 09:19:35,23090.95
22000,9762,-2,192736,6080,2026-09-25 09:19:35,23090.95
22050,1,0,8695,474,2026-09-25 09:19:35,23090.95
22100,24,0,20021,3030,2026-09-25 09:19:35,23090.95
22150,62,0,5940,919,2026-09-25 09:19:35,23090.95
22200,106,-13,50855,-2833,2026-09-25 09:19:35,23090.95
22250,25,0,11162,1087,2026-09-25 09:19:35,23090.95
22300,27,0,49413,-718,2026-09-25 09:19:35,23090.95
22350,33,0,18918,1578,2026-09-25 09:19:35,23090.95
22400,90,1,48736,-37,2026-09-25 09:19:35,23090.95
22450,157,1,21620,1867,2026-09-25 09:19:35,23090.95
22500,9842,-289,138864,2142,2026-09-25 09:19:35,23090.95
22550,110,2,23513,3225,2026-09-25 09:19:35,23090.95
22600,917,4,58704,5940,2026-09-25 09:19:35,23090.95
22650,717,1,35095,1005,2026-09-25 09:19:35,23090.95
22700,1186,24,79270,8494,2026-09-25 09:19:35,23090.95
22750,1036,181,42315,9730,2026-09-25 09:19:35,23090.95
22800,5993,12,120615,10528,2026-09-25 09:19:35,23090.95
22850,1707,115,51991,7621,2026-09-25 09:19:35,23090.95
22900,8081,2288,99403,12655,2026-09-25 09:19:35,23090.95
22950,5968,1861,48010,11830,2026-09-25 09:19:35,23090.95
23000,73932,14148,226698,45813,2026-09-25 09:19:35,23090.95
23050,43296,22505,81576,38640,2026-09-25 09:19:35,23090.95
23100,147622,38858,156807,40099,2026-09-25 09:19:35,23090.95
23150,69161,18226,45952,18800,2026-09-25 09:19:35,23090.95
23200,202856,19021,87604,12951,2026-09-25 09:19:35,23090.95
23250,162323,10335,54437,-81,2026-09-25 09:19:35,23090.95
23300,187737,8413,86427,1057,2026-09-25 09:19:35,23090.95
23350,72514,4190,17390,232,2026-09-25 09:19:35,23090.95
23400,170114,8233,61113,-864,2026-09-25 09:19:35,23090.95
23450,77431,5175,16989,129,2026-09-25 09:19:35,23090.95
23500,219401,10600,84490,643,2026-09-25 09:19:35,23090.95
23550,68744,4219,5490,-31,2026-09-25 09:19:35,23090.95
23600,129724,5375,22204,-114,2026-09-25 09:19:35,23090.95
23650,68258,-1682,3898,-6,2026-09-25 09:19:35,23090.95
23700,114390,5580,11812,-107,2026-09-25 09:19:35,23090.95
23750,47658,1432,3521,-9,2026-09-25 09:19:35,23090.95
23800,106835,-2403,20439,-98,2026-09-25 09:19:35,23090.95
23850,37286,1026,1821,-7,2026-09-25 09:19:35,23090.95
23900,117570,-399,12069,-39,2026-09-25 09:19:35,23090.95
23950,31963,-260,2015,-7,2026-09-25 09:19:35,23090.95
24000,302927,4314,70059,-824,2026-09-25 09:19:35,23090.95
24050,48999,-528,1243,0,2026-09-25 09:19:35,23090.95
24100,88495,4352,6867,1,2026-09-25 09:19:35,23090.95
24150,28264,1351,1898,0,2026-09-25 09:19:35,23090.95
24200,139624,537,17072,-14,2026-09-25 09:19:35,23090.95
24250,33511,-368,2204,0,2026-09-25 09:19:35,23090.95
24300,123884,-170,38911,-370,2026-09-25 09:19:35,23090.95
24350,26659,-458,4598,0,2026-09-25 09:19:35,23090.95
24400,64268,1590,22342,-1,2026-09-25 09:19:35,23090.95
24450,6093,-117,1170,0,2026-09-25 09:19:35,23090.95
24500,196383,1035,30899,-55,2026-09-25 09:19:35,23090.95
24550,18827,348,692,0,2026-09-25 09:19:35,23090.95
24600,54394,338,8678,0,2026-09-25 09:19:35,23090.95
24650,13522,51,525,0,2026-09-25 09:19:35,23090.95
24700,57554,-476,2835,0,2026-09-25 09:19:35,23090.95
24750,5467,61,381,0,2026-09-25 09:19:35,23090.95
24800,53265,-1471,3712,0,2026-09-25 09:19:35,23090.95
24850,2379,45,172,0,2026-09-25 09:19:35,23090.95
24900,28057,-13,872,0,2026-09-25 09:19:35,23090.95
24950,2256,192,71,0,2026-09-25 09:19:35,23090.95
25000,174163,528,20970,-3,2026-09-25 09:19:35,23090.95
25050,1263,40,52,0,2026-09-25 09:19:35,23090.95
25100,14771,97,1344,0,2026-09-25 09:19:35,23090.95
25150,1319,43,25,0,2026-09-25 09:19:35,23090.95
25200,9670,33,1108,0,2026-09-25 09:19:35,23090.95
25250,925,4,34,0,2026-09-25 09:19:35,23090.95
25300,7062,382,401,0,2026-09-25 09:19:35,23090.95
25350,420,12,16,0,2026-09-25 09:19:35,23090.95
25400,3347,20,325,0,2026-09-25 09:19:35,23090.95
25450,599,17,9,0,2026-09-25 09:19:35,23090.95
25500,43751,86,11938,0,2026-09-25 09:19:35,23090.95
25550,1506,44,6,0,2026-09-25 09:19:35,23090.95
25600,3251,28,448,0,2026-09-25 09:19:35,23090.95
25650,883,0,8,0,2026-09-25 09:19:35,23090.95
25700,4159,26,165,0,2026-09-25 09:19:35,23090.95
25750,308,-5,4,0,2026-09-25 09:19:35,23090.95
25800,6102,311,301,0,2026-09-25 09:19:35,23090.95
25850,289,3,0,0,2026-09-25 09:19:35,23090.95
25900,3383,134,65,0,2026-09-25 09:19:35,23090.95
25950,418,13,1,0,2026-09-25 09:19:35,23090.95
26000,49338,712,22530,0,2026-09-25 09:19:35,23090.95
26050,502,120,1,0,2026-09-25 09:19:35,23090.95
26100,416,-9,118,0,2026-09-25 09:19:35,23090.95
26150,288,29,1,0,2026-09-25 09:19:35,23090.95
26200,2728,111,549,0,2026-09-25 09:19:35,23090.95
26250,356,0,0,0,2026-09-25 09:19:35,23090.95
26300,1699,7,948,0,2026-09-25 09:19:35,23090.95
26350,210,81,0,0,2026-09-25 09:19:35,23090.95
26400,335,32,42,0,2026-09-25 09:19:35,23090.95
26450,200,25,0,0,2026-09-25 09:19:35,23090.95
26500,10259,-1,9624,0,2026-09-25 09:19:35,23090.95
26550,179,43,0,0,2026-09-25 09:19:35,23090.95
26600,643,43,0,0,2026-09-25 09:19:35,23090.95
26650,122,0,0,0,2026-09-25 09:19:35,23090.95
26700,239,94,0,0,2026-09-25 09:19:35,23090.95
26750,217,-8,1,0,2026-09-25 09:19:35,23090.95
26800,396,217,21,0,2026-09-25 09:19:35,23090.95
26850,177,7,0,0,2026-09-25 09:19:35,23090.95
26900,217,0,1,0,2026-09-25 09:19:35,23090.95
26950,237,12,0,0,2026-09-25 09:19:35,23090.95
27000,25607,161,19212,0,2026-09-25 09:19:35,23090.95
27050,402,51,0,0,2026-09-25 09:19:35,23090.95
27100,684,47,0,0,2026-09-25 09:19:35,23090.95
27150,1274,8,0,0,2026-09-25 09:19:35,23090.95
27200,3557,306,0,0,2026-09-25 09:19:35,23090.95
28500,7068,-13,5041,0,2026-09-25 09:19:35,23090.95
30000,4290,0,1885,0,2026-09-25 09:19:35,23090.95
31500,248,0,0,0,2026-09-25 09:19:35,23090.95
33000,943,0,0,0,2026-09-25 09:19:35,23090.95
34500,203,0,0,0,2026-09-25 09:19:35,23090.95
