strike,ce_oi,ce_coi_day,pe_oi,pe_coi_day,timestamp,spot_price
21650,0,0,3083,0,2026-09-16 00:02:55,23118.6
21700,0,0,42768,-49899,2026-09-16 00:02:55,23118.6
21750,0,0,10012,-5594,2026-09-16 00:02:55,23118.6
21800,0,0,14224,-21702,2026-09-16 00:02:55,23118.6
21850,0,0,3126,-1416,2026-09-16 00:02:55,23118.6
21900,0,0,19664,-28292,2026-09-16 00:02:55,23118.6
21950,0,0,7912,-7492,2026-09-16 00:02:55,23118.6
22000,33,-3,54105,-67658,2026-09-16 00:02:55,23118.6
22050,0,0,8817,-2275,2026-09-16 00:02:55,23118.6
22100,0,0,20682,-25866,2026-09-16 00:02:55,23118.6
22150,0,0,7815,-5747,2026-09-16 00:02:55,23118.6
22200,0,0,37094,-30259,2026-09-16 00:02:55,23118.6
22250,0,0,12229,-9197,2026-09-16 00:02:55,23118.6
22300,37,-8,27918,-14372,2026-09-16 00:02:55,23118.6
22350,0,0,10610,-835,2026-09-16 00:02:55,23118.6
22400,10,-1,35390,-41003,2026-09-16 00:02:55,23118.6
22450,0,0,15321,1444,2026-09-16 00:02:55,23118.6
22500,358,29,139356,-6442,2026-09-16 00:02:55,23118.6
22550,0,0,19535,-2323,2026-09-16 00:02:55,23118.6
22600,144,49,67225,10788,2026-09-16 00:02:55,23118.6
22650,45,27,22560,2354,2026-09-16 00:02:55,23118.6
22700,706,44,81040,3890,2026-09-16 00:02:55,23118.6
22750,373,74,37617,-1555,2026-09-16 00:02:55,23118.6
22800,1607,266,109718,11346,2026-09-16 00:02:55,23118.6
22850,1246,747,46325,-5529,2026-09-16 00:02:55,23118.6
22900,2345,874,94572,-9847,2026-09-16 00:02:55,23118.6
22950,3969,3002,70064,15637,2026-09-16 00:02:55,23118.6
23000,16377,10400,172071,-18070,2026-09-16 00:02:55,23118.6
23050,25714,23784,143596,94162,2026-09-16 00:02:55,23118.6
23100,93887,88336,316052,194547,2026-09-16 00:02:55,23118.6
23150,275006,270881,114358,48587,2026-09-16 00:02:55,23118.6
23200,272804,254937,92267,-77549,2026-09-16 00:02:55,23118.6
23250,179516,157933,38843,-84828,2026-09-16 00:02:55,23118.6
23300,293111,250387,54650,-157693,2026-09-16 00:02:55,23118.6
23350,198328,165656,24801,-68804,2026-09-16 00:02:55,23118.6
23400,205556,110800,41089,-97214,2026-09-16 00:02:55,23118.6
23450,108817,46685,17366,-37222,2026-09-16 00:02:55,23118.6
23500,192916,49840,25181,-40136,2026-09-16 00:02:55,23118.6
23550,90133,15045,5923,-8236,2026-09-16 00:02:55,23118.6
23600,144400,22817,8361,-13035,2026-09-16 00:02:55,23118.6
23650,80347,3828,4025,-4118,2026-09-16 00:02:55,23118.6
23700,121461,-32999,11222,-11869,2026-09-16 00:02:55,23118.6
23750,65850,-17276,2282,-4500,2026-09-16 00:02:55,23118.6
23800,122462,-55907,10421,-5454,2026-09-16 00:02:55,23118.6
23850,49666,3331,1805,-1541,2026-09-16 00:02:55,23118.6
23900,96170,-10055,7927,-9214,2026-09-16 00:02:55,23118.6
23950,39181,-7440,1049,-740,2026-09-16 00:02:55,23118.6
24000,174733,-35551,8423,-11373,2026-09-16 00:02:55,23118.6
24050,50141,9785,1019,-113,2026-09-16 00:02:55,23118.6
24100,95287,5837,5082,-579,2026-09-16 00:02:55,23118.6
24150,49143,16634,804,-222,2026-09-16 00:02:55,23118.6
24200,132178,48242,4659,-1631,2026-09-16 00:02:55,23118.6
24250,47653,19957,512,-177,2026-09-16 00:02:55,23118.6
24300,95594,38665,2769,-348,2026-09-16 00:02:55,23118.6
24350,48946,32608,380,-212,2026-09-16 00:02:55,23118.6
24400,87627,10282,1364,-844,2026-09-16 00:02:55,23118.6
24450,16293,5491,146,-71,2026-09-16 00:02:55,23118.6
24500,145430,-10164,2239,-2647,2026-09-16 00:02:55,23118.6
24550,22718,8603,79,-226,2026-09-16 00:02:55,23118.6
24600,33125,-14269,464,-954,2026-09-16 00:02:55,23118.6
24650,25015,8283,97,-38,2026-09-16 00:02:55,23118.6
24700,28980,-8708,213,-173,2026-09-16 00:02:55,23118.6
24750,13953,-750,43,-16,2026-09-16 00:02:55,23118.6
24800,19687,-26860,231,-152,2026-09-16 00:02:55,23118.6
24850,12744,932,0,0,2026-09-16 00:02:55,23118.6
24900,13548,-1708,162,-45,2026-09-16 00:02:55,23118.6
24950,6960,-1384,0,0,2026-09-16 00:02:55,23118.6
25000,63296,-21077,399,-898,2026-09-16 00:02:55,23118.6
25050,7334,-38,1,0,2026-09-16 00:02:55,23118.6
25100,8705,-1359,45,-54,2026-09-16 00:02:55,23118.6
25150,4751,-847,5,0,2026-09-16 00:02:55,23118.6
25200,9738,-12845,10,-38,2026-09-16 00:02:55,23118.6
25250,7177,-5076,8,0,2026-09-16 00:02:55,23118.6
25300,6311,-6653,38,-21,2026-09-16 00:02:55,23118.6
25350,2167,-310,0,0,2026-09-16 00:02:55,23118.6
25400,5456,-2842,20,-4,2026-09-16 00:02:55,23118.6
25450,1677,-2500,22,0,2026-09-16 00:02:55,23118.6
25500,15165,-11606,253,-706,2026-09-16 00:02:55,23118.6
25550,2625,-645,8,0,2026-09-16 00:02:55,23118.6
25600,3072,-4337,4,0,2026-09-16 00:02:55,23118.6
25650,1591,698,9,0,2026-09-16 00:02:55,23118.6
25700,2542,-1714,0,0,2026-09-16 00:02:55,23118.6
25750,998,191,0,0,2026-09-16 00:02:55,23118.6
25800,11748,-844,7,-1,2026-09-16 00:02:55,23118.6
25850,1260,343,0,0,2026-09-16 00:02:55,23118.6
25900,3439,-1120,0,0,2026-09-16 00:02:55,23118.6
25950,1226,229,0,0,2026-09-16 00:02:55,23118.6
26000,16285,-7500,333,-591,2026-09-16 00:02:55,23118.6
26050,1446,308,0,0,2026-09-16 00:02:55,23118.6
26100,1968,-413,0,0,2026-09-16 00:02:55,23118.6
26150,1817,369,0,0,2026-09-16 00:02:55,23118.6
26200,6776,487,0,0,2026-09-16 00:02:55,23118.6
21650,0,0,3083,0,2026-09-16 00:05:58,23118.6
21700,0,0,42768,-49899,2026-09-16 00:05:58,23118.6
21750,0,0,10012,-5594,2026-09-16 00:05:58,23118.6
21800,0,0,14224,-21702,2026-09-16 00:05:58,23118.6
21850,0,0,3126,-1416,2026-09-16 00:05:58,23118.6
21900,0,0,19664,-28292,2026-09-16 00:05:58,23118.6
21950,0,0,7912,-7492,2026-09-16 00:05:58,23118.6
22000,33,-3,54105,-67658,2026-09-16 00:05:58,23118.6
22050,0,0,8817,-2275,2026-09-16 00:05:58,23118.6
22100,0,0,20682,-25866,2026-09-16 00:05:58,23118.6
22150,0,0,7815,-5747,2026-09-16 00:05:58,23118.6
22200,0,0,37094,-30259,2026-09-16 00:05:58,23118.6
22250,0,0,12229,-9197,2026-09-16 00:05:58,23118.6
22300,37,-8,27918,-14372,2026-09-16 00:05:58,23118.6
22350,0,0,10610,-835,2026-09-16 00:05:58,23118.6
22400,10,-1,35390,-41003,2026-09-16 00:05:58,23118.6
22450,0,0,15321,1444,2026-09-16 00:05:58,23118.6
22500,358,29,139356,-6442,2026-09-16 00:05:58,23118.6
22550,0,0,19535,-2323,2026-09-16 00:05:58,23118.6
22600,144,49,67225,10788,2026-09-16 00:05:58,23118.6
22650,45,27,22560,2354,2026-09-16 00:05:58,23118.6
22700,706,44,81040,3890,2026-09-16 00:05:58,23118.6
22750,373,74,37617,-1555,2026-09-16 00:05:58,23118.6
22800,1607,266,109718,11346,2026-09-16 00:05:58,23118.6
22850,1246,747,46325,-5529,2026-09-16 00:05:58,23118.6
22900,2345,874,94572,-9847,2026-09-16 00:05:58,23118.6
22950,3969,3002,70064,15637,2026-09-16 00:05:58,23118.6
23000,16377,10400,172071,-18070,2026-09-16 00:05:58,23118.6
23050,25714,23784,143596,94162,2026-09-16 00:05:58,23118.6
23100,93887,88336,316052,194547,2026-09-16 00:05:58,23118.6
23150,275006,270881,114358,48587,2026-09-16 00:05:58,23118.6
23200,272804,254937,92267,-77549,2026-09-16 00:05:58,23118.6
23250,179516,157933,38843,-84828,2026-09-16 00:05:58,23118.6
23300,293111,250387,54650,-157693,2026-09-16 00:05:58,23118.6
23350,198328,165656,24801,-68804,2026-09-16 00:05:58,23118.6
23400,205556,110800,41089,-97214,2026-09-16 00:05:58,23118.6
23450,108817,46685,17366,-37222,2026-09-16 00:05:58,23118.6
23500,192916,49840,25181,-40136,2026-09-16 00:05:58,23118.6
23550,90133,15045,5923,-8236,2026-09-16 00:05:58,23118.6
23600,144400,22817,8361,-13035,2026-09-16 00:05:58,23118.6
23650,80347,3828,4025,-4118,2026-09-16 00:05:58,23118.6
23700,121461,-32999,11222,-11869,2026-09-16 00:05:58,23118.6
23750,65850,-17276,2282,-4500,2026-09-16 00:05:58,23118.6
23800,122462,-55907,10421,-5454,2026-09-16 00:05:58,23118.6
23850,49666,3331,1805,-1541,2026-09-16 00:05:58,23118.6
23900,96170,-10055,7927,-9214,2026-09-16 00:05:58,23118.6
23950,39181,-7440,1049,-740,2026-09-16 00:05:58,23118.6
24000,174733,-35551,8423,-11373,2026-09-16 00:05:58,23118.6
24050,50141,9785,1019,-113,2026-09-16 00:05:58,23118.6
24100,95287,5837,5082,-579,2026-09-16 00:05:58,23118.6
24150,49143,16634,804,-222,2026-09-16 00:05:58,23118.6
24200,132178,48242,4659,-1631,2026-09-16 00:05:58,23118.6
24250,47653,19957,512,-177,2026-09-16 00:05:58,23118.6
24300,95594,38665,2769,-348,2026-09-16 00:05:58,23118.6
24350,48946,32608,380,-212,2026-09-16 00:05:58,23118.6
24400,87627,10282,1364,-844,2026-09-16 00:05:58,23118.6
24450,16293,5491,146,-71,2026-09-16 00:05:58,23118.6
24500,145430,-10164,2239,-2647,2026-09-16 00:05:58,23118.6
24550,22718,8603,79,-226,2026-09-16 00:05:58,23118.6
24600,33125,-14269,464,-954,2026-09-16 00:05:58,23118.6
24650,25015,8283,97,-38,2026-09-16 00:05:58,23118.6
24700,28980,-8708,213,-173,2026-09-16 00:05:58,23118.6
24750,13953,-750,43,-16,2026-09-16 00:05:58,23118.6
24800,19687,-26860,231,-152,2026-09-16 00:05:58,23118.6
24850,12744,932,0,0,2026-09-16 00:05:58,23118.6
24900,13548,-1708,162,-45,2026-09-16 00:05:58,23118.6
24950,6960,-1384,0,0,2026-09-16 00:05:58,23118.6
25000,63296,-21077,399,-898,2026-09-16 00:05:58,23118.6
25050,7334,-38,1,0,2026-09-16 00:05:58,23118.6
25100,8705,-1359,45,-54,2026-09-16 00:05:58,23118.6
25150,4751,-847,5,0,2026-09-16 00:05:58,23118.6
25200,9738,-12845,10,-38,2026-09-16 00:05:58,23118.6
25250,7177,-5076,8,0,2026-09-16 00:05:58,23118.6
25300,6311,-6653,38,-21,2026-09-16 00:05:58,23118.6
25350,2167,-310,0,0,2026-09-16 00:05:58,23118.6
25400,5456,-2842,20,-4,2026-09-16 00:05:58,23118.6
25450,1677,-2500,22,0,2026-09-16 00:05:58,23118.6
25500,15165,-11606,253,-706,2026-09-16 00:05:58,23118.6
25550,2625,-645,8,0,2026-09-16 00:05:58,23118.6
25600,3072,-4337,4,0,2026-09-16 00:05:58,23118.6
25650,1591,698,9,0,2026-09-16 00:05:58,23118.6
25700,2542,-1714,0,0,2026-09-16 00:05:58,23118.6
25750,998,191,0,0,2026-09-16 00:05:58,23118.6
25800,11748,-844,7,-1,2026-09-16 00:05:58,23118.6
25850,1260,343,0,0,2026-09-16 00:05:58,23118.6
25900,3439,-1120,0,0,2026-09-16 00:05:58,23118.6
25950,1226,229,0,0,2026-09-16 00:05:58,23118.6
26000,16285,-7500,333,-591,2026-09-16 00:05:58,23118.6
26050,1446,308,0,0,2026-09-16 00:05:58,23118.6
26100,1968,-413,0,0,2026-09-16 00:05:58,23118.6
26150,1817,369,0,0,2026-09-16 00:05:58,23118.6
26200,6776,487,0,0,2026-09-16 00:05:58,23118.6
21650,0,0,3083,0,2026-09-16 00:06:03,23118.6
21700,0,0,42768,-49899,2026-09-16 00:06:03,23118.6
21750,0,0,10012,-5594,2026-09-16 00:06:03,23118.6
21800,0,0,14224,-21702,2026-09-16 00:06:03,23118.6
21850,0,0,3126,-1416,2026-09-16 00:06:03,23118.6
21900,0,0,19664,-28292,2026-09-16 00:06:03,23118.6
21950,0,0,7912,-7492,2026-09-16 00:06:03,23118.6
22000,33,-3,54105,-67658,2026-09-16 00:06:03,23118.6
22050,0,0,8817,-2275,2026-09-16 00:06:03,23118.6
22100,0,0,20682,-25866,2026-09-16 00:06:03,23118.6
22150,0,0,7815,-5747,2026-09-16 00:06:03,23118.6
22200,0,0,37094,-30259,2026-09-16 00:06:03,23118.6
22250,0,0,12229,-9197,2026-09-16 00:06:03,23118.6
22300,37,-8,27918,-14372,2026-09-16 00:06:03,23118.6
22350,0,0,10610,-835,2026-09-16 00:06:03,23118.6
22400,10,-1,35390,-41003,2026-09-16 00:06:03,23118.6
22450,0,0,15321,1444,2026-09-16 00:06:03,23118.6
22500,358,29,139356,-6442,2026-09-16 00:06:03,23118.6
22550,0,0,19535,-2323,2026-09-16 00:06:03,23118.6
22600,144,49,67225,10788,2026-09-16 00:06:03,23118.6
22650,45,27,22560,2354,2026-09-16 00:06:03,23118.6
22700,706,44,81040,3890,2026-09-16 00:06:03,23118.6
22750,373,74,37617,-1555,2026-09-16 00:06:03,23118.6
22800,1607,266,109718,11346,2026-09-16 00:06:03,23118.6
22850,1246,747,46325,-5529,2026-09-16 00:06:03,23118.6
22900,2345,874,94572,-9847,2026-09-16 00:06:03,23118.6
22950,3969,3002,70064,15637,2026-09-16 00:06:03,23118.6
23000,16377,10400,172071,-18070,2026-09-16 00:06:03,23118.6
23050,25714,23784,143596,94162,2026-09-16 00:06:03,23118.6
23100,93887,88336,316052,194547,2026-09-16 00:06:03,23118.6
23150,275006,270881,114358,48587,2026-09-16 00:06:03,23118.6
23200,272804,254937,92267,-77549,2026-09-16 00:06:03,23118.6
23250,179516,157933,38843,-84828,2026-09-16 00:06:03,23118.6
23300,293111,250387,54650,-157693,2026-09-16 00:06:03,23118.6
23350,198328,165656,24801,-68804,2026-09-16 00:06:03,23118.6
23400,205556,110800,41089,-97214,2026-09-16 00:06:03,23118.6
23450,108817,46685,17366,-37222,2026-09-16 00:06:03,23118.6
23500,192916,49840,25181,-40136,2026-09-16 00:06:03,23118.6
23550,90133,15045,5923,-8236,2026-09-16 00:06:03,23118.6
23600,144400,22817,8361,-13035,2026-09-16 00:06:03,23118.6
23650,80347,3828,4025,-4118,2026-09-16 00:06:03,23118.6
23700,121461,-32999,11222,-11869,2026-09-16 00:06:03,23118.6
23750,65850,-17276,2282,-4500,2026-09-16 00:06:03,23118.6
23800,122462,-55907,10421,-5454,2026-09-16 00:06:03,23118.6
23850,49666,3331,1805,-1541,2026-09-16 00:06:03,23118.6
23900,96170,-10055,7927,-9214,2026-09-16 00:06:03,23118.6
23950,39181,-7440,1049,-740,2026-09-16 00:06:03,23118.6
24000,174733,-35551,8423,-11373,2026-09-16 00:06:03,23118.6
24050,50141,9785,1019,-113,2026-09-16 00:06:03,23118.6
24100,95287,5837,5082,-579,2026-09-16 00:06:03,23118.6
24150,49143,16634,804,-222,2026-09-16 00:06:03,23118.6
24200,132178,48242,4659,-1631,2026-09-16 00:06:03,23118.6
24250,47653,19957,512,-177,2026-09-16 00:06:03,23118.6
24300,95594,38665,2769,-348,2026-09-16 00:06:03,23118.6
24350,48946,32608,380,-212,2026-09-16 00:06:03,23118.6
24400,87627,10282,1364,-844,2026-09-16 00:06:03,23118.6
24450,16293,5491,146,-71,2026-09-16 00:06:03,23118.6
24500,145430,-10164,2239,-2647,2026-09-16 00:06:03,23118.6
24550,22718,8603,79,-226,2026-09-16 00:06:03,23118.6
24600,33125,-14269,464,-954,2026-09-16 00:06:03,23118.6
24650,25015,8283,97,-38,2026-09-16 00:06:03,23118.6
24700,28980,-8708,213,-173,2026-09-16 00:06:03,23118.6
24750,13953,-750,43,-16,2026-09-16 00:06:03,23118.6
24800,19687,-26860,231,-152,2026-09-16 00:06:03,23118.6
24850,12744,932,0,0,2026-09-16 00:06:03,23118.6
24900,13548,-1708,162,-45,2026-09-16 00:06:03,23118.6
24950,6960,-1384,0,0,2026-09-16 00:06:03,23118.6
25000,63296,-21077,399,-898,2026-09-16 00:06:03,23118.6
25050,7334,-38,1,0,2026-09-16 00:06:03,23118.6
25100,8705,-1359,45,-54,2026-09-16 00:06:03,23118.6
25150,4751,-847,5,0,2026-09-16 00:06:03,23118.6
25200,9738,-12845,10,-38,2026-09-16 00:06:03,23118.6
25250,7177,-5076,8,0,2026-09-16 00:06:03,23118.6
25300,6311,-6653,38,-21,2026-09-16 00:06:03,23118.6
25350,2167,-310,0,0,2026-09-16 00:06:03,23118.6
25400,5456,-2842,20,-4,2026-09-16 00:06:03,23118.6
25450,1677,-2500,22,0,2026-09-16 00:06:03,23118.6
25500,15165,-11606,253,-706,2026-09-16 00:06:03,23118.6
25550,2625,-645,8,0,2026-09-16 00:06:03,23118.6
25600,3072,-4337,4,0,2026-09-16 00:06:03,23118.6
25650,1591,698,9,0,2026-09-16 00:06:03,23118.6
25700,2542,-1714,0,0,2026-09-16 00:06:03,23118.6
25750,998,191,0,0,2026-09-16 00:06:03,23118.6
25800,11748,-844,7,-1,2026-09-16 00:06:03,23118.6
25850,1260,343,0,0,2026-09-16 00:06:03,23118.6
25900,3439,-1120,0,0,2026-09-16 00:06:03,23118.6
25950,1226,229,0,0,2026-09-16 00:06:03,23118.6
26000,16285,-7500,333,-591,2026-09-16 00:06:03,23118.6
26050,1446,308,0,0,2026-09-16 00:06:03,23118.6
26100,1968,-413,0,0,2026-09-16 00:06:03,23118.6
26150,1817,369,0,0,2026-09-16 00:06:03,23118.6
26200,6776,487,0,0,2026-09-16 00:06:03,23118.6
21650,0,0,3083,0,2026-09-16 00:06:53,23118.6
21700,0,0,42768,-49899,2026-09-16 00:06:53,23118.6
21750,0,0,10012,-5594,2026-09-16 00:06:53,23118.6
21800,0,0,14224,-21702,2026-09-16 00:06:53,23118.6
21850,0,0,3126,-1416,2026-09-16 00:06:53,23118.6
21900,0,0,19664,-28292,2026-09-16 00:06:53,23118.6
21950,0,0,7912,-7492,2026-09-16 00:06:53,23118.6
22000,33,-3,54105,-67658,2026-09-16 00:06:53,23118.6
22050,0,0,8817,-2275,2026-09-16 00:06:53,23118.6
22100,0,0,20682,-25866,2026-09-16 00:06:53,23118.6
22150,0,0,7815,-5747,2026-09-16 00:06:53,23118.6
22200,0,0,37094,-30259,2026-09-16 00:06:53,23118.6
22250,0,0,12229,-9197,2026-09-16 00:06:53,23118.6
22300,37,-8,27918,-14372,2026-09-16 00:06:53,23118.6
22350,0,0,10610,-835,2026-09-16 00:06:53,23118.6
22400,10,-1,35390,-41003,2026-09-16 00:06:53,23118.6
22450,0,0,15321,1444,2026-09-16 00:06:53,23118.6
22500,358,29,139356,-6442,2026-09-16 00:06:53,23118.6
22550,0,0,19535,-2323,2026-09-16 00:06:53,23118.6
22600,144,49,67225,10788,2026-09-16 00:06:53,23118.6
22650,45,27,22560,2354,2026-09-16 00:06:53,23118.6
22700,706,44,81040,3890,2026-09-16 00:06:53,23118.6
22750,373,74,37617,-1555,2026-09-16 00:06:53,23118.6
22800,1607,266,109718,11346,2026-09-16 00:06:53,23118.6
22850,1246,747,46325,-5529,2026-09-16 00:06:53,23118.6
22900,2345,874,94572,-9847,2026-09-16 00:06:53,23118.6
22950,3969,3002,70064,15637,2026-09-16 00:06:53,23118.6
23000,16377,10400,172071,-18070,2026-09-16 00:06:53,23118.6
23050,25714,23784,143596,94162,2026-09-16 00:06:53,23118.6
23100,93887,88336,316052,194547,2026-09-16 00:06:53,23118.6
23150,275006,270881,114358,48587,2026-09-16 00:06:53,23118.6
23200,272804,254937,92267,-77549,2026-09-16 00:06:53,23118.6
23250,179516,157933,38843,-84828,2026-09-16 00:06:53,23118.6
23300,293111,250387,54650,-157693,2026-09-16 00:06:53,23118.6
23350,198328,165656,24801,-68804,2026-09-16 00:06:53,23118.6
23400,205556,110800,41089,-97214,2026-09-16 00:06:53,23118.6
23450,108817,46685,17366,-37222,2026-09-16 00:06:53,23118.6
23500,192916,49840,25181,-40136,2026-09-16 00:06:53,23118.6
23550,90133,15045,5923,-8236,2026-09-16 00:06:53,23118.6
23600,144400,22817,8361,-13035,2026-09-16 00:06:53,23118.6
23650,80347,3828,4025,-4118,2026-09-16 00:06:53,23118.6
23700,121461,-32999,11222,-11869,2026-09-16 00:06:53,23118.6
23750,65850,-17276,2282,-4500,2026-09-16 00:06:53,23118.6
23800,122462,-55907,10421,-5454,2026-09-16 00:06:53,23118.6
23850,49666,3331,1805,-1541,2026-09-16 00:06:53,23118.6
23900,96170,-10055,7927,-9214,2026-09-16 00:06:53,23118.6
23950,39181,-7440,1049,-740,2026-09-16 00:06:53,23118.6
24000,174733,-35551,8423,-11373,2026-09-16 00:06:53,23118.6
24050,50141,9785,1019,-113,2026-09-16 00:06:53,23118.6
24100,95287,5837,5082,-579,2026-09-16 00:06:53,23118.6
24150,49143,16634,804,-222,2026-09-16 00:06:53,23118.6
24200,132178,48242,4659,-1631,2026-09-16 00:06:53,23118.6
24250,47653,19957,512,-177,2026-09-16 00:06:53,23118.6
24300,95594,38665,2769,-348,2026-09-16 00:06:53,23118.6
24350,48946,32608,380,-212,2026-09-16 00:06:53,23118.6
24400,87627,10282,1364,-844,2026-09-16 00:06:53,23118.6
24450,16293,5491,146,-71,2026-09-16 00:06:53,23118.6
24500,145430,-10164,2239,-2647,2026-09-16 00:06:53,23118.6
24550,22718,8603,79,-226,2026-09-16 00:06:53,23118.6
24600,33125,-14269,464,-954,2026-09-16 00:06:53,23118.6
24650,25015,8283,97,-38,2026-09-16 00:06:53,23118.6
24700,28980,-8708,213,-173,2026-09-16 00:06:53,23118.6
24750,13953,-750,43,-16,2026-09-16 00:06:53,23118.6
24800,19687,-26860,231,-152,2026-09-16 00:06:53,23118.6
24850,12744,932,0,0,2026-09-16 00:06:53,23118.6
24900,13548,-1708,162,-45,2026-09-16 00:06:53,23118.6
24950,6960,-1384,0,0,2026-09-16 00:06:53,23118.6
25000,63296,-21077,399,-898,2026-09-16 00:06:53,23118.6
25050,7334,-38,1,0,2026-09-16 00:06:53,23118.6
25100,8705,-1359,45,-54,2026-09-16 00:06:53,23118.6
25150,4751,-847,5,0,2026-09-16 00:06:53,23118.6
25200,9738,-12845,10,-38,2026-09-16 00:06:53,23118.6
25250,7177,-5076,8,0,2026-09-16 00:06:53,23118.6
25300,6311,-6653,38,-21,2026-09-16 00:06:53,23118.6
25350,2167,-310,0,0,2026-09-16 00:06:53,23118.6
25400,5456,-2842,20,-4,2026-09-16 00:06:53,23118.6
25450,1677,-2500,22,0,2026-09-16 00:06:53,23118.6
25500,15165,-11606,253,-706,2026-09-16 00:06:53,23118.6
25550,2625,-645,8,0,2026-09-16 00:06:53,23118.6
25600,3072,-4337,4,0,2026-09-16 00:06:53,23118.6
25650,1591,698,9,0,2026-09-16 00:06:53,23118.6
25700,2542,-1714,0,0,2026-09-16 00:06:53,23118.6
25750,998,191,0,0,2026-09-16 00:06:53,23118.6
25800,11748,-844,7,-1,2026-09-16 00:06:53,23118.6
25850,1260,343,0,0,2026-09-16 00:06:53,23118.6
25900,3439,-1120,0,0,2026-09-16 00:06:53,23118.6
25950,1226,229,0,0,2026-09-16 00:06:53,23118.6
26000,16285,-7500,333,-591,2026-09-16 00:06:53,23118.6
26050,1446,308,0,0,2026-09-16 00:06:53,23118.6
26100,1968,-413,0,0,2026-09-16 00:06:53,23118.6
26150,1817,369,0,0,2026-09-16 00:06:53,23118.6
26200,6776,487,0,0,2026-09-16 00:06:53,23118.6
21650,0,0,3083,0,2026-09-16 00:09:02,23118.6
21700,0,0,42768,-49899,2026-09-16 00:09:02,23118.6
21750,0,0,10012,-5594,2026-09-16 00:09:02,23118.6
21800,0,0,14224,-21702,2026-09-16 00:09:02,23118.6
21850,0,0,3126,-1416,2026-09-16 00:09:02,23118.6
21900,0,0,19664,-28292,2026-09-16 00:09:02,23118.6
21950,0,0,7912,-7492,2026-09-16 00:09:02,23118.6
22000,33,-3,54105,-67658,2026-09-16 00:09:02,23118.6
22050,0,0,8817,-2275,2026-09-16 00:09:02,23118.6
22100,0,0,20682,-25866,2026-09-16 00:09:02,23118.6
22150,0,0,7815,-5747,2026-09-16 00:09:02,23118.6
22200,0,0,37094,-30259,2026-09-16 00:09:02,23118.6
22250,0,0,12229,-9197,2026-09-16 00:09:02,23118.6
22300,37,-8,27918,-14372,2026-09-16 00:09:02,23118.6
22350,0,0,10610,-835,2026-09-16 00:09:02,23118.6
22400,10,-1,35390,-41003,2026-09-16 00:09:02,23118.6
22450,0,0,15321,1444,2026-09-16 00:09:02,23118.6
22500,358,29,139356,-6442,2026-09-16 00:09:02,23118.6
22550,0,0,19535,-2323,2026-09-16 00:09:02,23118.6
22600,144,49,67225,10788,2026-09-16 00:09:02,23118.6
22650,45,27,22560,2354,2026-09-16 00:09:02,23118.6
22700,706,44,81040,3890,2026-09-16 00:09:02,23118.6
22750,373,74,37617,-1555,2026-09-16 00:09:02,23118.6
22800,1607,266,109718,11346,2026-09-16 00:09:02,23118.6
22850,1246,747,46325,-5529,2026-09-16 00:09:02,23118.6
22900,2345,874,94572,-9847,2026-09-16 00:09:02,23118.6
22950,3969,3002,70064,15637,2026-09-16 00:09:02,23118.6
23000,16377,10400,172071,-18070,2026-09-16 00:09:02,23118.6
23050,25714,23784,143596,94162,2026-09-16 00:09:02,23118.6
23100,93887,88336,316052,194547,2026-09-16 00:09:02,23118.6
23150,275006,270881,114358,48587,2026-09-16 00:09:02,23118.6
23200,272804,254937,92267,-77549,2026-09-16 00:09:02,23118.6
23250,179516,157933,38843,-84828,2026-09-16 00:09:02,23118.6
23300,293111,250387,54650,-157693,2026-09-16 00:09:02,23118.6
23350,198328,165656,24801,-68804,2026-09-16 00:09:02,23118.6
23400,205556,110800,41089,-97214,2026-09-16 00:09:02,23118.6
23450,108817,46685,17366,-37222,2026-09-16 00:09:02,23118.6
23500,192916,49840,25181,-40136,2026-09-16 00:09:02,23118.6
23550,90133,15045,5923,-8236,2026-09-16 00:09:02,23118.6
23600,144400,22817,8361,-13035,2026-09-16 00:09:02,23118.6
23650,80347,3828,4025,-4118,2026-09-16 00:09:02,23118.6
23700,121461,-32999,11222,-11869,2026-09-16 00:09:02,23118.6
23750,65850,-17276,2282,-4500,2026-09-16 00:09:02,23118.6
23800,122462,-55907,10421,-5454,2026-09-16 00:09:02,23118.6
23850,49666,3331,1805,-1541,2026-09-16 00:09:02,23118.6
23900,96170,-10055,7927,-9214,2026-09-16 00:09:02,23118.6
23950,39181,-7440,1049,-740,2026-09-16 00:09:02,23118.6
24000,174733,-35551,8423,-11373,2026-09-16 00:09:02,23118.6
24050,50141,9785,1019,-113,2026-09-16 00:09:02,23118.6
24100,95287,5837,5082,-579,2026-09-16 00:09:02,23118.6
24150,49143,16634,804,-222,2026-09-16 00:09:02,23118.6
24200,132178,48242,4659,-1631,2026-09-16 00:09:02,23118.6
24250,47653,19957,512,-177,2026-09-16 00:09:02,23118.6
24300,95594,38665,2769,-348,2026-09-16 00:09:02,23118.6
24350,48946,32608,380,-212,2026-09-16 00:09:02,23118.6
24400,87627,10282,1364,-844,2026-09-16 00:09:02,23118.6
24450,16293,5491,146,-71,2026-09-16 00:09:02,23118.6
24500,145430,-10164,2239,-2647,2026-09-16 00:09:02,23118.6
24550,22718,8603,79,-226,2026-09-16 00:09:02,23118.6
24600,33125,-14269,464,-954,2026-09-16 00:09:02,23118.6
24650,25015,8283,97,-38,2026-09-16 00:09:02,23118.6
24700,28980,-8708,213,-173,2026-09-16 00:09:02,23118.6
24750,13953,-750,43,-16,2026-09-16 00:09:02,23118.6
24800,19687,-26860,231,-152,2026-09-16 00:09:02,23118.6
24850,12744,932,0,0,2026-09-16 00:09:02,23118.6
24900,13548,-1708,162,-45,2026-09-16 00:09:02,23118.6
24950,6960,-1384,0,0,2026-09-16 00:09:02,23118.6
25000,63296,-21077,399,-898,2026-09-16 00:09:02,23118.6
25050,7334,-38,1,0,2026-09-16 00:09:02,23118.6
25100,8705,-1359,45,-54,2026-09-16 00:09:02,23118.6
25150,4751,-847,5,0,2026-09-16 00:09:02,23118.6
25200,9738,-12845,10,-38,2026-09-16 00:09:02,23118.6
25250,7177,-5076,8,0,2026-09-16 00:09:02,23118.6
25300,6311,-6653,38,-21,2026-09-16 00:09:02,23118.6
25350,2167,-310,0,0,2026-09-16 00:09:02,23118.6
25400,5456,-2842,20,-4,2026-09-16 00:09:02,23118.6
25450,1677,-2500,22,0,2026-09-16 00:09:02,23118.6
25500,15165,-11606,253,-706,2026-09-16 00:09:02,23118.6
25550,2625,-645,8,0,2026-09-16 00:09:02,23118.6
25600,3072,-4337,4,0,2026-09-16 00:09:02,23118.6
25650,1591,698,9,0,2026-09-16 00:09:02,23118.6
25700,2542,-1714,0,0,2026-09-16 00:09:02,23118.6
25750,998,191,0,0,2026-09-16 00:09:02,23118.6
25800,11748,-844,7,-1,2026-09-16 00:09:02,23118.6
25850,1260,343,0,0,2026-09-16 00:09:02,23118.6
25900,3439,-1120,0,0,2026-09-16 00:09:02,23118.6
25950,1226,229,0,0,2026-09-16 00:09:02,23118.6
26000,16285,-7500,333,-591,2026-09-16 00:09:02,23118.6
26050,1446,308,0,0,2026-09-16 00:09:02,23118.6
26100,1968,-413,0,0,2026-09-16 00:09:02,23118.6
26150,1817,369,0,0,2026-09-16 00:09:02,23118.6
26200,6776,487,0,0,2026-09-16 00:09:02,23118.6
21650,0,0,3083,0,2026-09-16 00:12:05,23118.6
21700,0,0,42768,-49899,2026-09-16 00:12:05,23118.6
21750,0,0,10012,-5594,2026-09-16 00:12:05,23118.6
21800,0,0,14224,-21702,2026-09-16 00:12:05,23118.6
21850,0,0,3126,-1416,2026-09-16 00:12:05,23118.6
21900,0,0,19664,-28292,2026-09-16 00:12:05,23118.6
21950,0,0,7912,-7492,2026-09-16 00:12:05,23118.6
22000,33,-3,54105,-67658,2026-09-16 00:12:05,23118.6
22050,0,0,8817,-2275,2026-09-16 00:12:05,23118.6
22100,0,0,20682,-25866,2026-09-16 00:12:05,23118.6
22150,0,0,7815,-5747,2026-09-16 00:12:05,23118.6
22200,0,0,37094,-30259,2026-09-16 00:12:05,23118.6
22250,0,0,12229,-9197,2026-09-16 00:12:05,23118.6
22300,37,-8,27918,-14372,2026-09-16 00:12:05,23118.6
22350,0,0,10610,-835,2026-09-16 00:12:05,23118.6
22400,10,-1,35390,-41003,2026-09-16 00:12:05,23118.6
22450,0,0,15321,1444,2026-09-16 00:12:05,23118.6
22500,358,29,139356,-6442,2026-09-16 00:12:05,23118.6
22550,0,0,19535,-2323,2026-09-16 00:12:05,23118.6
22600,144,49,67225,10788,2026-09-16 00:12:05,23118.6
22650,45,27,22560,2354,2026-09-16 00:12:05,23118.6
22700,706,44,81040,3890,2026-09-16 00:12:05,23118.6
22750,373,74,37617,-1555,2026-09-16 00:12:05,23118.6
22800,1607,266,109718,11346,2026-09-16 00:12:05,23118.6
22850,1246,747,46325,-5529,2026-09-16 00:12:05,23118.6
22900,2345,874,94572,-9847,2026-09-16 00:12:05,23118.6
22950,3969,3002,70064,15637,2026-09-16 00:12:05,23118.6
23000,16377,10400,172071,-18070,2026-09-16 00:12:05,23118.6
23050,25714,23784,143596,94162,2026-09-16 00:12:05,23118.6
23100,93887,88336,316052,194547,2026-09-16 00:12:05,23118.6
23150,275006,270881,114358,48587,2026-09-16 00:12:05,23118.6
23200,272804,254937,92267,-77549,2026-09-16 00:12:05,23118.6
23250,179516,157933,38843,-84828,2026-09-16 00:12:05,23118.6
23300,293111,250387,54650,-157693,2026-09-16 00:12:05,23118.6
23350,198328,165656,24801,-68804,2026-09-16 00:12:05,23118.6
23400,205556,110800,41089,-97214,2026-09-16 00:12:05,23118.6
23450,108817,46685,17366,-37222,2026-09-16 00:12:05,23118.6
23500,192916,49840,25181,-40136,2026-09-16 00:12:05,23118.6
23550,90133,15045,5923,-8236,2026-09-16 00:12:05,23118.6
23600,144400,22817,8361,-13035,2026-09-16 00:12:05,23118.6
23650,80347,3828,4025,-4118,2026-09-16 00:12:05,23118.6
23700,121461,-32999,11222,-11869,2026-09-16 00:12:05,23118.6
23750,65850,-17276,2282,-4500,2026-09-16 00:12:05,23118.6
23800,122462,-55907,10421,-5454,2026-09-16 00:12:05,23118.6
23850,49666,3331,1805,-1541,2026-09-16 00:12:05,23118.6
23900,96170,-10055,7927,-9214,2026-09-16 00:12:05,23118.6
23950,39181,-7440,1049,-740,2026-09-16 00:12:05,23118.6
24000,174733,-35551,8423,-11373,2026-09-16 00:12:05,23118.6
24050,50141,9785,1019,-113,2026-09-16 00:12:05,23118.6
24100,95287,5837,5082,-579,2026-09-16 00:12:05,23118.6
24150,49143,16634,804,-222,2026-09-16 00:12:05,23118.6
24200,132178,48242,4659,-1631,2026-09-16 00:12:05,23118.6
24250,47653,19957,512,-177,2026-09-16 00:12:05,23118.6
24300,95594,38665,2769,-348,2026-09-16 00:12:05,23118.6
24350,48946,32608,380,-212,2026-09-16 00:12:05,23118.6
24400,87627,10282,1364,-844,2026-09-16 00:12:05,23118.6
24450,16293,5491,146,-71,2026-09-16 00:12:05,23118.6
24500,145430,-10164,2239,-2647,2026-09-16 00:12:05,23118.6
24550,22718,8603,79,-226,2026-09-16 00:12:05,23118.6
24600,33125,-14269,464,-954,2026-09-16 00:12:05,23118.6
24650,25015,8283,97,-38,2026-09-16 00:12:05,23118.6
24700,28980,-8708,213,-173,2026-09-16 00:12:05,23118.6
24750,13953,-750,43,-16,2026-09-16 00:12:05,23118.6
24800,19687,-26860,231,-152,2026-09-16 00:12:05,23118.6
24850,12744,932,0,0,2026-09-16 00:12:05,23118.6
24900,13548,-1708,162,-45,2026-09-16 00:12:05,23118.6
24950,6960,-1384,0,0,2026-09-16 00:12:05,23118.6
25000,63296,-21077,399,-898,2026-09-16 00:12:05,23118.6
25050,7334,-38,1,0,2026-09-16 00:12:05,23118.6
25100,8705,-1359,45,-54,2026-09-16 00:12:05,23118.6
25150,4751,-847,5,0,2026-09-16 00:12:05,23118.6
25200,9738,-12845,10,-38,2026-09-16 00:12:05,23118.6
25250,7177,-5076,8,0,2026-09-16 00:12:05,23118.6
25300,6311,-6653,38,-21,2026-09-16 00:12:05,23118.6
25350,2167,-310,0,0,2026-09-16 00:12:05,23118.6
25400,5456,-2842,20,-4,2026-09-16 00:12:05,23118.6
25450,1677,-2500,22,0,2026-09-16 00:12:05,23118.6
25500,15165,-11606,253,-706,2026-09-16 00:12:05,23118.6
25550,2625,-645,8,0,2026-09-16 00:12:05,23118.6
25600,3072,-4337,4,0,2026-09-16 00:12:05,23118.6
25650,1591,698,9,0,2026-09-16 00:12:05,23118.6
25700,2542,-1714,0,0,2026-09-16 00:12:05,23118.6
25750,998,191,0,0,2026-09-16 00:12:05,23118.6
25800,11748,-844,7,-1,2026-09-16 00:12:05,23118.6
25850,1260,343,0,0,2026-09-16 00:12:05,23118.6
25900,3439,-1120,0,0,2026-09-16 00:12:05,23118.6
25950,1226,229,0,0,2026-09-16 00:12:05,23118.6
26000,16285,-7500,333,-591,2026-09-16 00:12:05,23118.6
26050,1446,308,0,0,2026-09-16 00:12:05,23118.6
26100,1968,-413,0,0,2026-09-16 00:12:05,23118.6
26150,1817,369,0,0,2026-09-16 00:12:05,23118.6
26200,6776,487,0,0,2026-09-16 00:12:05,23118.6
21650,0,0,3083,0,2026-09-16 00:15:10,23118.6
21700,0,0,42768,-49899,2026-09-16 00:15:10,23118.6
21750,0,0,10012,-5594,2026-09-16 00:15:10,23118.6
21800,0,0,14224,-21702,2026-09-16 00:15:10,23118.6
21850,0,0,3126,-1416,2026-09-16 00:15:10,23118.6
21900,0,0,19664,-28292,2026-09-16 00:15:10,23118.6
21950,0,0,7912,-7492,2026-09-16 00:15:10,23118.6
22000,33,-3,54105,-67658,2026-09-16 00:15:10,23118.6
22050,0,0,8817,-2275,2026-09-16 00:15:10,23118.6
22100,0,0,20682,-25866,2026-09-16 00:15:10,23118.6
22150,0,0,7815,-5747,2026-09-16 00:15:10,23118.6
22200,0,0,37094,-30259,2026-09-16 00:15:10,23118.6
22250,0,0,12229,-9197,2026-09-16 00:15:10,23118.6
22300,37,-8,27918,-14372,2026-09-16 00:15:10,23118.6
22350,0,0,10610,-835,2026-09-16 00:15:10,23118.6
22400,10,-1,35390,-41003,2026-09-16 00:15:10,23118.6
22450,0,0,15321,1444,2026-09-16 00:15:10,23118.6
22500,358,29,139356,-6442,2026-09-16 00:15:10,23118.6
22550,0,0,19535,-2323,2026-09-16 00:15:10,23118.6
22600,144,49,67225,10788,2026-09-16 00:15:10,23118.6
22650,45,27,22560,2354,2026-09-16 00:15:10,23118.6
22700,706,44,81040,3890,2026-09-16 00:15:10,23118.6
22750,373,74,37617,-1555,2026-09-16 00:15:10,23118.6
22800,1607,266,109718,11346,2026-09-16 00:15:10,23118.6
22850,1246,747,46325,-5529,2026-09-16 00:15:10,23118.6
22900,2345,874,94572,-9847,2026-09-16 00:15:10,23118.6
22950,3969,3002,70064,15637,2026-09-16 00:15:10,23118.6
23000,16377,10400,172071,-18070,2026-09-16 00:15:10,23118.6
23050,25714,23784,143596,94162,2026-09-16 00:15:10,23118.6
23100,93887,88336,316052,194547,2026-09-16 00:15:10,23118.6
23150,275006,270881,114358,48587,2026-09-16 00:15:10,23118.6
23200,272804,254937,92267,-77549,2026-09-16 00:15:10,23118.6
23250,179516,157933,38843,-84828,2026-09-16 00:15:10,23118.6
23300,293111,250387,54650,-157693,2026-09-16 00:15:10,23118.6
23350,198328,165656,24801,-68804,2026-09-16 00:15:10,23118.6
23400,205556,110800,41089,-97214,2026-09-16 00:15:10,23118.6
23450,108817,46685,17366,-37222,2026-09-16 00:15:10,23118.6
23500,192916,49840,25181,-40136,2026-09-16 00:15:10,23118.6
23550,90133,15045,5923,-8236,2026-09-16 00:15:10,23118.6
23600,144400,22817,8361,-13035,2026-09-16 00:15:10,23118.6
23650,80347,3828,4025,-4118,2026-09-16 00:15:10,23118.6
23700,121461,-32999,11222,-11869,2026-09-16 00:15:10,23118.6
23750,65850,-17276,2282,-4500,2026-09-16 00:15:10,23118.6
23800,122462,-55907,10421,-5454,2026-09-16 00:15:10,23118.6
23850,49666,3331,1805,-1541,2026-09-16 00:15:10,23118.6
23900,96170,-10055,7927,-9214,2026-09-16 00:15:10,23118.6
23950,39181,-7440,1049,-740,2026-09-16 00:15:10,23118.6
24000,174733,-35551,8423,-11373,2026-09-16 00:15:10,23118.6
24050,50141,9785,1019,-113,2026-09-16 00:15:10,23118.6
24100,95287,5837,5082,-579,2026-09-16 00:15:10,23118.6
24150,49143,16634,804,-222,2026-09-16 00:15:10,23118.6
24200,132178,48242,4659,-1631,2026-09-16 00:15:10,23118.6
24250,47653,19957,512,-177,2026-09-16 00:15:10,23118.6
24300,95594,38665,2769,-348,2026-09-16 00:15:10,23118.6
24350,48946,32608,380,-212,2026-09-16 00:15:10,23118.6
24400,87627,10282,1364,-844,2026-09-16 00:15:10,23118.6
24450,16293,5491,146,-71,2026-09-16 00:15:10,23118.6
24500,145430,-10164,2239,-2647,2026-09-16 00:15:10,23118.6
24550,22718,8603,79,-226,2026-09-16 00:15:10,23118.6
24600,33125,-14269,464,-954,2026-09-16 00:15:10,23118.6
24650,25015,8283,97,-38,2026-09-16 00:15:10,23118.6
24700,28980,-8708,213,-173,2026-09-16 00:15:10,23118.6
24750,13953,-750,43,-16,2026-09-16 00:15:10,23118.6
24800,19687,-26860,231,-152,2026-09-16 00:15:10,23118.6
24850,12744,932,0,0,2026-09-16 00:15:10,23118.6
24900,13548,-1708,162,-45,2026-09-16 00:15:10,23118.6
24950,6960,-1384,0,0,2026-09-16 00:15:10,23118.6
25000,63296,-21077,399,-898,2026-09-16 00:15:10,23118.6
25050,7334,-38,1,0,2026-09-16 00:15:10,23118.6
25100,8705,-1359,45,-54,2026-09-16 00:15:10,23118.6
25150,4751,-847,5,0,2026-09-16 00:15:10,23118.6
25200,9738,-12845,10,-38,2026-09-16 00:15:10,23118.6
25250,7177,-5076,8,0,2026-09-16 00:15:10,23118.6
25300,6311,-6653,38,-21,2026-09-16 00:15:10,23118.6
25350,2167,-310,0,0,2026-09-16 00:15:10,23118.6
25400,5456,-2842,20,-4,2026-09-16 00:15:10,23118.6
25450,1677,-2500,22,0,2026-09-16 00:15:10,23118.6
25500,15165,-11606,253,-706,2026-09-16 00:15:10,23118.6
25550,2625,-645,8,0,2026-09-16 00:15:10,23118.6
25600,3072,-4337,4,0,2026-09-16 00:15:10,23118.6
25650,1591,698,9,0,2026-09-16 00:15:10,23118.6
25700,2542,-1714,0,0,2026-09-16 00:15:10,23118.6
25750,998,191,0,0,2026-09-16 00:15:10,23118.6
25800,11748,-844,7,-1,2026-09-16 00:15:10,23118.6
25850,1260,343,0,0,2026-09-16 00:15:10,23118.6
25900,3439,-1120,0,0,2026-09-16 00:15:10,23118.6
25950,1226,229,0,0,2026-09-16 00:15:10,23118.6
26000,16285,-7500,333,-591,2026-09-16 00:15:10,23118.6
26050,1446,308,0,0,2026-09-16 00:15:10,23118.6
26100,1968,-413,0,0,2026-09-16 00:15:10,23118.6
26150,1817,369,0,0,2026-09-16 00:15:10,23118.6
26200,6776,487,0,0,2026-09-16 00:15:10,23118.6
21650,0,0,3083,0,2026-09-16 00:17:33,23118.6
21700,0,0,42768,-49899,2026-09-16 00:17:33,23118.6
21750,0,0,10012,-5594,2026-09-16 00:17:33,23118.6
21800,0,0,14224,-21702,2026-09-16 00:17:33,23118.6
21850,0,0,3126,-1416,2026-09-16 00:17:33,23118.6
21900,0,0,19664,-28292,2026-09-16 00:17:33,23118.6
21950,0,0,7912,-7492,2026-09-16 00:17:33,23118.6
22000,33,-3,54105,-67658,2026-09-16 00:17:33,23118.6
22050,0,0,8817,-2275,2026-09-16 00:17:33,23118.6
22100,0,0,20682,-25866,2026-09-16 00:17:33,23118.6
22150,0,0,7815,-5747,2026-09-16 00:17:33,23118.6
22200,0,0,37094,-30259,2026-09-16 00:17:33,23118.6
22250,0,0,12229,-9197,2026-09-16 00:17:33,23118.6
22300,37,-8,27918,-14372,2026-09-16 00:17:33,23118.6
22350,0,0,10610,-835,2026-09-16 00:17:33,23118.6
22400,10,-1,35390,-41003,2026-09-16 00:17:33,23118.6
22450,0,0,15321,1444,2026-09-16 00:17:33,23118.6
22500,358,29,139356,-6442,2026-09-16 00:17:33,23118.6
22550,0,0,19535,-2323,2026-09-16 00:17:33,23118.6
22600,144,49,67225,10788,2026-09-16 00:17:33,23118.6
22650,45,27,22560,2354,2026-09-16 00:17:33,23118.6
22700,706,44,81040,3890,2026-09-16 00:17:33,23118.6
22750,373,74,37617,-1555,2026-09-16 00:17:33,23118.6
22800,1607,266,109718,11346,2026-09-16 00:17:33,23118.6
22850,1246,747,46325,-5529,2026-09-16 00:17:33,23118.6
22900,2345,874,94572,-9847,2026-09-16 00:17:33,23118.6
22950,3969,3002,70064,15637,2026-09-16 00:17:33,23118.6
23000,16377,10400,172071,-18070,2026-09-16 00:17:33,23118.6
23050,25714,23784,143596,94162,2026-09-16 00:17:33,23118.6
23100,93887,88336,316052,194547,2026-09-16 00:17:33,23118.6
23150,275006,270881,114358,48587,2026-09-16 00:17:33,23118.6
23200,272804,254937,92267,-77549,2026-09-16 00:17:33,23118.6
23250,179516,157933,38843,-84828,2026-09-16 00:17:33,23118.6
23300,293111,250387,54650,-157693,2026-09-16 00:17:33,23118.6
23350,198328,165656,24801,-68804,2026-09-16 00:17:33,23118.6
23400,205556,110800,41089,-97214,2026-09-16 00:17:33,23118.6
23450,108817,46685,17366,-37222,2026-09-16 00:17:33,23118.6
23500,192916,49840,25181,-40136,2026-09-16 00:17:33,23118.6
23550,90133,15045,5923,-8236,2026-09-16 00:17:33,23118.6
23600,144400,22817,8361,-13035,2026-09-16 00:17:33,23118.6
23650,80347,3828,4025,-4118,2026-09-16 00:17:33,23118.6
23700,121461,-32999,11222,-11869,2026-09-16 00:17:33,23118.6
23750,65850,-17276,2282,-4500,2026-09-16 00:17:33,23118.6
23800,122462,-55907,10421,-5454,2026-09-16 00:17:33,23118.6
23850,49666,3331,1805,-1541,2026-09-16 00:17:33,23118.6
23900,96170,-10055,7927,-9214,2026-09-16 00:17:33,23118.6
23950,39181,-7440,1049,-740,2026-09-16 00:17:33,23118.6
24000,174733,-35551,8423,-11373,2026-09-16 00:17:33,23118.6
24050,50141,9785,1019,-113,2026-09-16 00:17:33,23118.6
24100,95287,5837,5082,-579,2026-09-16 00:17:33,23118.6
24150,49143,16634,804,-222,2026-09-16 00:17:33,23118.6
24200,132178,48242,4659,-1631,2026-09-16 00:17:33,23118.6
24250,47653,19957,512,-177,2026-09-16 00:17:33,23118.6
24300,95594,38665,2769,-348,2026-09-16 00:17:33,23118.6
24350,48946,32608,380,-212,2026-09-16 00:17:33,23118.6
24400,87627,10282,1364,-844,2026-09-16 00:17:33,23118.6
24450,16293,5491,146,-71,2026-09-16 00:17:33,23118.6
24500,145430,-10164,2239,-2647,2026-09-16 00:17:33,23118.6
24550,22718,8603,79,-226,2026-09-16 00:17:33,23118.6
24600,33125,-14269,464,-954,2026-09-16 00:17:33,23118.6
24650,25015,8283,97,-38,2026-09-16 00:17:33,23118.6
24700,28980,-8708,213,-173,2026-09-16 00:17:33,23118.6
24750,13953,-750,43,-16,2026-09-16 00:17:33,23118.6
24800,19687,-26860,231,-152,2026-09-16 00:17:33,23118.6
24850,12744,932,0,0,2026-09-16 00:17:33,23118.6
24900,13548,-1708,162,-45,2026-09-16 00:17:33,23118.6
24950,6960,-1384,0,0,2026-09-16 00:17:33,23118.6
25000,63296,-21077,399,-898,2026-09-16 00:17:33,23118.6
25050,7334,-38,1,0,2026-09-16 00:17:33,23118.6
25100,8705,-1359,45,-54,2026-09-16 00:17:33,23118.6
25150,4751,-847,5,0,2026-09-16 00:17:33,23118.6
25200,9738,-12845,10,-38,2026-09-16 00:17:33,23118.6
25250,7177,-5076,8,0,2026-09-16 00:17:33,23118.6
25300,6311,-6653,38,-21,2026-09-16 00:17:33,23118.6
25350,2167,-310,0,0,2026-09-16 00:17:33,23118.6
25400,5456,-2842,20,-4,2026-09-16 00:17:33,23118.6
25450,1677,-2500,22,0,2026-09-16 00:17:33,23118.6
25500,15165,-11606,253,-706,2026-09-16 00:17:33,23118.6
25550,2625,-645,8,0,2026-09-16 00:17:33,23118.6
25600,3072,-4337,4,0,2026-09-16 00:17:33,23118.6
25650,1591,698,9,0,2026-09-16 00:17:33,23118.6
25700,2542,-1714,0,0,2026-09-16 00:17:33,23118.6
25750,998,191,0,0,2026-09-16 00:17:33,23118.6
25800,11748,-844,7,-1,2026-09-16 00:17:33,23118.6
25850,1260,343,0,0,2026-09-16 00:17:33,23118.6
25900,3439,-1120,0,0,2026-09-16 00:17:33,23118.6
25950,1226,229,0,0,2026-09-16 00:17:33,23118.6
26000,16285,-7500,333,-591,2026-09-16 00:17:33,23118.6
26050,1446,308,0,0,2026-09-16 00:17:33,23118.6
26100,1968,-413,0,0,2026-09-16 00:17:33,23118.6
26150,1817,369,0,0,2026-09-16 00:17:33,23118.6
26200,6776,487,0,0,2026-09-16 00:17:33,23118.6
21650,0,0,3083,0,2026-09-16 00:20:22,23118.6
21700,0,0,42768,-49899,2026-09-16 00:20:22,23118.6
21750,0,0,10012,-5594,2026-09-16 00:20:22,23118.6
21800,0,0,14224,-21702,2026-09-16 00:20:22,23118.6
21850,0,0,3126,-1416,2026-09-16 00:20:22,23118.6
21900,0,0,19664,-28292,2026-09-16 00:20:22,23118.6
21950,0,0,7912,-7492,2026-09-16 00:20:22,23118.6
22000,33,-3,54105,-67658,2026-09-16 00:20:22,23118.6
22050,0,0,8817,-2275,2026-09-16 00:20:22,23118.6
22100,0,0,20682,-25866,2026-09-16 00:20:22,23118.6
22150,0,0,7815,-5747,2026-09-16 00:20:22,23118.6
22200,0,0,37094,-30259,2026-09-16 00:20:22,23118.6
22250,0,0,12229,-9197,2026-09-16 00:20:22,23118.6
22300,37,-8,27918,-14372,2026-09-16 00:20:22,23118.6
22350,0,0,10610,-835,2026-09-16 00:20:22,23118.6
22400,10,-1,35390,-41003,2026-09-16 00:20:22,23118.6
22450,0,0,15321,1444,2026-09-16 00:20:22,23118.6
22500,358,29,139356,-6442,2026-09-16 00:20:22,23118.6
22550,0,0,19535,-2323,2026-09-16 00:20:22,23118.6
22600,144,49,67225,10788,2026-09-16 00:20:22,23118.6
22650,45,27,22560,2354,2026-09-16 00:20:22,23118.6
22700,706,44,81040,3890,2026-09-16 00:20:22,23118.6
22750,373,74,37617,-1555,2026-09-16 00:20:22,23118.6
22800,1607,266,109718,11346,2026-09-16 00:20:22,23118.6
22850,1246,747,46325,-5529,2026-09-16 00:20:22,23118.6
22900,2345,874,94572,-9847,2026-09-16 00:20:22,23118.6
22950,3969,3002,70064,15637,2026-09-16 00:20:22,23118.6
23000,16377,10400,172071,-18070,2026-09-16 00:20:22,23118.6
23050,25714,23784,143596,94162,2026-09-16 00:20:22,23118.6
23100,93887,88336,316052,194547,2026-09-16 00:20:22,23118.6
23150,275006,270881,114358,48587,2026-09-16 00:20:22,23118.6
23200,272804,254937,92267,-77549,2026-09-16 00:20:22,23118.6
23250,179516,157933,38843,-84828,2026-09-16 00:20:22,23118.6
23300,293111,250387,54650,-157693,2026-09-16 00:20:22,23118.6
23350,198328,165656,24801,-68804,2026-09-16 00:20:22,23118.6
23400,205556,110800,41089,-97214,2026-09-16 00:20:22,23118.6
23450,108817,46685,17366,-37222,2026-09-16 00:20:22,23118.6
23500,192916,49840,25181,-40136,2026-09-16 00:20:22,23118.6
23550,90133,15045,5923,-8236,2026-09-16 00:20:22,23118.6
23600,144400,22817,8361,-13035,2026-09-16 00:20:22,23118.6
23650,80347,3828,4025,-4118,2026-09-16 00:20:22,23118.6
23700,121461,-32999,11222,-11869,2026-09-16 00:20:22,23118.6
23750,65850,-17276,2282,-4500,2026-09-16 00:20:22,23118.6
23800,122462,-55907,10421,-5454,2026-09-16 00:20:22,23118.6
23850,49666,3331,1805,-1541,2026-09-16 00:20:22,23118.6
23900,96170,-10055,7927,-9214,2026-09-16 00:20:22,23118.6
23950,39181,-7440,1049,-740,2026-09-16 00:20:22,23118.6
24000,174733,-35551,8423,-11373,2026-09-16 00:20:22,23118.6
24050,50141,9785,1019,-113,2026-09-16 00:20:22,23118.6
24100,95287,5837,5082,-579,2026-09-16 00:20:22,23118.6
24150,49143,16634,804,-222,2026-09-16 00:20:22,23118.6
24200,132178,48242,4659,-1631,2026-09-16 00:20:22,23118.6
24250,47653,19957,512,-177,2026-09-16 00:20:22,23118.6
24300,95594,38665,2769,-348,2026-09-16 00:20:22,23118.6
24350,48946,32608,380,-212,2026-09-16 00:20:22,23118.6
24400,87627,10282,1364,-844,2026-09-16 00:20:22,23118.6
24450,16293,5491,146,-71,2026-09-16 00:20:22,23118.6
24500,145430,-10164,2239,-2647,2026-09-16 00:20:22,23118.6
24550,22718,8603,79,-226,2026-09-16 00:20:22,23118.6
24600,33125,-14269,464,-954,2026-09-16 00:20:22,23118.6
24650,25015,8283,97,-38,2026-09-16 00:20:22,23118.6
24700,28980,-8708,213,-173,2026-09-16 00:20:22,23118.6
24750,13953,-750,43,-16,2026-09-16 00:20:22,23118.6
24800,19687,-26860,231,-152,2026-09-16 00:20:22,23118.6
24850,12744,932,0,0,2026-09-16 00:20:22,23118.6
24900,13548,-1708,162,-45,2026-09-16 00:20:22,23118.6
24950,6960,-1384,0,0,2026-09-16 00:20:22,23118.6
25000,63296,-21077,399,-898,2026-09-16 00:20:22,23118.6
25050,7334,-38,1,0,2026-09-16 00:20:22,23118.6
25100,8705,-1359,45,-54,2026-09-16 00:20:22,23118.6
25150,4751,-847,5,0,2026-09-16 00:20:22,23118.6
25200,9738,-12845,10,-38,2026-09-16 00:20:22,23118.6
25250,7177,-5076,8,0,2026-09-16 00:20:22,23118.6
25300,6311,-6653,38,-21,2026-09-16 00:20:22,23118.6
25350,2167,-310,0,0,2026-09-16 00:20:22,23118.6
25400,5456,-2842,20,-4,2026-09-16 00:20:22,23118.6
25450,1677,-2500,22,0,2026-09-16 00:20:22,23118.6
25500,15165,-11606,253,-706,2026-09-16 00:20:22,23118.6
25550,2625,-645,8,0,2026-09-16 00:20:22,23118.6
25600,3072,-4337,4,0,2026-09-16 00:20:22,23118.6
25650,1591,698,9,0,2026-09-16 00:20:22,23118.6
25700,2542,-1714,0,0,2026-09-16 00:20:22,23118.6
25750,998,191,0,0,2026-09-16 00:20:22,23118.6
25800,11748,-844,7,-1,2026-09-16 00:20:22,23118.6
25850,1260,343,0,0,2026-09-16 00:20:22,23118.6
25900,3439,-1120,0,0,2026-09-16 00:20:22,23118.6
25950,1226,229,0,0,2026-09-16 00:20:22,23118.6
26000,16285,-7500,333,-591,2026-09-16 00:20:22,23118.6
26050,1446,308,0,0,2026-09-16 00:20:22,23118.6
26100,1968,-413,0,0,2026-09-16 00:20:22,23118.6
26150,1817,369,0,0,2026-09-16 00:20:22,23118.6
26200,6776,487,0,0,2026-09-16 00:20:22,23118.6
21650,0,0,3083,0,2026-09-16 00:23:26,23118.6
21700,0,0,42768,-49899,2026-09-16 00:23:26,23118.6
21750,0,0,10012,-5594,2026-09-16 00:23:26,23118.6
21800,0,0,14224,-21702,2026-09-16 00:23:26,23118.6
21850,0,0,3126,-1416,2026-09-16 00:23:26,23118.6
21900,0,0,19664,-28292,2026-09-16 00:23:26,23118.6
21950,0,0,7912,-7492,2026-09-16 00:23:26,23118.6
22000,33,-3,54105,-67658,2026-09-16 00:23:26,23118.6
22050,0,0,8817,-2275,2026-09-16 00:23:26,23118.6
22100,0,0,20682,-25866,2026-09-16 00:23:26,23118.6
22150,0,0,7815,-5747,2026-09-16 00:23:26,23118.6
22200,0,0,37094,-30259,2026-09-16 00:23:26,23118.6
22250,0,0,12229,-9197,2026-09-16 00:23:26,23118.6
22300,37,-8,27918,-14372,2026-09-16 00:23:26,23118.6
22350,0,0,10610,-835,2026-09-16 00:23:26,23118.6
22400,10,-1,35390,-41003,2026-09-16 00:23:26,23118.6
22450,0,0,15321,1444,2026-09-16 00:23:26,23118.6
22500,358,29,139356,-6442,2026-09-16 00:23:26,23118.6
22550,0,0,19535,-2323,2026-09-16 00:23:26,23118.6
22600,144,49,67225,10788,2026-09-16 00:23:26,23118.6
22650,45,27,22560,2354,2026-09-16 00:23:26,23118.6
22700,706,44,81040,3890,2026-09-16 00:23:26,23118.6
22750,373,74,37617,-1555,2026-09-16 00:23:26,23118.6
22800,1607,266,109718,11346,2026-09-16 00:23:26,23118.6
22850,1246,747,46325,-5529,2026-09-16 00:23:26,23118.6
22900,2345,874,94572,-9847,2026-09-16 00:23:26,23118.6
22950,3969,3002,70064,15637,2026-09-16 00:23:26,23118.6
23000,16377,10400,172071,-18070,2026-09-16 00:23:26,23118.6
23050,25714,23784,143596,94162,2026-09-16 00:23:26,23118.6
23100,93887,88336,316052,194547,2026-09-16 00:23:26,23118.6
23150,275006,270881,114358,48587,2026-09-16 00:23:26,23118.6
23200,272804,254937,92267,-77549,2026-09-16 00:23:26,23118.6
23250,179516,157933,38843,-84828,2026-09-16 00:23:26,23118.6
23300,293111,250387,54650,-157693,2026-09-16 00:23:26,23118.6
23350,198328,165656,24801,-68804,2026-09-16 00:23:26,23118.6
23400,205556,110800,41089,-97214,2026-09-16 00:23:26,23118.6
23450,108817,46685,17366,-37222,2026-09-16 00:23:26,23118.6
23500,192916,49840,25181,-40136,2026-09-16 00:23:26,23118.6
23550,90133,15045,5923,-8236,2026-09-16 00:23:26,23118.6
23600,144400,22817,8361,-13035,2026-09-16 00:23:26,23118.6
23650,80347,3828,4025,-4118,2026-09-16 00:23:26,23118.6
23700,121461,-32999,11222,-11869,2026-09-16 00:23:26,23118.6
23750,65850,-17276,2282,-4500,2026-09-16 00:23:26,23118.6
23800,122462,-55907,10421,-5454,2026-09-16 00:23:26,23118.6
23850,49666,3331,1805,-1541,2026-09-16 00:23:26,23118.6
23900,96170,-10055,7927,-9214,2026-09-16 00:23:26,23118.6
23950,39181,-7440,1049,-740,2026-09-16 00:23:26,23118.6
24000,174733,-35551,8423,-11373,2026-09-16 00:23:26,23118.6
24050,50141,9785,1019,-113,2026-09-16 00:23:26,23118.6
24100,95287,5837,5082,-579,2026-09-16 00:23:26,23118.6
24150,49143,16634,804,-222,2026-09-16 00:23:26,23118.6
24200,132178,48242,4659,-1631,2026-09-16 00:23:26,23118.6
24250,47653,19957,512,-177,2026-09-16 00:23:26,23118.6
24300,95594,38665,2769,-348,2026-09-16 00:23:26,23118.6
24350,48946,32608,380,-212,2026-09-16 00:23:26,23118.6
24400,87627,10282,1364,-844,2026-09-16 00:23:26,23118.6
24450,16293,5491,146,-71,2026-09-16 00:23:26,23118.6
24500,145430,-10164,2239,-2647,2026-09-16 00:23:26,23118.6
24550,22718,8603,79,-226,2026-09-16 00:23:26,23118.6
24600,33125,-14269,464,-954,2026-09-16 00:23:26,23118.6
24650,25015,8283,97,-38,2026-09-16 00:23:26,23118.6
24700,28980,-8708,213,-173,2026-09-16 00:23:26,23118.6
24750,13953,-750,43,-16,2026-09-16 00:23:26,23118.6
24800,19687,-26860,231,-152,2026-09-16 00:23:26,23118.6
24850,12744,932,0,0,2026-09-16 00:23:26,23118.6
24900,13548,-1708,162,-45,2026-09-16 00:23:26,23118.6
24950,6960,-1384,0,0,2026-09-16 00:23:26,23118.6
25000,63296,-21077,399,-898,2026-09-16 00:23:26,23118.6
25050,7334,-38,1,0,2026-09-16 00:23:26,23118.6
25100,8705,-1359,45,-54,2026-09-16 00:23:26,23118.6
25150,4751,-847,5,0,2026-09-16 00:23:26,23118.6
25200,9738,-12845,10,-38,2026-09-16 00:23:26,23118.6
25250,7177,-5076,8,0,2026-09-16 00:23:26,23118.6
25300,6311,-6653,38,-21,2026-09-16 00:23:26,23118.6
25350,2167,-310,0,0,2026-09-16 00:23:26,23118.6
25400,5456,-2842,20,-4,2026-09-16 00:23:26,23118.6
25450,1677,-2500,22,0,2026-09-16 00:23:26,23118.6
25500,15165,-11606,253,-706,2026-09-16 00:23:26,23118.6
25550,2625,-645,8,0,2026-09-16 00:23:26,23118.6
25600,3072,-4337,4,0,2026-09-16 00:23:26,23118.6
25650,1591,698,9,0,2026-09-16 00:23:26,23118.6
25700,2542,-1714,0,0,2026-09-16 00:23:26,23118.6
25750,998,191,0,0,2026-09-16 00:23:26,23118.6
25800,11748,-844,7,-1,2026-09-16 00:23:26,23118.6
25850,1260,343,0,0,2026-09-16 00:23:26,23118.6
25900,3439,-1120,0,0,2026-09-16 00:23:26,23118.6
25950,1226,229,0,0,2026-09-16 00:23:26,23118.6
26000,16285,-7500,333,-591,2026-09-16 00:23:26,23118.6
26050,1446,308,0,0,2026-09-16 00:23:26,23118.6
26100,1968,-413,0,0,2026-09-16 00:23:26,23118.6
26150,1817,369,0,0,2026-09-16 00:23:26,23118.6
26200,6776,487,0,0,2026-09-16 00:23:26,23118.6
21650,0,0,3083,0,2026-09-16 00:23:54,23118.6
21700,0,0,42768,-49899,2026-09-16 00:23:54,23118.6
21750,0,0,10012,-5594,2026-09-16 00:23:54,23118.6
21800,0,0,14224,-21702,2026-09-16 00:23:54,23118.6
21850,0,0,3126,-1416,2026-09-16 00:23:54,23118.6
21900,0,0,19664,-28292,2026-09-16 00:23:54,23118.6
21950,0,0,7912,-7492,2026-09-16 00:23:54,23118.6
22000,33,-3,54105,-67658,2026-09-16 00:23:54,23118.6
22050,0,0,8817,-2275,2026-09-16 00:23:54,23118.6
22100,0,0,20682,-25866,2026-09-16 00:23:54,23118.6
22150,0,0,7815,-5747,2026-09-16 00:23:54,23118.6
22200,0,0,37094,-30259,2026-09-16 00:23:54,23118.6
22250,0,0,12229,-9197,2026-09-16 00:23:54,23118.6
22300,37,-8,27918,-14372,2026-09-16 00:23:54,23118.6
22350,0,0,10610,-835,2026-09-16 00:23:54,23118.6
22400,10,-1,35390,-41003,2026-09-16 00:23:54,23118.6
22450,0,0,15321,1444,2026-09-16 00:23:54,23118.6
22500,358,29,139356,-6442,2026-09-16 00:23:54,23118.6
22550,0,0,19535,-2323,2026-09-16 00:23:54,23118.6
22600,144,49,67225,10788,2026-09-16 00:23:54,23118.6
22650,45,27,22560,2354,2026-09-16 00:23:54,23118.6
22700,706,44,81040,3890,2026-09-16 00:23:54,23118.6
22750,373,74,37617,-1555,2026-09-16 00:23:54,23118.6
22800,1607,266,109718,11346,2026-09-16 00:23:54,23118.6
22850,1246,747,46325,-5529,2026-09-16 00:23:54,23118.6
22900,2345,874,94572,-9847,2026-09-16 00:23:54,23118.6
22950,3969,3002,70064,15637,2026-09-16 00:23:54,23118.6
23000,16377,10400,172071,-18070,2026-09-16 00:23:54,23118.6
23050,25714,23784,143596,94162,2026-09-16 00:23:54,23118.6
23100,93887,88336,316052,194547,2026-09-16 00:23:54,23118.6
23150,275006,270881,114358,48587,2026-09-16 00:23:54,23118.6
23200,272804,254937,92267,-77549,2026-09-16 00:23:54,23118.6
23250,179516,157933,38843,-84828,2026-09-16 00:23:54,23118.6
23300,293111,250387,54650,-157693,2026-09-16 00:23:54,23118.6
23350,198328,165656,24801,-68804,2026-09-16 00:23:54,23118.6
23400,205556,110800,41089,-97214,2026-09-16 00:23:54,23118.6
23450,108817,46685,17366,-37222,2026-09-16 00:23:54,23118.6
23500,192916,49840,25181,-40136,2026-09-16 00:23:54,23118.6
23550,90133,15045,5923,-8236,2026-09-16 00:23:54,23118.6
23600,144400,22817,8361,-13035,2026-09-16 00:23:54,23118.6
23650,80347,3828,4025,-4118,2026-09-16 00:23:54,23118.6
23700,121461,-32999,11222,-11869,2026-09-16 00:23:54,23118.6
23750,65850,-17276,2282,-4500,2026-09-16 00:23:54,23118.6
23800,122462,-55907,10421,-5454,2026-09-16 00:23:54,23118.6
23850,49666,3331,1805,-1541,2026-09-16 00:23:54,23118.6
23900,96170,-10055,7927,-9214,2026-09-16 00:23:54,23118.6
23950,39181,-7440,1049,-740,2026-09-16 00:23:54,23118.6
24000,174733,-35551,8423,-11373,2026-09-16 00:23:54,23118.6
24050,50141,9785,1019,-113,2026-09-16 00:23:54,23118.6
24100,95287,5837,5082,-579,2026-09-16 00:23:54,23118.6
24150,49143,16634,804,-222,2026-09-16 00:23:54,23118.6
24200,132178,48242,4659,-1631,2026-09-16 00:23:54,23118.6
24250,47653,19957,512,-177,2026-09-16 00:23:54,23118.6
24300,95594,38665,2769,-348,2026-09-16 00:23:54,23118.6
24350,48946,32608,380,-212,2026-09-16 00:23:54,23118.6
24400,87627,10282,1364,-844,2026-09-16 00:23:54,23118.6
24450,16293,5491,146,-71,2026-09-16 00:23:54,23118.6
24500,145430,-10164,2239,-2647,2026-09-16 00:23:54,23118.6
24550,22718,8603,79,-226,2026-09-16 00:23:54,23118.6
24600,33125,-14269,464,-954,2026-09-16 00:23:54,23118.6
24650,25015,8283,97,-38,2026-09-16 00:23:54,23118.6
24700,28980,-8708,213,-173,2026-09-16 00:23:54,23118.6
24750,13953,-750,43,-16,2026-09-16 00:23:54,23118.6
24800,19687,-26860,231,-152,2026-09-16 00:23:54,23118.6
24850,12744,932,0,0,2026-09-16 00:23:54,23118.6
24900,13548,-1708,162,-45,2026-09-16 00:23:54,23118.6
24950,6960,-1384,0,0,2026-09-16 00:23:54,23118.6
25000,63296,-21077,399,-898,2026-09-16 00:23:54,23118.6
25050,7334,-38,1,0,2026-09-16 00:23:54,23118.6
25100,8705,-1359,45,-54,2026-09-16 00:23:54,23118.6
25150,4751,-847,5,0,2026-09-16 00:23:54,23118.6
25200,9738,-12845,10,-38,2026-09-16 00:23:54,23118.6
25250,7177,-5076,8,0,2026-09-16 00:23:54,23118.6
25300,6311,-6653,38,-21,2026-09-16 00:23:54,23118.6
25350,2167,-310,0,0,2026-09-16 00:23:54,23118.6
25400,5456,-2842,20,-4,2026-09-16 00:23:54,23118.6
25450,1677,-2500,22,0,2026-09-16 00:23:54,23118.6
25500,15165,-11606,253,-706,2026-09-16 00:23:54,23118.6
25550,2625,-645,8,0,2026-09-16 00:23:54,23118.6
25600,3072,-4337,4,0,2026-09-16 00:23:54,23118.6
25650,1591,698,9,0,2026-09-16 00:23:54,23118.6
25700,2542,-1714,0,0,2026-09-16 00:23:54,23118.6
25750,998,191,0,0,2026-09-16 00:23:54,23118.6
25800,11748,-844,7,-1,2026-09-16 00:23:54,23118.6
25850,1260,343,0,0,2026-09-16 00:23:54,23118.6
25900,3439,-1120,0,0,2026-09-16 00:23:54,23118.6
25950,1226,229,0,0,2026-09-16 00:23:54,23118.6
26000,16285,-7500,333,-591,2026-09-16 00:23:54,23118.6
26050,1446,308,0,0,2026-09-16 00:23:54,23118.6
26100,1968,-413,0,0,2026-09-16 00:23:54,23118.6
26150,1817,369,0,0,2026-09-16 00:23:54,23118.6
26200,6776,487,0,0,2026-09-16 00:23:54,23118.6
21650,0,0,3083,0,2026-09-16 00:24:45,23118.6
21700,0,0,42768,-49899,2026-09-16 00:24:45,23118.6
21750,0,0,10012,-5594,2026-09-16 00:24:45,23118.6
21800,0,0,14224,-21702,2026-09-16 00:24:45,23118.6
21850,0,0,3126,-1416,2026-09-16 00:24:45,23118.6
21900,0,0,19664,-28292,2026-09-16 00:24:45,23118.6
21950,0,0,7912,-7492,2026-09-16 00:24:45,23118.6
22000,33,-3,54105,-67658,2026-09-16 00:24:45,23118.6
22050,0,0,8817,-2275,2026-09-16 00:24:45,23118.6
22100,0,0,20682,-25866,2026-09-16 00:24:45,23118.6
22150,0,0,7815,-5747,2026-09-16 00:24:45,23118.6
22200,0,0,37094,-30259,2026-09-16 00:24:45,23118.6
22250,0,0,12229,-9197,2026-09-16 00:24:45,23118.6
22300,37,-8,27918,-14372,2026-09-16 00:24:45,23118.6
22350,0,0,10610,-835,2026-09-16 00:24:45,23118.6
22400,10,-1,35390,-41003,2026-09-16 00:24:45,23118.6
22450,0,0,15321,1444,2026-09-16 00:24:45,23118.6
22500,358,29,139356,-6442,2026-09-16 00:24:45,23118.6
22550,0,0,19535,-2323,2026-09-16 00:24:45,23118.6
22600,144,49,67225,10788,2026-09-16 00:24:45,23118.6
22650,45,27,22560,2354,2026-09-16 00:24:45,23118.6
22700,706,44,81040,3890,2026-09-16 00:24:45,23118.6
22750,373,74,37617,-1555,2026-09-16 00:24:45,23118.6
22800,1607,266,109718,11346,2026-09-16 00:24:45,23118.6
22850,1246,747,46325,-5529,2026-09-16 00:24:45,23118.6
22900,2345,874,94572,-9847,2026-09-16 00:24:45,23118.6
22950,3969,3002,70064,15637,2026-09-16 00:24:45,23118.6
23000,16377,10400,172071,-18070,2026-09-16 00:24:45,23118.6
23050,25714,23784,143596,94162,2026-09-16 00:24:45,23118.6
23100,93887,88336,316052,194547,2026-09-16 00:24:45,23118.6
23150,275006,270881,114358,48587,2026-09-16 00:24:45,23118.6
23200,272804,254937,92267,-77549,2026-09-16 00:24:45,23118.6
23250,179516,157933,38843,-84828,2026-09-16 00:24:45,23118.6
23300,293111,250387,54650,-157693,2026-09-16 00:24:45,23118.6
23350,198328,165656,24801,-68804,2026-09-16 00:24:45,23118.6
23400,205556,110800,41089,-97214,2026-09-16 00:24:45,23118.6
23450,108817,46685,17366,-37222,2026-09-16 00:24:45,23118.6
23500,192916,49840,25181,-40136,2026-09-16 00:24:45,23118.6
23550,90133,15045,5923,-8236,2026-09-16 00:24:45,23118.6
23600,144400,22817,8361,-13035,2026-09-16 00:24:45,23118.6
23650,80347,3828,4025,-4118,2026-09-16 00:24:45,23118.6
23700,121461,-32999,11222,-11869,2026-09-16 00:24:45,23118.6
23750,65850,-17276,2282,-4500,2026-09-16 00:24:45,23118.6
23800,122462,-55907,10421,-5454,2026-09-16 00:24:45,23118.6
23850,49666,3331,1805,-1541,2026-09-16 00:24:45,23118.6
23900,96170,-10055,7927,-9214,2026-09-16 00:24:45,23118.6
23950,39181,-7440,1049,-740,2026-09-16 00:24:45,23118.6
24000,174733,-35551,8423,-11373,2026-09-16 00:24:45,23118.6
24050,50141,9785,1019,-113,2026-09-16 00:24:45,23118.6
24100,95287,5837,5082,-579,2026-09-16 00:24:45,23118.6
24150,49143,16634,804,-222,2026-09-16 00:24:45,23118.6
24200,132178,48242,4659,-1631,2026-09-16 00:24:45,23118.6
24250,47653,19957,512,-177,2026-09-16 00:24:45,23118.6
24300,95594,38665,2769,-348,2026-09-16 00:24:45,23118.6
24350,48946,32608,380,-212,2026-09-16 00:24:45,23118.6
24400,87627,10282,1364,-844,2026-09-16 00:24:45,23118.6
24450,16293,5491,146,-71,2026-09-16 00:24:45,23118.6
24500,145430,-10164,2239,-2647,2026-09-16 00:24:45,23118.6
24550,22718,8603,79,-226,2026-09-16 00:24:45,23118.6
24600,33125,-14269,464,-954,2026-09-16 00:24:45,23118.6
24650,25015,8283,97,-38,2026-09-16 00:24:45,23118.6
24700,28980,-8708,213,-173,2026-09-16 00:24:45,23118.6
24750,13953,-750,43,-16,2026-09-16 00:24:45,23118.6
24800,19687,-26860,231,-152,2026-09-16 00:24:45,23118.6
24850,12744,932,0,0,2026-09-16 00:24:45,23118.6
24900,13548,-1708,162,-45,2026-09-16 00:24:45,23118.6
24950,6960,-1384,0,0,2026-09-16 00:24:45,23118.6
25000,63296,-21077,399,-898,2026-09-16 00:24:45,23118.6
25050,7334,-38,1,0,2026-09-16 00:24:45,23118.6
25100,8705,-1359,45,-54,2026-09-16 00:24:45,23118.6
25150,4751,-847,5,0,2026-09-16 00:24:45,23118.6
25200,9738,-12845,10,-38,2026-09-16 00:24:45,23118.6
25250,7177,-5076,8,0,2026-09-16 00:24:45,23118.6
25300,6311,-6653,38,-21,2026-09-16 00:24:45,23118.6
25350,2167,-310,0,0,2026-09-16 00:24:45,23118.6
25400,5456,-2842,20,-4,2026-09-16 00:24:45,23118.6
25450,1677,-2500,22,0,2026-09-16 00:24:45,23118.6
25500,15165,-11606,253,-706,2026-09-16 00:24:45,23118.6
25550,2625,-645,8,0,2026-09-16 00:24:45,23118.6
25600,3072,-4337,4,0,2026-09-16 00:24:45,23118.6
25650,1591,698,9,0,2026-09-16 00:24:45,23118.6
25700,2542,-1714,0,0,2026-09-16 00:24:45,23118.6
25750,998,191,0,0,2026-09-16 00:24:45,23118.6
25800,11748,-844,7,-1,2026-09-16 00:24:45,23118.6
25850,1260,343,0,0,2026-09-16 00:24:45,23118.6
25900,3439,-1120,0,0,2026-09-16 00:24:45,23118.6
25950,1226,229,0,0,2026-09-16 00:24:45,23118.6
26000,16285,-7500,333,-591,2026-09-16 00:24:45,23118.6
26050,1446,308,0,0,2026-09-16 00:24:45,23118.6
26100,1968,-413,0,0,2026-09-16 00:24:45,23118.6
26150,1817,369,0,0,2026-09-16 00:24:45,23118.6
26200,6776,487,0,0,2026-09-16 00:24:45,23118.6
21650,0,0,3083,0,2026-09-16 00:26:30,23118.6
21700,0,0,42768,-49899,2026-09-16 00:26:30,23118.6
21750,0,0,10012,-5594,2026-09-16 00:26:30,23118.6
21800,0,0,14224,-21702,2026-09-16 00:26:30,23118.6
21850,0,0,3126,-1416,2026-09-16 00:26:30,23118.6
21900,0,0,19664,-28292,2026-09-16 00:26:30,23118.6
21950,0,0,7912,-7492,2026-09-16 00:26:30,23118.6
22000,33,-3,54105,-67658,2026-09-16 00:26:30,23118.6
22050,0,0,8817,-2275,2026-09-16 00:26:30,23118.6
22100,0,0,20682,-25866,2026-09-16 00:26:30,23118.6
22150,0,0,7815,-5747,2026-09-16 00:26:30,23118.6
22200,0,0,37094,-30259,2026-09-16 00:26:30,23118.6
22250,0,0,12229,-9197,2026-09-16 00:26:30,23118.6
22300,37,-8,27918,-14372,2026-09-16 00:26:30,23118.6
22350,0,0,10610,-835,2026-09-16 00:26:30,23118.6
22400,10,-1,35390,-41003,2026-09-16 00:26:30,23118.6
22450,0,0,15321,1444,2026-09-16 00:26:30,23118.6
22500,358,29,139356,-6442,2026-09-16 00:26:30,23118.6
22550,0,0,19535,-2323,2026-09-16 00:26:30,23118.6
22600,144,49,67225,10788,2026-09-16 00:26:30,23118.6
22650,45,27,22560,2354,2026-09-16 00:26:30,23118.6
22700,706,44,81040,3890,2026-09-16 00:26:30,23118.6
22750,373,74,37617,-1555,2026-09-16 00:26:30,23118.6
22800,1607,266,109718,11346,2026-09-16 00:26:30,23118.6
22850,1246,747,46325,-5529,2026-09-16 00:26:30,23118.6
22900,2345,874,94572,-9847,2026-09-16 00:26:30,23118.6
22950,3969,3002,70064,15637,2026-09-16 00:26:30,23118.6
23000,16377,10400,172071,-18070,2026-09-16 00:26:30,23118.6
23050,25714,23784,143596,94162,2026-09-16 00:26:30,23118.6
23100,93887,88336,316052,194547,2026-09-16 00:26:30,23118.6
23150,275006,270881,114358,48587,2026-09-16 00:26:30,23118.6
23200,272804,254937,92267,-77549,2026-09-16 00:26:30,23118.6
23250,179516,157933,38843,-84828,2026-09-16 00:26:30,23118.6
23300,293111,250387,54650,-157693,2026-09-16 00:26:30,23118.6
23350,198328,165656,24801,-68804,2026-09-16 00:26:30,23118.6
23400,205556,110800,41089,-97214,2026-09-16 00:26:30,23118.6
23450,108817,46685,17366,-37222,2026-09-16 00:26:30,23118.6
23500,192916,49840,25181,-40136,2026-09-16 00:26:30,23118.6
23550,90133,15045,5923,-8236,2026-09-16 00:26:30,23118.6
23600,144400,22817,8361,-13035,2026-09-16 00:26:30,23118.6
23650,80347,3828,4025,-4118,2026-09-16 00:26:30,23118.6
23700,121461,-32999,11222,-11869,2026-09-16 00:26:30,23118.6
23750,65850,-17276,2282,-4500,2026-09-16 00:26:30,23118.6
23800,122462,-55907,10421,-5454,2026-09-16 00:26:30,23118.6
23850,49666,3331,1805,-1541,2026-09-16 00:26:30,23118.6
23900,96170,-10055,7927,-9214,2026-09-16 00:26:30,23118.6
23950,39181,-7440,1049,-740,2026-09-16 00:26:30,23118.6
24000,174733,-35551,8423,-11373,2026-09-16 00:26:30,23118.6
24050,50141,9785,1019,-113,2026-09-16 00:26:30,23118.6
24100,95287,5837,5082,-579,2026-09-16 00:26:30,23118.6
24150,49143,16634,804,-222,2026-09-16 00:26:30,23118.6
24200,132178,48242,4659,-1631,2026-09-16 00:26:30,23118.6
24250,47653,19957,512,-177,2026-09-16 00:26:30,23118.6
24300,95594,38665,2769,-348,2026-09-16 00:26:30,23118.6
24350,48946,32608,380,-212,2026-09-16 00:26:30,23118.6
24400,87627,10282,1364,-844,2026-09-16 00:26:30,23118.6
24450,16293,5491,146,-71,2026-09-16 00:26:30,23118.6
24500,145430,-10164,2239,-2647,2026-09-16 00:26:30,23118.6
24550,22718,8603,79,-226,2026-09-16 00:26:30,23118.6
24600,33125,-14269,464,-954,2026-09-16 00:26:30,23118.6
24650,25015,8283,97,-38,2026-09-16 00:26:30,23118.6
24700,28980,-8708,213,-173,2026-09-16 00:26:30,23118.6
24750,13953,-750,43,-16,2026-09-16 00:26:30,23118.6
24800,19687,-26860,231,-152,2026-09-16 00:26:30,23118.6
24850,12744,932,0,0,2026-09-16 00:26:30,23118.6
24900,13548,-1708,162,-45,2026-09-16 00:26:30,23118.6
24950,6960,-1384,0,0,2026-09-16 00:26:30,23118.6
25000,63296,-21077,399,-898,2026-09-16 00:26:30,23118.6
25050,7334,-38,1,0,2026-09-16 00:26:30,23118.6
25100,8705,-1359,45,-54,2026-09-16 00:26:30,23118.6
25150,4751,-847,5,0,2026-09-16 00:26:30,23118.6
25200,9738,-12845,10,-38,2026-09-16 00:26:30,23118.6
25250,7177,-5076,8,0,2026-09-16 00:26:30,23118.6
25300,6311,-6653,38,-21,2026-09-16 00:26:30,23118.6
25350,2167,-310,0,0,2026-09-16 00:26:30,23118.6
25400,5456,-2842,20,-4,2026-09-16 00:26:30,23118.6
25450,1677,-2500,22,0,2026-09-16 00:26:30,23118.6
25500,15165,-11606,253,-706,2026-09-16 00:26:30,23118.6
25550,2625,-645,8,0,2026-09-16 00:26:30,23118.6
25600,3072,-4337,4,0,2026-09-16 00:26:30,23118.6
25650,1591,698,9,0,2026-09-16 00:26:30,23118.6
25700,2542,-1714,0,0,2026-09-16 00:26:30,23118.6
25750,998,191,0,0,2026-09-16 00:26:30,23118.6
25800,11748,-844,7,-1,2026-09-16 00:26:30,23118.6
25850,1260,343,0,0,2026-09-16 00:26:30,23118.6
25900,3439,-1120,0,0,2026-09-16 00:26:30,23118.6
25950,1226,229,0,0,2026-09-16 00:26:30,23118.6
26000,16285,-7500,333,-591,2026-09-16 00:26:30,23118.6
26050,1446,308,0,0,2026-09-16 00:26:30,23118.6
26100,1968,-413,0,0,2026-09-16 00:26:30,23118.6
26150,1817,369,0,0,2026-09-16 00:26:30,23118.6
26200,6776,487,0,0,2026-09-16 00:26:30,23118.6
21650,0,0,3083,0,2026-09-16 00:29:35,23118.6
21700,0,0,42768,-49899,2026-09-16 00:29:35,23118.6
21750,0,0,10012,-5594,2026-09-16 00:29:35,23118.6
21800,0,0,14224,-21702,2026-09-16 00:29:35,23118.6
21850,0,0,3126,-1416,2026-09-16 00:29:35,23118.6
21900,0,0,19664,-28292,2026-09-16 00:29:35,23118.6
21950,0,0,7912,-7492,2026-09-16 00:29:35,23118.6
22000,33,-3,54105,-67658,2026-09-16 00:29:35,23118.6
22050,0,0,8817,-2275,2026-09-16 00:29:35,23118.6
22100,0,0,20682,-25866,2026-09-16 00:29:35,23118.6
22150,0,0,7815,-5747,2026-09-16 00:29:35,23118.6
22200,0,0,37094,-30259,2026-09-16 00:29:35,23118.6
22250,0,0,12229,-9197,2026-09-16 00:29:35,23118.6
22300,37,-8,27918,-14372,2026-09-16 00:29:35,23118.6
22350,0,0,10610,-835,2026-09-16 00:29:35,23118.6
22400,10,-1,35390,-41003,2026-09-16 00:29:35,23118.6
22450,0,0,15321,1444,2026-09-16 00:29:35,23118.6
22500,358,29,139356,-6442,2026-09-16 00:29:35,23118.6
22550,0,0,19535,-2323,2026-09-16 00:29:35,23118.6
22600,144,49,67225,10788,2026-09-16 00:29:35,23118.6
22650,45,27,22560,2354,2026-09-16 00:29:35,23118.6
22700,706,44,81040,3890,2026-09-16 00:29:35,23118.6
22750,373,74,37617,-1555,2026-09-16 00:29:35,23118.6
22800,1607,266,109718,11346,2026-09-16 00:29:35,23118.6
22850,1246,747,46325,-5529,2026-09-16 00:29:35,23118.6
22900,2345,874,94572,-9847,2026-09-16 00:29:35,23118.6
22950,3969,3002,70064,15637,2026-09-16 00:29:35,23118.6
23000,16377,10400,172071,-18070,2026-09-16 00:29:35,23118.6
23050,25714,23784,143596,94162,2026-09-16 00:29:35,23118.6
23100,93887,88336,316052,194547,2026-09-16 00:29:35,23118.6
23150,275006,270881,114358,48587,2026-09-16 00:29:35,23118.6
23200,272804,254937,92267,-77549,2026-09-16 00:29:35,23118.6
23250,179516,157933,38843,-84828,2026-09-16 00:29:35,23118.6
23300,293111,250387,54650,-157693,2026-09-16 00:29:35,23118.6
23350,198328,165656,24801,-68804,2026-09-16 00:29:35,23118.6
23400,205556,110800,41089,-97214,2026-09-16 00:29:35,23118.6
23450,108817,46685,17366,-37222,2026-09-16 00:29:35,23118.6
23500,192916,49840,25181,-40136,2026-09-16 00:29:35,23118.6
23550,90133,15045,5923,-8236,2026-09-16 00:29:35,23118.6
23600,144400,22817,8361,-13035,2026-09-16 00:29:35,23118.6
23650,80347,3828,4025,-4118,2026-09-16 00:29:35,23118.6
23700,121461,-32999,11222,-11869,2026-09-16 00:29:35,23118.6
23750,65850,-17276,2282,-4500,2026-09-16 00:29:35,23118.6
23800,122462,-55907,10421,-5454,2026-09-16 00:29:35,23118.6
23850,49666,3331,1805,-1541,2026-09-16 00:29:35,23118.6
23900,96170,-10055,7927,-9214,2026-09-16 00:29:35,23118.6
23950,39181,-7440,1049,-740,2026-09-16 00:29:35,23118.6
24000,174733,-35551,8423,-11373,2026-09-16 00:29:35,23118.6
24050,50141,9785,1019,-113,2026-09-16 00:29:35,23118.6
24100,95287,5837,5082,-579,2026-09-16 00:29:35,23118.6
24150,49143,16634,804,-222,2026-09-16 00:29:35,23118.6
24200,132178,48242,4659,-1631,2026-09-16 00:29:35,23118.6
24250,47653,19957,512,-177,2026-09-16 00:29:35,23118.6
24300,95594,38665,2769,-348,2026-09-16 00:29:35,23118.6
24350,48946,32608,380,-212,2026-09-16 00:29:35,23118.6
24400,87627,10282,1364,-844,2026-09-16 00:29:35,23118.6
24450,16293,5491,146,-71,2026-09-16 00:29:35,23118.6
24500,145430,-10164,2239,-2647,2026-09-16 00:29:35,23118.6
24550,22718,8603,79,-226,2026-09-16 00:29:35,23118.6
24600,33125,-14269,464,-954,2026-09-16 00:29:35,23118.6
24650,25015,8283,97,-38,2026-09-16 00:29:35,23118.6
24700,28980,-8708,213,-173,2026-09-16 00:29:35,23118.6
24750,13953,-750,43,-16,2026-09-16 00:29:35,23118.6
24800,19687,-26860,231,-152,2026-09-16 00:29:35,23118.6
24850,12744,932,0,0,2026-09-16 00:29:35,23118.6
24900,13548,-1708,162,-45,2026-09-16 00:29:35,23118.6
24950,6960,-1384,0,0,2026-09-16 00:29:35,23118.6
25000,63296,-21077,399,-898,2026-09-16 00:29:35,23118.6
25050,7334,-38,1,0,2026-09-16 00:29:35,23118.6
25100,8705,-1359,45,-54,2026-09-16 00:29:35,23118.6
25150,4751,-847,5,0,2026-09-16 00:29:35,23118.6
25200,9738,-12845,10,-38,2026-09-16 00:29:35,23118.6
25250,7177,-5076,8,0,2026-09-16 00:29:35,23118.6
25300,6311,-6653,38,-21,2026-09-16 00:29:35,23118.6
25350,2167,-310,0,0,2026-09-16 00:29:35,23118.6
25400,5456,-2842,20,-4,2026-09-16 00:29:35,23118.6
25450,1677,-2500,22,0,2026-09-16 00:29:35,23118.6
25500,15165,-11606,253,-706,2026-09-16 00:29:35,23118.6
25550,2625,-645,8,0,2026-09-16 00:29:35,23118.6
25600,3072,-4337,4,0,2026-09-16 00:29:35,23118.6
25650,1591,698,9,0,2026-09-16 00:29:35,23118.6
25700,2542,-1714,0,0,2026-09-16 00:29:35,23118.6
25750,998,191,0,0,2026-09-16 00:29:35,23118.6
25800,11748,-844,7,-1,2026-09-16 00:29:35,23118.6
25850,1260,343,0,0,2026-09-16 00:29:35,23118.6
25900,3439,-1120,0,0,2026-09-16 00:29:35,23118.6
25950,1226,229,0,0,2026-09-16 00:29:35,23118.6
26000,16285,-7500,333,-591,2026-09-16 00:29:35,23118.6
26050,1446,308,0,0,2026-09-16 00:29:35,23118.6
26100,1968,-413,0,0,2026-09-16 00:29:35,23118.6
26150,1817,369,0,0,2026-09-16 00:29:35,23118.6
26200,6776,487,0,0,2026-09-16 00:29:35,23118.6
21650,0,0,3083,0,2026-09-16 00:32:39,23118.6
21700,0,0,42768,-49899,2026-09-16 00:32:39,23118.6
21750,0,0,10012,-5594,2026-09-16 00:32:39,23118.6
21800,0,0,14224,-21702,2026-09-16 00:32:39,23118.6
21850,0,0,3126,-1416,2026-09-16 00:32:39,23118.6
21900,0,0,19664,-28292,2026-09-16 00:32:39,23118.6
21950,0,0,7912,-7492,2026-09-16 00:32:39,23118.6
22000,33,-3,54105,-67658,2026-09-16 00:32:39,23118.6
22050,0,0,8817,-2275,2026-09-16 00:32:39,23118.6
22100,0,0,20682,-25866,2026-09-16 00:32:39,23118.6
22150,0,0,7815,-5747,2026-09-16 00:32:39,23118.6
22200,0,0,37094,-30259,2026-09-16 00:32:39,23118.6
22250,0,0,12229,-9197,2026-09-16 00:32:39,23118.6
22300,37,-8,27918,-14372,2026-09-16 00:32:39,23118.6
22350,0,0,10610,-835,2026-09-16 00:32:39,23118.6
22400,10,-1,35390,-41003,2026-09-16 00:32:39,23118.6
22450,0,0,15321,1444,2026-09-16 00:32:39,23118.6
22500,358,29,139356,-6442,2026-09-16 00:32:39,23118.6
22550,0,0,19535,-2323,2026-09-16 00:32:39,23118.6
22600,144,49,67225,10788,2026-09-16 00:32:39,23118.6
22650,45,27,22560,2354,2026-09-16 00:32:39,23118.6
22700,706,44,81040,3890,2026-09-16 00:32:39,23118.6
22750,373,74,37617,-1555,2026-09-16 00:32:39,23118.6
22800,1607,266,109718,11346,2026-09-16 00:32:39,23118.6
22850,1246,747,46325,-5529,2026-09-16 00:32:39,23118.6
22900,2345,874,94572,-9847,2026-09-16 00:32:39,23118.6
22950,3969,3002,70064,15637,2026-09-16 00:32:39,23118.6
23000,16377,10400,172071,-18070,2026-09-16 00:32:39,23118.6
23050,25714,23784,143596,94162,2026-09-16 00:32:39,23118.6
23100,93887,88336,316052,194547,2026-09-16 00:32:39,23118.6
23150,275006,270881,114358,48587,2026-09-16 00:32:39,23118.6
23200,272804,254937,92267,-77549,2026-09-16 00:32:39,23118.6
23250,179516,157933,38843,-84828,2026-09-16 00:32:39,23118.6
23300,293111,250387,54650,-157693,2026-09-16 00:32:39,23118.6
23350,198328,165656,24801,-68804,2026-09-16 00:32:39,23118.6
23400,205556,110800,41089,-97214,2026-09-16 00:32:39,23118.6
23450,108817,46685,17366,-37222,2026-09-16 00:32:39,23118.6
23500,192916,49840,25181,-40136,2026-09-16 00:32:39,23118.6
23550,90133,15045,5923,-8236,2026-09-16 00:32:39,23118.6
23600,144400,22817,8361,-13035,2026-09-16 00:32:39,23118.6
23650,80347,3828,4025,-4118,2026-09-16 00:32:39,23118.6
23700,121461,-32999,11222,-11869,2026-09-16 00:32:39,23118.6
23750,65850,-17276,2282,-4500,2026-09-16 00:32:39,23118.6
23800,122462,-55907,10421,-5454,2026-09-16 00:32:39,23118.6
23850,49666,3331,1805,-1541,2026-09-16 00:32:39,23118.6
23900,96170,-10055,7927,-9214,2026-09-16 00:32:39,23118.6
23950,39181,-7440,1049,-740,2026-09-16 00:32:39,23118.6
24000,174733,-35551,8423,-11373,2026-09-16 00:32:39,23118.6
24050,50141,9785,1019,-113,2026-09-16 00:32:39,23118.6
24100,95287,5837,5082,-579,2026-09-16 00:32:39,23118.6
24150,49143,16634,804,-222,2026-09-16 00:32:39,23118.6
24200,132178,48242,4659,-1631,2026-09-16 00:32:39,23118.6
24250,47653,19957,512,-177,2026-09-16 00:32:39,23118.6
24300,95594,38665,2769,-348,2026-09-16 00:32:39,23118.6
24350,48946,32608,380,-212,2026-09-16 00:32:39,23118.6
24400,87627,10282,1364,-844,2026-09-16 00:32:39,23118.6
24450,16293,5491,146,-71,2026-09-16 00:32:39,23118.6
24500,145430,-10164,2239,-2647,2026-09-16 00:32:39,23118.6
24550,22718,8603,79,-226,2026-09-16 00:32:39,23118.6
24600,33125,-14269,464,-954,2026-09-16 00:32:39,23118.6
24650,25015,8283,97,-38,2026-09-16 00:32:39,23118.6
24700,28980,-8708,213,-173,2026-09-16 00:32:39,23118.6
24750,13953,-750,43,-16,2026-09-16 00:32:39,23118.6
24800,19687,-26860,231,-152,2026-09-16 00:32:39,23118.6
24850,12744,932,0,0,2026-09-16 00:32:39,23118.6
24900,13548,-1708,162,-45,2026-09-16 00:32:39,23118.6
24950,6960,-1384,0,0,2026-09-16 00:32:39,23118.6
25000,63296,-21077,399,-898,2026-09-16 00:32:39,23118.6
25050,7334,-38,1,0,2026-09-16 00:32:39,23118.6
25100,8705,-1359,45,-54,2026-09-16 00:32:39,23118.6
25150,4751,-847,5,0,2026-09-16 00:32:39,23118.6
25200,9738,-12845,10,-38,2026-09-16 00:32:39,23118.6
25250,7177,-5076,8,0,2026-09-16 00:32:39,23118.6
25300,6311,-6653,38,-21,2026-09-16 00:32:39,23118.6
25350,2167,-310,0,0,2026-09-16 00:32:39,23118.6
25400,5456,-2842,20,-4,2026-09-16 00:32:39,23118.6
25450,1677,-2500,22,0,2026-09-16 00:32:39,23118.6
25500,15165,-11606,253,-706,2026-09-16 00:32:39,23118.6
25550,2625,-645,8,0,2026-09-16 00:32:39,23118.6
25600,3072,-4337,4,0,2026-09-16 00:32:39,23118.6
25650,1591,698,9,0,2026-09-16 00:32:39,23118.6
25700,2542,-1714,0,0,2026-09-16 00:32:39,23118.6
25750,998,191,0,0,2026-09-16 00:32:39,23118.6
25800,11748,-844,7,-1,2026-09-16 00:32:39,23118.6
25850,1260,343,0,0,2026-09-16 00:32:39,23118.6
25900,3439,-1120,0,0,2026-09-16 00:32:39,23118.6
25950,1226,229,0,0,2026-09-16 00:32:39,23118.6
26000,16285,-7500,333,-591,2026-09-16 00:32:39,23118.6
26050,1446,308,0,0,2026-09-16 00:32:39,23118.6
26100,1968,-413,0,0,2026-09-16 00:32:39,23118.6
26150,1817,369,0,0,2026-09-16 00:32:39,23118.6
26200,6776,487,0,0,2026-09-16 00:32:39,23118.6
21650,0,0,3083,0,2026-09-16 00:35:43,23118.6
21700,0,0,42768,-49899,2026-09-16 00:35:43,23118.6
21750,0,0,10012,-5594,2026-09-16 00:35:43,23118.6
21800,0,0,14224,-21702,2026-09-16 00:35:43,23118.6
21850,0,0,3126,-1416,2026-09-16 00:35:43,23118.6
21900,0,0,19664,-28292,2026-09-16 00:35:43,23118.6
21950,0,0,7912,-7492,2026-09-16 00:35:43,23118.6
22000,33,-3,54105,-67658,2026-09-16 00:35:43,23118.6
22050,0,0,8817,-2275,2026-09-16 00:35:43,23118.6
22100,0,0,20682,-25866,2026-09-16 00:35:43,23118.6
22150,0,0,7815,-5747,2026-09-16 00:35:43,23118.6
22200,0,0,37094,-30259,2026-09-16 00:35:43,23118.6
22250,0,0,12229,-9197,2026-09-16 00:35:43,23118.6
22300,37,-8,27918,-14372,2026-09-16 00:35:43,23118.6
22350,0,0,10610,-835,2026-09-16 00:35:43,23118.6
22400,10,-1,35390,-41003,2026-09-16 00:35:43,23118.6
22450,0,0,15321,1444,2026-09-16 00:35:43,23118.6
22500,358,29,139356,-6442,2026-09-16 00:35:43,23118.6
22550,0,0,19535,-2323,2026-09-16 00:35:43,23118.6
22600,144,49,67225,10788,2026-09-16 00:35:43,23118.6
22650,45,27,22560,2354,2026-09-16 00:35:43,23118.6
22700,706,44,81040,3890,2026-09-16 00:35:43,23118.6
22750,373,74,37617,-1555,2026-09-16 00:35:43,23118.6
22800,1607,266,109718,11346,2026-09-16 00:35:43,23118.6
22850,1246,747,46325,-5529,2026-09-16 00:35:43,23118.6
22900,2345,874,94572,-9847,2026-09-16 00:35:43,23118.6
22950,3969,3002,70064,15637,2026-09-16 00:35:43,23118.6
23000,16377,10400,172071,-18070,2026-09-16 00:35:43,23118.6
23050,25714,23784,143596,94162,2026-09-16 00:35:43,23118.6
23100,93887,88336,316052,194547,2026-09-16 00:35:43,23118.6
23150,275006,270881,114358,48587,2026-09-16 00:35:43,23118.6
23200,272804,254937,92267,-77549,2026-09-16 00:35:43,23118.6
23250,179516,157933,38843,-84828,2026-09-16 00:35:43,23118.6
23300,293111,250387,54650,-157693,2026-09-16 00:35:43,23118.6
23350,198328,165656,24801,-68804,2026-09-16 00:35:43,23118.6
23400,205556,110800,41089,-97214,2026-09-16 00:35:43,23118.6
23450,108817,46685,17366,-37222,2026-09-16 00:35:43,23118.6
23500,192916,49840,25181,-40136,2026-09-16 00:35:43,23118.6
23550,90133,15045,5923,-8236,2026-09-16 00:35:43,23118.6
23600,144400,22817,8361,-13035,2026-09-16 00:35:43,23118.6
23650,80347,3828,4025,-4118,2026-09-16 00:35:43,23118.6
23700,121461,-32999,11222,-11869,2026-09-16 00:35:43,23118.6
23750,65850,-17276,2282,-4500,2026-09-16 00:35:43,23118.6
23800,122462,-55907,10421,-5454,2026-09-16 00:35:43,23118.6
23850,49666,3331,1805,-1541,2026-09-16 00:35:43,23118.6
23900,96170,-10055,7927,-9214,2026-09-16 00:35:43,23118.6
23950,39181,-7440,1049,-740,2026-09-16 00:35:43,23118.6
24000,174733,-35551,8423,-11373,2026-09-16 00:35:43,23118.6
24050,50141,9785,1019,-113,2026-09-16 00:35:43,23118.6
24100,95287,5837,5082,-579,2026-09-16 00:35:43,23118.6
24150,49143,16634,804,-222,2026-09-16 00:35:43,23118.6
24200,132178,48242,4659,-1631,2026-09-16 00:35:43,23118.6
24250,47653,19957,512,-177,2026-09-16 00:35:43,23118.6
24300,95594,38665,2769,-348,2026-09-16 00:35:43,23118.6
24350,48946,32608,380,-212,2026-09-16 00:35:43,23118.6
24400,87627,10282,1364,-844,2026-09-16 00:35:43,23118.6
24450,16293,5491,146,-71,2026-09-16 00:35:43,23118.6
24500,145430,-10164,2239,-2647,2026-09-16 00:35:43,23118.6
24550,22718,8603,79,-226,2026-09-16 00:35:43,23118.6
24600,33125,-14269,464,-954,2026-09-16 00:35:43,23118.6
24650,25015,8283,97,-38,2026-09-16 00:35:43,23118.6
24700,28980,-8708,213,-173,2026-09-16 00:35:43,23118.6
24750,13953,-750,43,-16,2026-09-16 00:35:43,23118.6
24800,19687,-26860,231,-152,2026-09-16 00:35:43,23118.6
24850,12744,932,0,0,2026-09-16 00:35:43,23118.6
24900,13548,-1708,162,-45,2026-09-16 00:35:43,23118.6
24950,6960,-1384,0,0,2026-09-16 00:35:43,23118.6
25000,63296,-21077,399,-898,2026-09-16 00:35:43,23118.6
25050,7334,-38,1,0,2026-09-16 00:35:43,23118.6
25100,8705,-1359,45,-54,2026-09-16 00:35:43,23118.6
25150,4751,-847,5,0,2026-09-16 00:35:43,23118.6
25200,9738,-12845,10,-38,2026-09-16 00:35:43,23118.6
25250,7177,-5076,8,0,2026-09-16 00:35:43,23118.6
25300,6311,-6653,38,-21,2026-09-16 00:35:43,23118.6
25350,2167,-310,0,0,2026-09-16 00:35:43,23118.6
25400,5456,-2842,20,-4,2026-09-16 00:35:43,23118.6
25450,1677,-2500,22,0,2026-09-16 00:35:43,23118.6
25500,15165,-11606,253,-706,2026-09-16 00:35:43,23118.6
25550,2625,-645,8,0,2026-09-16 00:35:43,23118.6
25600,3072,-4337,4,0,2026-09-16 00:35:43,23118.6
25650,1591,698,9,0,2026-09-16 00:35:43,23118.6
25700,2542,-1714,0,0,2026-09-16 00:35:43,23118.6
25750,998,191,0,0,2026-09-16 00:35:43,23118.6
25800,11748,-844,7,-1,2026-09-16 00:35:43,23118.6
25850,1260,343,0,0,2026-09-16 00:35:43,23118.6
25900,3439,-1120,0,0,2026-09-16 00:35:43,23118.6
25950,1226,229,0,0,2026-09-16 00:35:43,23118.6
26000,16285,-7500,333,-591,2026-09-16 00:35:43,23118.6
26050,1446,308,0,0,2026-09-16 00:35:43,23118.6
26100,1968,-413,0,0,2026-09-16 00:35:43,23118.6
26150,1817,369,0,0,2026-09-16 00:35:43,23118.6
26200,6776,487,0,0,2026-09-16 00:35:43,23118.6
21650,0,0,3083,0,2026-09-16 00:38:47,23118.6
21700,0,0,42768,-49899,2026-09-16 00:38:47,23118.6
21750,0,0,10012,-5594,2026-09-16 00:38:47,23118.6
21800,0,0,14224,-21702,2026-09-16 00:38:47,23118.6
21850,0,0,3126,-1416,2026-09-16 00:38:47,23118.6
21900,0,0,19664,-28292,2026-09-16 00:38:47,23118.6
21950,0,0,7912,-7492,2026-09-16 00:38:47,23118.6
22000,33,-3,54105,-67658,2026-09-16 00:38:47,23118.6
22050,0,0,8817,-2275,2026-09-16 00:38:47,23118.6
22100,0,0,20682,-25866,2026-09-16 00:38:47,23118.6
22150,0,0,7815,-5747,2026-09-16 00:38:47,23118.6
22200,0,0,37094,-30259,2026-09-16 00:38:47,23118.6
22250,0,0,12229,-9197,2026-09-16 00:38:47,23118.6
22300,37,-8,27918,-14372,2026-09-16 00:38:47,23118.6
22350,0,0,10610,-835,2026-09-16 00:38:47,23118.6
22400,10,-1,35390,-41003,2026-09-16 00:38:47,23118.6
22450,0,0,15321,1444,2026-09-16 00:38:47,23118.6
22500,358,29,139356,-6442,2026-09-16 00:38:47,23118.6
22550,0,0,19535,-2323,2026-09-16 00:38:47,23118.6
22600,144,49,67225,10788,2026-09-16 00:38:47,23118.6
22650,45,27,22560,2354,2026-09-16 00:38:47,23118.6
22700,706,44,81040,3890,2026-09-16 00:38:47,23118.6
22750,373,74,37617,-1555,2026-09-16 00:38:47,23118.6
22800,1607,266,109718,11346,2026-09-16 00:38:47,23118.6
22850,1246,747,46325,-5529,2026-09-16 00:38:47,23118.6
22900,2345,874,94572,-9847,2026-09-16 00:38:47,23118.6
22950,3969,3002,70064,15637,2026-09-16 00:38:47,23118.6
23000,16377,10400,172071,-18070,2026-09-16 00:38:47,23118.6
23050,25714,23784,143596,94162,2026-09-16 00:38:47,23118.6
23100,93887,88336,316052,194547,2026-09-16 00:38:47,23118.6
23150,275006,270881,114358,48587,2026-09-16 00:38:47,23118.6
23200,272804,254937,92267,-77549,2026-09-16 00:38:47,23118.6
23250,179516,157933,38843,-84828,2026-09-16 00:38:47,23118.6
23300,293111,250387,54650,-157693,2026-09-16 00:38:47,23118.6
23350,198328,165656,24801,-68804,2026-09-16 00:38:47,23118.6
23400,205556,110800,41089,-97214,2026-09-16 00:38:47,23118.6
23450,108817,46685,17366,-37222,2026-09-16 00:38:47,23118.6
23500,192916,49840,25181,-40136,2026-09-16 00:38:47,23118.6
23550,90133,15045,5923,-8236,2026-09-16 00:38:47,23118.6
23600,144400,22817,8361,-13035,2026-09-16 00:38:47,23118.6
23650,80347,3828,4025,-4118,2026-09-16 00:38:47,23118.6
23700,121461,-32999,11222,-11869,2026-09-16 00:38:47,23118.6
23750,65850,-17276,2282,-4500,2026-09-16 00:38:47,23118.6
23800,122462,-55907,10421,-5454,2026-09-16 00:38:47,23118.6
23850,49666,3331,1805,-1541,2026-09-16 00:38:47,23118.6
23900,96170,-10055,7927,-9214,2026-09-16 00:38:47,23118.6
23950,39181,-7440,1049,-740,2026-09-16 00:38:47,23118.6
24000,174733,-35551,8423,-11373,2026-09-16 00:38:47,23118.6
24050,50141,9785,1019,-113,2026-09-16 00:38:47,23118.6
24100,95287,5837,5082,-579,2026-09-16 00:38:47,23118.6
24150,49143,16634,804,-222,2026-09-16 00:38:47,23118.6
24200,132178,48242,4659,-1631,2026-09-16 00:38:47,23118.6
24250,47653,19957,512,-177,2026-09-16 00:38:47,23118.6
24300,95594,38665,2769,-348,2026-09-16 00:38:47,23118.6
24350,48946,32608,380,-212,2026-09-16 00:38:47,23118.6
24400,87627,10282,1364,-844,2026-09-16 00:38:47,23118.6
24450,16293,5491,146,-71,2026-09-16 00:38:47,23118.6
24500,145430,-10164,2239,-2647,2026-09-16 00:38:47,23118.6
24550,22718,8603,79,-226,2026-09-16 00:38:47,23118.6
24600,33125,-14269,464,-954,2026-09-16 00:38:47,23118.6
24650,25015,8283,97,-38,2026-09-16 00:38:47,23118.6
24700,28980,-8708,213,-173,2026-09-16 00:38:47,23118.6
24750,13953,-750,43,-16,2026-09-16 00:38:47,23118.6
24800,19687,-26860,231,-152,2026-09-16 00:38:47,23118.6
24850,12744,932,0,0,2026-09-16 00:38:47,23118.6
24900,13548,-1708,162,-45,2026-09-16 00:38:47,23118.6
24950,6960,-1384,0,0,2026-09-16 00:38:47,23118.6
25000,63296,-21077,399,-898,2026-09-16 00:38:47,23118.6
25050,7334,-38,1,0,2026-09-16 00:38:47,23118.6
25100,8705,-1359,45,-54,2026-09-16 00:38:47,23118.6
25150,4751,-847,5,0,2026-09-16 00:38:47,23118.6
25200,9738,-12845,10,-38,2026-09-16 00:38:47,23118.6
25250,7177,-5076,8,0,2026-09-16 00:38:47,23118.6
25300,6311,-6653,38,-21,2026-09-16 00:38:47,23118.6
25350,2167,-310,0,0,2026-09-16 00:38:47,23118.6
25400,5456,-2842,20,-4,2026-09-16 00:38:47,23118.6
25450,1677,-2500,22,0,2026-09-16 00:38:47,23118.6
25500,15165,-11606,253,-706,2026-09-16 00:38:47,23118.6
25550,2625,-645,8,0,2026-09-16 00:38:47,23118.6
25600,3072,-4337,4,0,2026-09-16 00:38:47,23118.6
25650,1591,698,9,0,2026-09-16 00:38:47,23118.6
25700,2542,-1714,0,0,2026-09-16 00:38:47,23118.6
25750,998,191,0,0,2026-09-16 00:38:47,23118.6
25800,11748,-844,7,-1,2026-09-16 00:38:47,23118.6
25850,1260,343,0,0,2026-09-16 00:38:47,23118.6
25900,3439,-1120,0,0,2026-09-16 00:38:47,23118.6
25950,1226,229,0,0,2026-09-16 00:38:47,23118.6
26000,16285,-7500,333,-591,2026-09-16 00:38:47,23118.6
26050,1446,308,0,0,2026-09-16 00:38:47,23118.6
26100,1968,-413,0,0,2026-09-16 00:38:47,23118.6
26150,1817,369,0,0,2026-09-16 00:38:47,23118.6
26200,6776,487,0,0,2026-09-16 00:38:47,23118.6
21650,0,0,3083,0,2026-09-16 00:38:53,23118.6
21700,0,0,42768,-49899,2026-09-16 00:38:53,23118.6
21750,0,0,10012,-5594,2026-09-16 00:38:53,23118.6
21800,0,0,14224,-21702,2026-09-16 00:38:53,23118.6
21850,0,0,3126,-1416,2026-09-16 00:38:53,23118.6
21900,0,0,19664,-28292,2026-09-16 00:38:53,23118.6
21950,0,0,7912,-7492,2026-09-16 00:38:53,23118.6
22000,33,-3,54105,-67658,2026-09-16 00:38:53,23118.6
22050,0,0,8817,-2275,2026-09-16 00:38:53,23118.6
22100,0,0,20682,-25866,2026-09-16 00:38:53,23118.6
22150,0,0,7815,-5747,2026-09-16 00:38:53,23118.6
22200,0,0,37094,-30259,2026-09-16 00:38:53,23118.6
22250,0,0,12229,-9197,2026-09-16 00:38:53,23118.6
22300,37,-8,27918,-14372,2026-09-16 00:38:53,23118.6
22350,0,0,10610,-835,2026-09-16 00:38:53,23118.6
22400,10,-1,35390,-41003,2026-09-16 00:38:53,23118.6
22450,0,0,15321,1444,2026-09-16 00:38:53,23118.6
22500,358,29,139356,-6442,2026-09-16 00:38:53,23118.6
22550,0,0,19535,-2323,2026-09-16 00:38:53,23118.6
22600,144,49,67225,10788,2026-09-16 00:38:53,23118.6
22650,45,27,22560,2354,2026-09-16 00:38:53,23118.6
22700,706,44,81040,3890,2026-09-16 00:38:53,23118.6
22750,373,74,37617,-1555,2026-09-16 00:38:53,23118.6
22800,1607,266,109718,11346,2026-09-16 00:38:53,23118.6
22850,1246,747,46325,-5529,2026-09-16 00:38:53,23118.6
22900,2345,874,94572,-9847,2026-09-16 00:38:53,23118.6
22950,3969,3002,70064,15637,2026-09-16 00:38:53,23118.6
23000,16377,10400,172071,-18070,2026-09-16 00:38:53,23118.6
23050,25714,23784,143596,94162,2026-09-16 00:38:53,23118.6
23100,93887,88336,316052,194547,2026-09-16 00:38:53,23118.6
23150,275006,270881,114358,48587,2026-09-16 00:38:53,23118.6
23200,272804,254937,92267,-77549,2026-09-16 00:38:53,23118.6
23250,179516,157933,38843,-84828,2026-09-16 00:38:53,23118.6
23300,293111,250387,54650,-157693,2026-09-16 00:38:53,23118.6
23350,198328,165656,24801,-68804,2026-09-16 00:38:53,23118.6
23400,205556,110800,41089,-97214,2026-09-16 00:38:53,23118.6
23450,108817,46685,17366,-37222,2026-09-16 00:38:53,23118.6
23500,192916,49840,25181,-40136,2026-09-16 00:38:53,23118.6
23550,90133,15045,5923,-8236,2026-09-16 00:38:53,23118.6
23600,144400,22817,8361,-13035,2026-09-16 00:38:53,23118.6
23650,80347,3828,4025,-4118,2026-09-16 00:38:53,23118.6
23700,121461,-32999,11222,-11869,2026-09-16 00:38:53,23118.6
23750,65850,-17276,2282,-4500,2026-09-16 00:38:53,23118.6
23800,122462,-55907,10421,-5454,2026-09-16 00:38:53,23118.6
23850,49666,3331,1805,-1541,2026-09-16 00:38:53,23118.6
23900,96170,-10055,7927,-9214,2026-09-16 00:38:53,23118.6
23950,39181,-7440,1049,-740,2026-09-16 00:38:53,23118.6
24000,174733,-35551,8423,-11373,2026-09-16 00:38:53,23118.6
24050,50141,9785,1019,-113,2026-09-16 00:38:53,23118.6
24100,95287,5837,5082,-579,2026-09-16 00:38:53,23118.6
24150,49143,16634,804,-222,2026-09-16 00:38:53,23118.6
24200,132178,48242,4659,-1631,2026-09-16 00:38:53,23118.6
24250,47653,19957,512,-177,2026-09-16 00:38:53,23118.6
24300,95594,38665,2769,-348,2026-09-16 00:38:53,23118.6
24350,48946,32608,380,-212,2026-09-16 00:38:53,23118.6
24400,87627,10282,1364,-844,2026-09-16 00:38:53,23118.6
24450,16293,5491,146,-71,2026-09-16 00:38:53,23118.6
24500,145430,-10164,2239,-2647,2026-09-16 00:38:53,23118.6
24550,22718,8603,79,-226,2026-09-16 00:38:53,23118.6
24600,33125,-14269,464,-954,2026-09-16 00:38:53,23118.6
24650,25015,8283,97,-38,2026-09-16 00:38:53,23118.6
24700,28980,-8708,213,-173,2026-09-16 00:38:53,23118.6
24750,13953,-750,43,-16,2026-09-16 00:38:53,23118.6
24800,19687,-26860,231,-152,2026-09-16 00:38:53,23118.6
24850,12744,932,0,0,2026-09-16 00:38:53,23118.6
24900,13548,-1708,162,-45,2026-09-16 00:38:53,23118.6
24950,6960,-1384,0,0,2026-09-16 00:38:53,23118.6
25000,63296,-21077,399,-898,2026-09-16 00:38:53,23118.6
25050,7334,-38,1,0,2026-09-16 00:38:53,23118.6
25100,8705,-1359,45,-54,2026-09-16 00:38:53,23118.6
25150,4751,-847,5,0,2026-09-16 00:38:53,23118.6
25200,9738,-12845,10,-38,2026-09-16 00:38:53,23118.6
25250,7177,-5076,8,0,2026-09-16 00:38:53,23118.6
25300,6311,-6653,38,-21,2026-09-16 00:38:53,23118.6
25350,2167,-310,0,0,2026-09-16 00:38:53,23118.6
25400,5456,-2842,20,-4,2026-09-16 00:38:53,23118.6
25450,1677,-2500,22,0,2026-09-16 00:38:53,23118.6
25500,15165,-11606,253,-706,2026-09-16 00:38:53,23118.6
25550,2625,-645,8,0,2026-09-16 00:38:53,23118.6
25600,3072,-4337,4,0,2026-09-16 00:38:53,23118.6
25650,1591,698,9,0,2026-09-16 00:38:53,23118.6
25700,2542,-1714,0,0,2026-09-16 00:38:53,23118.6
25750,998,191,0,0,2026-09-16 00:38:53,23118.6
25800,11748,-844,7,-1,2026-09-16 00:38:53,23118.6
25850,1260,343,0,0,2026-09-16 00:38:53,23118.6
25900,3439,-1120,0,0,2026-09-16 00:38:53,23118.6
25950,1226,229,0,0,2026-09-16 00:38:53,23118.6
26000,16285,-7500,333,-591,2026-09-16 00:38:53,23118.6
26050,1446,308,0,0,2026-09-16 00:38:53,23118.6
26100,1968,-413,0,0,2026-09-16 00:38:53,23118.6
26150,1817,369,0,0,2026-09-16 00:38:53,23118.6
26200,6776,487,0,0,2026-09-16 00:38:53,23118.6
21650,0,0,3083,0,2026-09-16 00:39:43,23118.6
21700,0,0,42768,-49899,2026-09-16 00:39:43,23118.6
21750,0,0,10012,-5594,2026-09-16 00:39:43,23118.6
21800,0,0,14224,-21702,2026-09-16 00:39:43,23118.6
21850,0,0,3126,-1416,2026-09-16 00:39:43,23118.6
21900,0,0,19664,-28292,2026-09-16 00:39:43,23118.6
21950,0,0,7912,-7492,2026-09-16 00:39:43,23118.6
22000,33,-3,54105,-67658,2026-09-16 00:39:43,23118.6
22050,0,0,8817,-2275,2026-09-16 00:39:43,23118.6
22100,0,0,20682,-25866,2026-09-16 00:39:43,23118.6
22150,0,0,7815,-5747,2026-09-16 00:39:43,23118.6
22200,0,0,37094,-30259,2026-09-16 00:39:43,23118.6
22250,0,0,12229,-9197,2026-09-16 00:39:43,23118.6
22300,37,-8,27918,-14372,2026-09-16 00:39:43,23118.6
22350,0,0,10610,-835,2026-09-16 00:39:43,23118.6
22400,10,-1,35390,-41003,2026-09-16 00:39:43,23118.6
22450,0,0,15321,1444,2026-09-16 00:39:43,23118.6
22500,358,29,139356,-6442,2026-09-16 00:39:43,23118.6
22550,0,0,19535,-2323,2026-09-16 00:39:43,23118.6
22600,144,49,67225,10788,2026-09-16 00:39:43,23118.6
22650,45,27,22560,2354,2026-09-16 00:39:43,23118.6
22700,706,44,81040,3890,2026-09-16 00:39:43,23118.6
22750,373,74,37617,-1555,2026-09-16 00:39:43,23118.6
22800,1607,266,109718,11346,2026-09-16 00:39:43,23118.6
22850,1246,747,46325,-5529,2026-09-16 00:39:43,23118.6
22900,2345,874,94572,-9847,2026-09-16 00:39:43,23118.6
22950,3969,3002,70064,15637,2026-09-16 00:39:43,23118.6
23000,16377,10400,172071,-18070,2026-09-16 00:39:43,23118.6
23050,25714,23784,143596,94162,2026-09-16 00:39:43,23118.6
23100,93887,88336,316052,194547,2026-09-16 00:39:43,23118.6
23150,275006,270881,114358,48587,2026-09-16 00:39:43,23118.6
23200,272804,254937,92267,-77549,2026-09-16 00:39:43,23118.6
23250,179516,157933,38843,-84828,2026-09-16 00:39:43,23118.6
23300,293111,250387,54650,-157693,2026-09-16 00:39:43,23118.6
23350,198328,165656,24801,-68804,2026-09-16 00:39:43,23118.6
23400,205556,110800,41089,-97214,2026-09-16 00:39:43,23118.6
23450,108817,46685,17366,-37222,2026-09-16 00:39:43,23118.6
23500,192916,49840,25181,-40136,2026-09-16 00:39:43,23118.6
23550,90133,15045,5923,-8236,2026-09-16 00:39:43,23118.6
23600,144400,22817,8361,-13035,2026-09-16 00:39:43,23118.6
23650,80347,3828,4025,-4118,2026-09-16 00:39:43,23118.6
23700,121461,-32999,11222,-11869,2026-09-16 00:39:43,23118.6
23750,65850,-17276,2282,-4500,2026-09-16 00:39:43,23118.6
23800,122462,-55907,10421,-5454,2026-09-16 00:39:43,23118.6
23850,49666,3331,1805,-1541,2026-09-16 00:39:43,23118.6
23900,96170,-10055,7927,-9214,2026-09-16 00:39:43,23118.6
23950,39181,-7440,1049,-740,2026-09-16 00:39:43,23118.6
24000,174733,-35551,8423,-11373,2026-09-16 00:39:43,23118.6
24050,50141,9785,1019,-113,2026-09-16 00:39:43,23118.6
24100,95287,5837,5082,-579,2026-09-16 00:39:43,23118.6
24150,49143,16634,804,-222,2026-09-16 00:39:43,23118.6
24200,132178,48242,4659,-1631,2026-09-16 00:39:43,23118.6
24250,47653,19957,512,-177,2026-09-16 00:39:43,23118.6
24300,95594,38665,2769,-348,2026-09-16 00:39:43,23118.6
24350,48946,32608,380,-212,2026-09-16 00:39:43,23118.6
24400,87627,10282,1364,-844,2026-09-16 00:39:43,23118.6
24450,16293,5491,146,-71,2026-09-16 00:39:43,23118.6
24500,145430,-10164,2239,-2647,2026-09-16 00:39:43,23118.6
24550,22718,8603,79,-226,2026-09-16 00:39:43,23118.6
24600,33125,-14269,464,-954,2026-09-16 00:39:43,23118.6
24650,25015,8283,97,-38,2026-09-16 00:39:43,23118.6
24700,28980,-8708,213,-173,2026-09-16 00:39:43,23118.6
24750,13953,-750,43,-16,2026-09-16 00:39:43,23118.6
24800,19687,-26860,231,-152,2026-09-16 00:39:43,23118.6
24850,12744,932,0,0,2026-09-16 00:39:43,23118.6
24900,13548,-1708,162,-45,2026-09-16 00:39:43,23118.6
24950,6960,-1384,0,0,2026-09-16 00:39:43,23118.6
25000,63296,-21077,399,-898,2026-09-16 00:39:43,23118.6
25050,7334,-38,1,0,2026-09-16 00:39:43,23118.6
25100,8705,-1359,45,-54,2026-09-16 00:39:43,23118.6
25150,4751,-847,5,0,2026-09-16 00:39:43,23118.6
25200,9738,-12845,10,-38,2026-09-16 00:39:43,23118.6
25250,7177,-5076,8,0,2026-09-16 00:39:43,23118.6
25300,6311,-6653,38,-21,2026-09-16 00:39:43,23118.6
25350,2167,-310,0,0,2026-09-16 00:39:43,23118.6
25400,5456,-2842,20,-4,2026-09-16 00:39:43,23118.6
25450,1677,-2500,22,0,2026-09-16 00:39:43,23118.6
25500,15165,-11606,253,-706,2026-09-16 00:39:43,23118.6
25550,2625,-645,8,0,2026-09-16 00:39:43,23118.6
25600,3072,-4337,4,0,2026-09-16 00:39:43,23118.6
25650,1591,698,9,0,2026-09-16 00:39:43,23118.6
25700,2542,-1714,0,0,2026-09-16 00:39:43,23118.6
25750,998,191,0,0,2026-09-16 00:39:43,23118.6
25800,11748,-844,7,-1,2026-09-16 00:39:43,23118.6
25850,1260,343,0,0,2026-09-16 00:39:43,23118.6
25900,3439,-1120,0,0,2026-09-16 00:39:43,23118.6
25950,1226,229,0,0,2026-09-16 00:39:43,23118.6
26000,16285,-7500,333,-591,2026-09-16 00:39:43,23118.6
26050,1446,308,0,0,2026-09-16 00:39:43,23118.6
26100,1968,-413,0,0,2026-09-16 00:39:43,23118.6
26150,1817,369,0,0,2026-09-16 00:39:43,23118.6
26200,6776,487,0,0,2026-09-16 00:39:43,23118.6
21650,0,0,3083,0,2026-09-16 00:41:51,23118.6
21700,0,0,42768,-49899,2026-09-16 00:41:51,23118.6
21750,0,0,10012,-5594,2026-09-16 00:41:51,23118.6
21800,0,0,14224,-21702,2026-09-16 00:41:51,23118.6
21850,0,0,3126,-1416,2026-09-16 00:41:51,23118.6
21900,0,0,19664,-28292,2026-09-16 00:41:51,23118.6
21950,0,0,7912,-7492,2026-09-16 00:41:51,23118.6
22000,33,-3,54105,-67658,2026-09-16 00:41:51,23118.6
22050,0,0,8817,-2275,2026-09-16 00:41:51,23118.6
22100,0,0,20682,-25866,2026-09-16 00:41:51,23118.6
22150,0,0,7815,-5747,2026-09-16 00:41:51,23118.6
22200,0,0,37094,-30259,2026-09-16 00:41:51,23118.6
22250,0,0,12229,-9197,2026-09-16 00:41:51,23118.6
22300,37,-8,27918,-14372,2026-09-16 00:41:51,23118.6
22350,0,0,10610,-835,2026-09-16 00:41:51,23118.6
22400,10,-1,35390,-41003,2026-09-16 00:41:51,23118.6
22450,0,0,15321,1444,2026-09-16 00:41:51,23118.6
22500,358,29,139356,-6442,2026-09-16 00:41:51,23118.6
22550,0,0,19535,-2323,2026-09-16 00:41:51,23118.6
22600,144,49,67225,10788,2026-09-16 00:41:51,23118.6
22650,45,27,22560,2354,2026-09-16 00:41:51,23118.6
22700,706,44,81040,3890,2026-09-16 00:41:51,23118.6
22750,373,74,37617,-1555,2026-09-16 00:41:51,23118.6
22800,1607,266,109718,11346,2026-09-16 00:41:51,23118.6
22850,1246,747,46325,-5529,2026-09-16 00:41:51,23118.6
22900,2345,874,94572,-9847,2026-09-16 00:41:51,23118.6
22950,3969,3002,70064,15637,2026-09-16 00:41:51,23118.6
23000,16377,10400,172071,-18070,2026-09-16 00:41:51,23118.6
23050,25714,23784,143596,94162,2026-09-16 00:41:51,23118.6
23100,93887,88336,316052,194547,2026-09-16 00:41:51,23118.6
23150,275006,270881,114358,48587,2026-09-16 00:41:51,23118.6
23200,272804,254937,92267,-77549,2026-09-16 00:41:51,23118.6
23250,179516,157933,38843,-84828,2026-09-16 00:41:51,23118.6
23300,293111,250387,54650,-157693,2026-09-16 00:41:51,23118.6
23350,198328,165656,24801,-68804,2026-09-16 00:41:51,23118.6
23400,205556,110800,41089,-97214,2026-09-16 00:41:51,23118.6
23450,108817,46685,17366,-37222,2026-09-16 00:41:51,23118.6
23500,192916,49840,25181,-40136,2026-09-16 00:41:51,23118.6
23550,90133,15045,5923,-8236,2026-09-16 00:41:51,23118.6
23600,144400,22817,8361,-13035,2026-09-16 00:41:51,23118.6
23650,80347,3828,4025,-4118,2026-09-16 00:41:51,23118.6
23700,121461,-32999,11222,-11869,2026-09-16 00:41:51,23118.6
23750,65850,-17276,2282,-4500,2026-09-16 00:41:51,23118.6
23800,122462,-55907,10421,-5454,2026-09-16 00:41:51,23118.6
23850,49666,3331,1805,-1541,2026-09-16 00:41:51,23118.6
23900,96170,-10055,7927,-9214,2026-09-16 00:41:51,23118.6
23950,39181,-7440,1049,-740,2026-09-16 00:41:51,23118.6
24000,174733,-35551,8423,-11373,2026-09-16 00:41:51,23118.6
24050,50141,9785,1019,-113,2026-09-16 00:41:51,23118.6
24100,95287,5837,5082,-579,2026-09-16 00:41:51,23118.6
24150,49143,16634,804,-222,2026-09-16 00:41:51,23118.6
24200,132178,48242,4659,-1631,2026-09-16 00:41:51,23118.6
24250,47653,19957,512,-177,2026-09-16 00:41:51,23118.6
24300,95594,38665,2769,-348,2026-09-16 00:41:51,23118.6
24350,48946,32608,380,-212,2026-09-16 00:41:51,23118.6
24400,87627,10282,1364,-844,2026-09-16 00:41:51,23118.6
24450,16293,5491,146,-71,2026-09-16 00:41:51,23118.6
24500,145430,-10164,2239,-2647,2026-09-16 00:41:51,23118.6
24550,22718,8603,79,-226,2026-09-16 00:41:51,23118.6
24600,33125,-14269,464,-954,2026-09-16 00:41:51,23118.6
24650,25015,8283,97,-38,2026-09-16 00:41:51,23118.6
24700,28980,-8708,213,-173,2026-09-16 00:41:51,23118.6
24750,13953,-750,43,-16,2026-09-16 00:41:51,23118.6
24800,19687,-26860,231,-152,2026-09-16 00:41:51,23118.6
24850,12744,932,0,0,2026-09-16 00:41:51,23118.6
24900,13548,-1708,162,-45,2026-09-16 00:41:51,23118.6
24950,6960,-1384,0,0,2026-09-16 00:41:51,23118.6
25000,63296,-21077,399,-898,2026-09-16 00:41:51,23118.6
25050,7334,-38,1,0,2026-09-16 00:41:51,23118.6
25100,8705,-1359,45,-54,2026-09-16 00:41:51,23118.6
25150,4751,-847,5,0,2026-09-16 00:41:51,23118.6
25200,9738,-12845,10,-38,2026-09-16 00:41:51,23118.6
25250,7177,-5076,8,0,2026-09-16 00:41:51,23118.6
25300,6311,-6653,38,-21,2026-09-16 00:41:51,23118.6
25350,2167,-310,0,0,2026-09-16 00:41:51,23118.6
25400,5456,-2842,20,-4,2026-09-16 00:41:51,23118.6
25450,1677,-2500,22,0,2026-09-16 00:41:51,23118.6
25500,15165,-11606,253,-706,2026-09-16 00:41:51,23118.6
25550,2625,-645,8,0,2026-09-16 00:41:51,23118.6
25600,3072,-4337,4,0,2026-09-16 00:41:51,23118.6
25650,1591,698,9,0,2026-09-16 00:41:51,23118.6
25700,2542,-1714,0,0,2026-09-16 00:41:51,23118.6
25750,998,191,0,0,2026-09-16 00:41:51,23118.6
25800,11748,-844,7,-1,2026-09-16 00:41:51,23118.6
25850,1260,343,0,0,2026-09-16 00:41:51,23118.6
25900,3439,-1120,0,0,2026-09-16 00:41:51,23118.6
25950,1226,229,0,0,2026-09-16 00:41:51,23118.6
26000,16285,-7500,333,-591,2026-09-16 00:41:51,23118.6
26050,1446,308,0,0,2026-09-16 00:41:51,23118.6
26100,1968,-413,0,0,2026-09-16 00:41:51,23118.6
26150,1817,369,0,0,2026-09-16 00:41:51,23118.6
26200,6776,487,0,0,2026-09-16 00:41:51,23118.6
21650,0,0,3083,0,2026-09-16 00:44:55,23118.6
21700,0,0,42768,-49899,2026-09-16 00:44:55,23118.6
21750,0,0,10012,-5594,2026-09-16 00:44:55,23118.6
21800,0,0,14224,-21702,2026-09-16 00:44:55,23118.6
21850,0,0,3126,-1416,2026-09-16 00:44:55,23118.6
21900,0,0,19664,-28292,2026-09-16 00:44:55,23118.6
21950,0,0,7912,-7492,2026-09-16 00:44:55,23118.6
22000,33,-3,54105,-67658,2026-09-16 00:44:55,23118.6
22050,0,0,8817,-2275,2026-09-16 00:44:55,23118.6
22100,0,0,20682,-25866,2026-09-16 00:44:55,23118.6
22150,0,0,7815,-5747,2026-09-16 00:44:55,23118.6
22200,0,0,37094,-30259,2026-09-16 00:44:55,23118.6
22250,0,0,12229,-9197,2026-09-16 00:44:55,23118.6
22300,37,-8,27918,-14372,2026-09-16 00:44:55,23118.6
22350,0,0,10610,-835,2026-09-16 00:44:55,23118.6
22400,10,-1,35390,-41003,2026-09-16 00:44:55,23118.6
22450,0,0,15321,1444,2026-09-16 00:44:55,23118.6
22500,358,29,139356,-6442,2026-09-16 00:44:55,23118.6
22550,0,0,19535,-2323,2026-09-16 00:44:55,23118.6
22600,144,49,67225,10788,2026-09-16 00:44:55,23118.6
22650,45,27,22560,2354,2026-09-16 00:44:55,23118.6
22700,706,44,81040,3890,2026-09-16 00:44:55,23118.6
22750,373,74,37617,-1555,2026-09-16 00:44:55,23118.6
22800,1607,266,109718,11346,2026-09-16 00:44:55,23118.6
22850,1246,747,46325,-5529,2026-09-16 00:44:55,23118.6
22900,2345,874,94572,-9847,2026-09-16 00:44:55,23118.6
22950,3969,3002,70064,15637,2026-09-16 00:44:55,23118.6
23000,16377,10400,172071,-18070,2026-09-16 00:44:55,23118.6
23050,25714,23784,143596,94162,2026-09-16 00:44:55,23118.6
23100,93887,88336,316052,194547,2026-09-16 00:44:55,23118.6
23150,275006,270881,114358,48587,2026-09-16 00:44:55,23118.6
23200,272804,254937,92267,-77549,2026-09-16 00:44:55,23118.6
23250,179516,157933,38843,-84828,2026-09-16 00:44:55,23118.6
23300,293111,250387,54650,-157693,2026-09-16 00:44:55,23118.6
23350,198328,165656,24801,-68804,2026-09-16 00:44:55,23118.6
23400,205556,110800,41089,-97214,2026-09-16 00:44:55,23118.6
23450,108817,46685,17366,-37222,2026-09-16 00:44:55,23118.6
23500,192916,49840,25181,-40136,2026-09-16 00:44:55,23118.6
23550,90133,15045,5923,-8236,2026-09-16 00:44:55,23118.6
23600,144400,22817,8361,-13035,2026-09-16 00:44:55,23118.6
23650,80347,3828,4025,-4118,2026-09-16 00:44:55,23118.6
23700,121461,-32999,11222,-11869,2026-09-16 00:44:55,23118.6
23750,65850,-17276,2282,-4500,2026-09-16 00:44:55,23118.6
23800,122462,-55907,10421,-5454,2026-09-16 00:44:55,23118.6
23850,49666,3331,1805,-1541,2026-09-16 00:44:55,23118.6
23900,96170,-10055,7927,-9214,2026-09-16 00:44:55,23118.6
23950,39181,-7440,1049,-740,2026-09-16 00:44:55,23118.6
24000,174733,-35551,8423,-11373,2026-09-16 00:44:55,23118.6
24050,50141,9785,1019,-113,2026-09-16 00:44:55,23118.6
24100,95287,5837,5082,-579,2026-09-16 00:44:55,23118.6
24150,49143,16634,804,-222,2026-09-16 00:44:55,23118.6
24200,132178,48242,4659,-1631,2026-09-16 00:44:55,23118.6
24250,47653,19957,512,-177,2026-09-16 00:44:55,23118.6
24300,95594,38665,2769,-348,2026-09-16 00:44:55,23118.6
24350,48946,32608,380,-212,2026-09-16 00:44:55,23118.6
24400,87627,10282,1364,-844,2026-09-16 00:44:55,23118.6
24450,16293,5491,146,-71,2026-09-16 00:44:55,23118.6
24500,145430,-10164,2239,-2647,2026-09-16 00:44:55,23118.6
24550,22718,8603,79,-226,2026-09-16 00:44:55,23118.6
24600,33125,-14269,464,-954,2026-09-16 00:44:55,23118.6
24650,25015,8283,97,-38,2026-09-16 00:44:55,23118.6
24700,28980,-8708,213,-173,2026-09-16 00:44:55,23118.6
24750,13953,-750,43,-16,2026-09-16 00:44:55,23118.6
24800,19687,-26860,231,-152,2026-09-16 00:44:55,23118.6
24850,12744,932,0,0,2026-09-16 00:44:55,23118.6
24900,13548,-1708,162,-45,2026-09-16 00:44:55,23118.6
24950,6960,-1384,0,0,2026-09-16 00:44:55,23118.6
25000,63296,-21077,399,-898,2026-09-16 00:44:55,23118.6
25050,7334,-38,1,0,2026-09-16 00:44:55,23118.6
25100,8705,-1359,45,-54,2026-09-16 00:44:55,23118.6
25150,4751,-847,5,0,2026-09-16 00:44:55,23118.6
25200,9738,-12845,10,-38,2026-09-16 00:44:55,23118.6
25250,7177,-5076,8,0,2026-09-16 00:44:55,23118.6
25300,6311,-6653,38,-21,2026-09-16 00:44:55,23118.6
25350,2167,-310,0,0,2026-09-16 00:44:55,23118.6
25400,5456,-2842,20,-4,2026-09-16 00:44:55,23118.6
25450,1677,-2500,22,0,2026-09-16 00:44:55,23118.6
25500,15165,-11606,253,-706,2026-09-16 00:44:55,23118.6
25550,2625,-645,8,0,2026-09-16 00:44:55,23118.6
25600,3072,-4337,4,0,2026-09-16 00:44:55,23118.6
25650,1591,698,9,0,2026-09-16 00:44:55,23118.6
25700,2542,-1714,0,0,2026-09-16 00:44:55,23118.6
25750,998,191,0,0,2026-09-16 00:44:55,23118.6
25800,11748,-844,7,-1,2026-09-16 00:44:55,23118.6
25850,1260,343,0,0,2026-09-16 00:44:55,23118.6
25900,3439,-1120,0,0,2026-09-16 00:44:55,23118.6
25950,1226,229,0,0,2026-09-16 00:44:55,23118.6
26000,16285,-7500,333,-591,2026-09-16 00:44:55,23118.6
26050,1446,308,0,0,2026-09-16 00:44:55,23118.6
26100,1968,-413,0,0,2026-09-16 00:44:55,23118.6
26150,1817,369,0,0,2026-09-16 00:44:55,23118.6
26200,6776,487,0,0,2026-09-16 00:44:55,23118.6
21650,0,0,3083,0,2026-09-16 00:47:58,23118.6
21700,0,0,42768,-49899,2026-09-16 00:47:58,23118.6
21750,0,0,10012,-5594,2026-09-16 00:47:58,23118.6
21800,0,0,14224,-21702,2026-09-16 00:47:58,23118.6
21850,0,0,3126,-1416,2026-09-16 00:47:58,23118.6
21900,0,0,19664,-28292,2026-09-16 00:47:58,23118.6
21950,0,0,7912,-7492,2026-09-16 00:47:58,23118.6
22000,33,-3,54105,-67658,2026-09-16 00:47:58,23118.6
22050,0,0,8817,-2275,2026-09-16 00:47:58,23118.6
22100,0,0,20682,-25866,2026-09-16 00:47:58,23118.6
22150,0,0,7815,-5747,2026-09-16 00:47:58,23118.6
22200,0,0,37094,-30259,2026-09-16 00:47:58,23118.6
22250,0,0,12229,-9197,2026-09-16 00:47:58,23118.6
22300,37,-8,27918,-14372,2026-09-16 00:47:58,23118.6
22350,0,0,10610,-835,2026-09-16 00:47:58,23118.6
22400,10,-1,35390,-41003,2026-09-16 00:47:58,23118.6
22450,0,0,15321,1444,2026-09-16 00:47:58,23118.6
22500,358,29,139356,-6442,2026-09-16 00:47:58,23118.6
22550,0,0,19535,-2323,2026-09-16 00:47:58,23118.6
22600,144,49,67225,10788,2026-09-16 00:47:58,23118.6
22650,45,27,22560,2354,2026-09-16 00:47:58,23118.6
22700,706,44,81040,3890,2026-09-16 00:47:58,23118.6
22750,373,74,37617,-1555,2026-09-16 00:47:58,23118.6
22800,1607,266,109718,11346,2026-09-16 00:47:58,23118.6
22850,1246,747,46325,-5529,2026-09-16 00:47:58,23118.6
22900,2345,874,94572,-9847,2026-09-16 00:47:58,23118.6
22950,3969,3002,70064,15637,2026-09-16 00:47:58,23118.6
23000,16377,10400,172071,-18070,2026-09-16 00:47:58,23118.6
23050,25714,23784,143596,94162,2026-09-16 00:47:58,23118.6
23100,93887,88336,316052,194547,2026-09-16 00:47:58,23118.6
23150,275006,270881,114358,48587,2026-09-16 00:47:58,23118.6
23200,272804,254937,92267,-77549,2026-09-16 00:47:58,23118.6
23250,179516,157933,38843,-84828,2026-09-16 00:47:58,23118.6
23300,293111,250387,54650,-157693,2026-09-16 00:47:58,23118.6
23350,198328,165656,24801,-68804,2026-09-16 00:47:58,23118.6
23400,205556,110800,41089,-97214,2026-09-16 00:47:58,23118.6
23450,108817,46685,17366,-37222,2026-09-16 00:47:58,23118.6
23500,192916,49840,25181,-40136,2026-09-16 00:47:58,23118.6
23550,90133,15045,5923,-8236,2026-09-16 00:47:58,23118.6
23600,144400,22817,8361,-13035,2026-09-16 00:47:58,23118.6
23650,80347,3828,4025,-4118,2026-09-16 00:47:58,23118.6
23700,121461,-32999,11222,-11869,2026-09-16 00:47:58,23118.6
23750,65850,-17276,2282,-4500,2026-09-16 00:47:58,23118.6
23800,122462,-55907,10421,-5454,2026-09-16 00:47:58,23118.6
23850,49666,3331,1805,-1541,2026-09-16 00:47:58,23118.6
23900,96170,-10055,7927,-9214,2026-09-16 00:47:58,23118.6
23950,39181,-7440,1049,-740,2026-09-16 00:47:58,23118.6
24000,174733,-35551,8423,-11373,2026-09-16 00:47:58,23118.6
24050,50141,9785,1019,-113,2026-09-16 00:47:58,23118.6
24100,95287,5837,5082,-579,2026-09-16 00:47:58,23118.6
24150,49143,16634,804,-222,2026-09-16 00:47:58,23118.6
24200,132178,48242,4659,-1631,2026-09-16 00:47:58,23118.6
24250,47653,19957,512,-177,2026-09-16 00:47:58,23118.6
24300,95594,38665,2769,-348,2026-09-16 00:47:58,23118.6
24350,48946,32608,380,-212,2026-09-16 00:47:58,23118.6
24400,87627,10282,1364,-844,2026-09-16 00:47:58,23118.6
24450,16293,5491,146,-71,2026-09-16 00:47:58,23118.6
24500,145430,-10164,2239,-2647,2026-09-16 00:47:58,23118.6
24550,22718,8603,79,-226,2026-09-16 00:47:58,23118.6
24600,33125,-14269,464,-954,2026-09-16 00:47:58,23118.6
24650,25015,8283,97,-38,2026-09-16 00:47:58,23118.6
24700,28980,-8708,213,-173,2026-09-16 00:47:58,23118.6
24750,13953,-750,43,-16,2026-09-16 00:47:58,23118.6
24800,19687,-26860,231,-152,2026-09-16 00:47:58,23118.6
24850,12744,932,0,0,2026-09-16 00:47:58,23118.6
24900,13548,-1708,162,-45,2026-09-16 00:47:58,23118.6
24950,6960,-1384,0,0,2026-09-16 00:47:58,23118.6
25000,63296,-21077,399,-898,2026-09-16 00:47:58,23118.6
25050,7334,-38,1,0,2026-09-16 00:47:58,23118.6
25100,8705,-1359,45,-54,2026-09-16 00:47:58,23118.6
25150,4751,-847,5,0,2026-09-16 00:47:58,23118.6
25200,9738,-12845,10,-38,2026-09-16 00:47:58,23118.6
25250,7177,-5076,8,0,2026-09-16 00:47:58,23118.6
25300,6311,-6653,38,-21,2026-09-16 00:47:58,23118.6
25350,2167,-310,0,0,2026-09-16 00:47:58,23118.6
25400,5456,-2842,20,-4,2026-09-16 00:47:58,23118.6
25450,1677,-2500,22,0,2026-09-16 00:47:58,23118.6
25500,15165,-11606,253,-706,2026-09-16 00:47:58,23118.6
25550,2625,-645,8,0,2026-09-16 00:47:58,23118.6
25600,3072,-4337,4,0,2026-09-16 00:47:58,23118.6
25650,1591,698,9,0,2026-09-16 00:47:58,23118.6
25700,2542,-1714,0,0,2026-09-16 00:47:58,23118.6
25750,998,191,0,0,2026-09-16 00:47:58,23118.6
25800,11748,-844,7,-1,2026-09-16 00:47:58,23118.6
25850,1260,343,0,0,2026-09-16 00:47:58,23118.6
25900,3439,-1120,0,0,2026-09-16 00:47:58,23118.6
25950,1226,229,0,0,2026-09-16 00:47:58,23118.6
26000,16285,-7500,333,-591,2026-09-16 00:47:58,23118.6
26050,1446,308,0,0,2026-09-16 00:47:58,23118.6
26100,1968,-413,0,0,2026-09-16 00:47:58,23118.6
26150,1817,369,0,0,2026-09-16 00:47:58,23118.6
26200,6776,487,0,0,2026-09-16 00:47:58,23118.6
21650,0,0,3083,0,2026-09-16 00:50:25,23118.6
21700,0,0,42768,-49899,2026-09-16 00:50:25,23118.6
21750,0,0,10012,-5594,2026-09-16 00:50:25,23118.6
21800,0,0,14224,-21702,2026-09-16 00:50:25,23118.6
21850,0,0,3126,-1416,2026-09-16 00:50:25,23118.6
21900,0,0,19664,-28292,2026-09-16 00:50:25,23118.6
21950,0,0,7912,-7492,2026-09-16 00:50:25,23118.6
22000,33,-3,54105,-67658,2026-09-16 00:50:25,23118.6
22050,0,0,8817,-2275,2026-09-16 00:50:25,23118.6
22100,0,0,20682,-25866,2026-09-16 00:50:25,23118.6
22150,0,0,7815,-5747,2026-09-16 00:50:25,23118.6
22200,0,0,37094,-30259,2026-09-16 00:50:25,23118.6
22250,0,0,12229,-9197,2026-09-16 00:50:25,23118.6
22300,37,-8,27918,-14372,2026-09-16 00:50:25,23118.6
22350,0,0,10610,-835,2026-09-16 00:50:25,23118.6
22400,10,-1,35390,-41003,2026-09-16 00:50:25,23118.6
22450,0,0,15321,1444,2026-09-16 00:50:25,23118.6
22500,358,29,139356,-6442,2026-09-16 00:50:25,23118.6
22550,0,0,19535,-2323,2026-09-16 00:50:25,23118.6
22600,144,49,67225,10788,2026-09-16 00:50:25,23118.6
22650,45,27,22560,2354,2026-09-16 00:50:25,23118.6
22700,706,44,81040,3890,2026-09-16 00:50:25,23118.6
22750,373,74,37617,-1555,2026-09-16 00:50:25,23118.6
22800,1607,266,109718,11346,2026-09-16 00:50:25,23118.6
22850,1246,747,46325,-5529,2026-09-16 00:50:25,23118.6
22900,2345,874,94572,-9847,2026-09-16 00:50:25,23118.6
22950,3969,3002,70064,15637,2026-09-16 00:50:25,23118.6
23000,16377,10400,172071,-18070,2026-09-16 00:50:25,23118.6
23050,25714,23784,143596,94162,2026-09-16 00:50:25,23118.6
23100,93887,88336,316052,194547,2026-09-16 00:50:25,23118.6
23150,275006,270881,114358,48587,2026-09-16 00:50:25,23118.6
23200,272804,254937,92267,-77549,2026-09-16 00:50:25,23118.6
23250,179516,157933,38843,-84828,2026-09-16 00:50:25,23118.6
23300,293111,250387,54650,-157693,2026-09-16 00:50:25,23118.6
23350,198328,165656,24801,-68804,2026-09-16 00:50:25,23118.6
23400,205556,110800,41089,-97214,2026-09-16 00:50:25,23118.6
23450,108817,46685,17366,-37222,2026-09-16 00:50:25,23118.6
23500,192916,49840,25181,-40136,2026-09-16 00:50:25,23118.6
23550,90133,15045,5923,-8236,2026-09-16 00:50:25,23118.6
23600,144400,22817,8361,-13035,2026-09-16 00:50:25,23118.6
23650,80347,3828,4025,-4118,2026-09-16 00:50:25,23118.6
23700,121461,-32999,11222,-11869,2026-09-16 00:50:25,23118.6
23750,65850,-17276,2282,-4500,2026-09-16 00:50:25,23118.6
23800,122462,-55907,10421,-5454,2026-09-16 00:50:25,23118.6
23850,49666,3331,1805,-1541,2026-09-16 00:50:25,23118.6
23900,96170,-10055,7927,-9214,2026-09-16 00:50:25,23118.6
23950,39181,-7440,1049,-740,2026-09-16 00:50:25,23118.6
24000,174733,-35551,8423,-11373,2026-09-16 00:50:25,23118.6
24050,50141,9785,1019,-113,2026-09-16 00:50:25,23118.6
24100,95287,5837,5082,-579,2026-09-16 00:50:25,23118.6
24150,49143,16634,804,-222,2026-09-16 00:50:25,23118.6
24200,132178,48242,4659,-1631,2026-09-16 00:50:25,23118.6
24250,47653,19957,512,-177,2026-09-16 00:50:25,23118.6
24300,95594,38665,2769,-348,2026-09-16 00:50:25,23118.6
24350,48946,32608,380,-212,2026-09-16 00:50:25,23118.6
24400,87627,10282,1364,-844,2026-09-16 00:50:25,23118.6
24450,16293,5491,146,-71,2026-09-16 00:50:25,23118.6
24500,145430,-10164,2239,-2647,2026-09-16 00:50:25,23118.6
24550,22718,8603,79,-226,2026-09-16 00:50:25,23118.6
24600,33125,-14269,464,-954,2026-09-16 00:50:25,23118.6
24650,25015,8283,97,-38,2026-09-16 00:50:25,23118.6
24700,28980,-8708,213,-173,2026-09-16 00:50:25,23118.6
24750,13953,-750,43,-16,2026-09-16 00:50:25,23118.6
24800,19687,-26860,231,-152,2026-09-16 00:50:25,23118.6
24850,12744,932,0,0,2026-09-16 00:50:25,23118.6
24900,13548,-1708,162,-45,2026-09-16 00:50:25,23118.6
24950,6960,-1384,0,0,2026-09-16 00:50:25,23118.6
25000,63296,-21077,399,-898,2026-09-16 00:50:25,23118.6
25050,7334,-38,1,0,2026-09-16 00:50:25,23118.6
25100,8705,-1359,45,-54,2026-09-16 00:50:25,23118.6
25150,4751,-847,5,0,2026-09-16 00:50:25,23118.6
25200,9738,-12845,10,-38,2026-09-16 00:50:25,23118.6
25250,7177,-5076,8,0,2026-09-16 00:50:25,23118.6
25300,6311,-6653,38,-21,2026-09-16 00:50:25,23118.6
25350,2167,-310,0,0,2026-09-16 00:50:25,23118.6
25400,5456,-2842,20,-4,2026-09-16 00:50:25,23118.6
25450,1677,-2500,22,0,2026-09-16 00:50:25,23118.6
25500,15165,-11606,253,-706,2026-09-16 00:50:25,23118.6
25550,2625,-645,8,0,2026-09-16 00:50:25,23118.6
25600,3072,-4337,4,0,2026-09-16 00:50:25,23118.6
25650,1591,698,9,0,2026-09-16 00:50:25,23118.6
25700,2542,-1714,0,0,2026-09-16 00:50:25,23118.6
25750,998,191,0,0,2026-09-16 00:50:25,23118.6
25800,11748,-844,7,-1,2026-09-16 00:50:25,23118.6
25850,1260,343,0,0,2026-09-16 00:50:25,23118.6
25900,3439,-1120,0,0,2026-09-16 00:50:25,23118.6
25950,1226,229,0,0,2026-09-16 00:50:25,23118.6
26000,16285,-7500,333,-591,2026-09-16 00:50:25,23118.6
26050,1446,308,0,0,2026-09-16 00:50:25,23118.6
26100,1968,-413,0,0,2026-09-16 00:50:25,23118.6
26150,1817,369,0,0,2026-09-16 00:50:25,23118.6
26200,6776,487,0,0,2026-09-16 00:50:25,23118.6
21650,0,0,3083,0,2026-09-16 00:53:29,23118.6
21700,0,0,42768,-49899,2026-09-16 00:53:29,23118.6
21750,0,0,10012,-5594,2026-09-16 00:53:29,23118.6
21800,0,0,14224,-21702,2026-09-16 00:53:29,23118.6
21850,0,0,3126,-1416,2026-09-16 00:53:29,23118.6
21900,0,0,19664,-28292,2026-09-16 00:53:29,23118.6
21950,0,0,7912,-7492,2026-09-16 00:53:29,23118.6
22000,33,-3,54105,-67658,2026-09-16 00:53:29,23118.6
22050,0,0,8817,-2275,2026-09-16 00:53:29,23118.6
22100,0,0,20682,-25866,2026-09-16 00:53:29,23118.6
22150,0,0,7815,-5747,2026-09-16 00:53:29,23118.6
22200,0,0,37094,-30259,2026-09-16 00:53:29,23118.6
22250,0,0,12229,-9197,2026-09-16 00:53:29,23118.6
22300,37,-8,27918,-14372,2026-09-16 00:53:29,23118.6
22350,0,0,10610,-835,2026-09-16 00:53:29,23118.6
22400,10,-1,35390,-41003,2026-09-16 00:53:29,23118.6
22450,0,0,15321,1444,2026-09-16 00:53:29,23118.6
22500,358,29,139356,-6442,2026-09-16 00:53:29,23118.6
22550,0,0,19535,-2323,2026-09-16 00:53:29,23118.6
22600,144,49,67225,10788,2026-09-16 00:53:29,23118.6
22650,45,27,22560,2354,2026-09-16 00:53:29,23118.6
22700,706,44,81040,3890,2026-09-16 00:53:29,23118.6
22750,373,74,37617,-1555,2026-09-16 00:53:29,23118.6
22800,1607,266,109718,11346,2026-09-16 00:53:29,23118.6
22850,1246,747,46325,-5529,2026-09-16 00:53:29,23118.6
22900,2345,874,94572,-9847,2026-09-16 00:53:29,23118.6
22950,3969,3002,70064,15637,2026-09-16 00:53:29,23118.6
23000,16377,10400,172071,-18070,2026-09-16 00:53:29,23118.6
23050,25714,23784,143596,94162,2026-09-16 00:53:29,23118.6
23100,93887,88336,316052,194547,2026-09-16 00:53:29,23118.6
23150,275006,270881,114358,48587,2026-09-16 00:53:29,23118.6
23200,272804,254937,92267,-77549,2026-09-16 00:53:29,23118.6
23250,179516,157933,38843,-84828,2026-09-16 00:53:29,23118.6
23300,293111,250387,54650,-157693,2026-09-16 00:53:29,23118.6
23350,198328,165656,24801,-68804,2026-09-16 00:53:29,23118.6
23400,205556,110800,41089,-97214,2026-09-16 00:53:29,23118.6
23450,108817,46685,17366,-37222,2026-09-16 00:53:29,23118.6
23500,192916,49840,25181,-40136,2026-09-16 00:53:29,23118.6
23550,90133,15045,5923,-8236,2026-09-16 00:53:29,23118.6
23600,144400,22817,8361,-13035,2026-09-16 00:53:29,23118.6
23650,80347,3828,4025,-4118,2026-09-16 00:53:29,23118.6
23700,121461,-32999,11222,-11869,2026-09-16 00:53:29,23118.6
23750,65850,-17276,2282,-4500,2026-09-16 00:53:29,23118.6
23800,122462,-55907,10421,-5454,2026-09-16 00:53:29,23118.6
23850,49666,3331,1805,-1541,2026-09-16 00:53:29,23118.6
23900,96170,-10055,7927,-9214,2026-09-16 00:53:29,23118.6
23950,39181,-7440,1049,-740,2026-09-16 00:53:29,23118.6
24000,174733,-35551,8423,-11373,2026-09-16 00:53:29,23118.6
24050,50141,9785,1019,-113,2026-09-16 00:53:29,23118.6
24100,95287,5837,5082,-579,2026-09-16 00:53:29,23118.6
24150,49143,16634,804,-222,2026-09-16 00:53:29,23118.6
24200,132178,48242,4659,-1631,2026-09-16 00:53:29,23118.6
24250,47653,19957,512,-177,2026-09-16 00:53:29,23118.6
24300,95594,38665,2769,-348,2026-09-16 00:53:29,23118.6
24350,48946,32608,380,-212,2026-09-16 00:53:29,23118.6
24400,87627,10282,1364,-844,2026-09-16 00:53:29,23118.6
24450,16293,5491,146,-71,2026-09-16 00:53:29,23118.6
24500,145430,-10164,2239,-2647,2026-09-16 00:53:29,23118.6
24550,22718,8603,79,-226,2026-09-16 00:53:29,23118.6
24600,33125,-14269,464,-954,2026-09-16 00:53:29,23118.6
24650,25015,8283,97,-38,2026-09-16 00:53:29,23118.6
24700,28980,-8708,213,-173,2026-09-16 00:53:29,23118.6
24750,13953,-750,43,-16,2026-09-16 00:53:29,23118.6
24800,19687,-26860,231,-152,2026-09-16 00:53:29,23118.6
24850,12744,932,0,0,2026-09-16 00:53:29,23118.6
24900,13548,-1708,162,-45,2026-09-16 00:53:29,23118.6
24950,6960,-1384,0,0,2026-09-16 00:53:29,23118.6
25000,63296,-21077,399,-898,2026-09-16 00:53:29,23118.6
25050,7334,-38,1,0,2026-09-16 00:53:29,23118.6
25100,8705,-1359,45,-54,2026-09-16 00:53:29,23118.6
25150,4751,-847,5,0,2026-09-16 00:53:29,23118.6
25200,9738,-12845,10,-38,2026-09-16 00:53:29,23118.6
25250,7177,-5076,8,0,2026-09-16 00:53:29,23118.6
25300,6311,-6653,38,-21,2026-09-16 00:53:29,23118.6
25350,2167,-310,0,0,2026-09-16 00:53:29,23118.6
25400,5456,-2842,20,-4,2026-09-16 00:53:29,23118.6
25450,1677,-2500,22,0,2026-09-16 00:53:29,23118.6
25500,15165,-11606,253,-706,2026-09-16 00:53:29,23118.6
25550,2625,-645,8,0,2026-09-16 00:53:29,23118.6
25600,3072,-4337,4,0,2026-09-16 00:53:29,23118.6
25650,1591,698,9,0,2026-09-16 00:53:29,23118.6
25700,2542,-1714,0,0,2026-09-16 00:53:29,23118.6
25750,998,191,0,0,2026-09-16 00:53:29,23118.6
25800,11748,-844,7,-1,2026-09-16 00:53:29,23118.6
25850,1260,343,0,0,2026-09-16 00:53:29,23118.6
25900,3439,-1120,0,0,2026-09-16 00:53:29,23118.6
25950,1226,229,0,0,2026-09-16 00:53:29,23118.6
26000,16285,-7500,333,-591,2026-09-16 00:53:29,23118.6
26050,1446,308,0,0,2026-09-16 00:53:29,23118.6
26100,1968,-413,0,0,2026-09-16 00:53:29,23118.6
26150,1817,369,0,0,2026-09-16 00:53:29,23118.6
26200,6776,487,0,0,2026-09-16 00:53:29,23118.6
21650,0,0,3083,0,2026-09-16 00:56:33,23118.6
21700,0,0,42768,-49899,2026-09-16 00:56:33,23118.6
21750,0,0,10012,-5594,2026-09-16 00:56:33,23118.6
21800,0,0,14224,-21702,2026-09-16 00:56:33,23118.6
21850,0,0,3126,-1416,2026-09-16 00:56:33,23118.6
21900,0,0,19664,-28292,2026-09-16 00:56:33,23118.6
21950,0,0,7912,-7492,2026-09-16 00:56:33,23118.6
22000,33,-3,54105,-67658,2026-09-16 00:56:33,23118.6
22050,0,0,8817,-2275,2026-09-16 00:56:33,23118.6
22100,0,0,20682,-25866,2026-09-16 00:56:33,23118.6
22150,0,0,7815,-5747,2026-09-16 00:56:33,23118.6
22200,0,0,37094,-30259,2026-09-16 00:56:33,23118.6
22250,0,0,12229,-9197,2026-09-16 00:56:33,23118.6
22300,37,-8,27918,-14372,2026-09-16 00:56:33,23118.6
22350,0,0,10610,-835,2026-09-16 00:56:33,23118.6
22400,10,-1,35390,-41003,2026-09-16 00:56:33,23118.6
22450,0,0,15321,1444,2026-09-16 00:56:33,23118.6
22500,358,29,139356,-6442,2026-09-16 00:56:33,23118.6
22550,0,0,19535,-2323,2026-09-16 00:56:33,23118.6
22600,144,49,67225,10788,2026-09-16 00:56:33,23118.6
22650,45,27,22560,2354,2026-09-16 00:56:33,23118.6
22700,706,44,81040,3890,2026-09-16 00:56:33,23118.6
22750,373,74,37617,-1555,2026-09-16 00:56:33,23118.6
22800,1607,266,109718,11346,2026-09-16 00:56:33,23118.6
22850,1246,747,46325,-5529,2026-09-16 00:56:33,23118.6
22900,2345,874,94572,-9847,2026-09-16 00:56:33,23118.6
22950,3969,3002,70064,15637,2026-09-16 00:56:33,23118.6
23000,16377,10400,172071,-18070,2026-09-16 00:56:33,23118.6
23050,25714,23784,143596,94162,2026-09-16 00:56:33,23118.6
23100,93887,88336,316052,194547,2026-09-16 00:56:33,23118.6
23150,275006,270881,114358,48587,2026-09-16 00:56:33,23118.6
23200,272804,254937,92267,-77549,2026-09-16 00:56:33,23118.6
23250,179516,157933,38843,-84828,2026-09-16 00:56:33,23118.6
23300,293111,250387,54650,-157693,2026-09-16 00:56:33,23118.6
23350,198328,165656,24801,-68804,2026-09-16 00:56:33,23118.6
23400,205556,110800,41089,-97214,2026-09-16 00:56:33,23118.6
23450,108817,46685,17366,-37222,2026-09-16 00:56:33,23118.6
23500,192916,49840,25181,-40136,2026-09-16 00:56:33,23118.6
23550,90133,15045,5923,-8236,2026-09-16 00:56:33,23118.6
23600,144400,22817,8361,-13035,2026-09-16 00:56:33,23118.6
23650,80347,3828,4025,-4118,2026-09-16 00:56:33,23118.6
23700,121461,-32999,11222,-11869,2026-09-16 00:56:33,23118.6
23750,65850,-17276,2282,-4500,2026-09-16 00:56:33,23118.6
23800,122462,-55907,10421,-5454,2026-09-16 00:56:33,23118.6
23850,49666,3331,1805,-1541,2026-09-16 00:56:33,23118.6
23900,96170,-10055,7927,-9214,2026-09-16 00:56:33,23118.6
23950,39181,-7440,1049,-740,2026-09-16 00:56:33,23118.6
24000,174733,-35551,8423,-11373,2026-09-16 00:56:33,23118.6
24050,50141,9785,1019,-113,2026-09-16 00:56:33,23118.6
24100,95287,5837,5082,-579,2026-09-16 00:56:33,23118.6
24150,49143,16634,804,-222,2026-09-16 00:56:33,23118.6
24200,132178,48242,4659,-1631,2026-09-16 00:56:33,23118.6
24250,47653,19957,512,-177,2026-09-16 00:56:33,23118.6
24300,95594,38665,2769,-348,2026-09-16 00:56:33,23118.6
24350,48946,32608,380,-212,2026-09-16 00:56:33,23118.6
24400,87627,10282,1364,-844,2026-09-16 00:56:33,23118.6
24450,16293,5491,146,-71,2026-09-16 00:56:33,23118.6
24500,145430,-10164,2239,-2647,2026-09-16 00:56:33,23118.6
24550,22718,8603,79,-226,2026-09-16 00:56:33,23118.6
24600,33125,-14269,464,-954,2026-09-16 00:56:33,23118.6
24650,25015,8283,97,-38,2026-09-16 00:56:33,23118.6
24700,28980,-8708,213,-173,2026-09-16 00:56:33,23118.6
24750,13953,-750,43,-16,2026-09-16 00:56:33,23118.6
24800,19687,-26860,231,-152,2026-09-16 00:56:33,23118.6
24850,12744,932,0,0,2026-09-16 00:56:33,23118.6
24900,13548,-1708,162,-45,2026-09-16 00:56:33,23118.6
24950,6960,-1384,0,0,2026-09-16 00:56:33,23118.6
25000,63296,-21077,399,-898,2026-09-16 00:56:33,23118.6
25050,7334,-38,1,0,2026-09-16 00:56:33,23118.6
25100,8705,-1359,45,-54,2026-09-16 00:56:33,23118.6
25150,4751,-847,5,0,2026-09-16 00:56:33,23118.6
25200,9738,-12845,10,-38,2026-09-16 00:56:33,23118.6
25250,7177,-5076,8,0,2026-09-16 00:56:33,23118.6
25300,6311,-6653,38,-21,2026-09-16 00:56:33,23118.6
25350,2167,-310,0,0,2026-09-16 00:56:33,23118.6
25400,5456,-2842,20,-4,2026-09-16 00:56:33,23118.6
25450,1677,-2500,22,0,2026-09-16 00:56:33,23118.6
25500,15165,-11606,253,-706,2026-09-16 00:56:33,23118.6
25550,2625,-645,8,0,2026-09-16 00:56:33,23118.6
25600,3072,-4337,4,0,2026-09-16 00:56:33,23118.6
25650,1591,698,9,0,2026-09-16 00:56:33,23118.6
25700,2542,-1714,0,0,2026-09-16 00:56:33,23118.6
25750,998,191,0,0,2026-09-16 00:56:33,23118.6
25800,11748,-844,7,-1,2026-09-16 00:56:33,23118.6
25850,1260,343,0,0,2026-09-16 00:56:33,23118.6
25900,3439,-1120,0,0,2026-09-16 00:56:33,23118.6
25950,1226,229,0,0,2026-09-16 00:56:33,23118.6
26000,16285,-7500,333,-591,2026-09-16 00:56:33,23118.6
26050,1446,308,0,0,2026-09-16 00:56:33,23118.6
26100,1968,-413,0,0,2026-09-16 00:56:33,23118.6
26150,1817,369,0,0,2026-09-16 00:56:33,23118.6
26200,6776,487,0,0,2026-09-16 00:56:33,23118.6
21650,0,0,3083,0,2026-09-16 00:56:44,23118.6
21700,0,0,42768,-49899,2026-09-16 00:56:44,23118.6
21750,0,0,10012,-5594,2026-09-16 00:56:44,23118.6
21800,0,0,14224,-21702,2026-09-16 00:56:44,23118.6
21850,0,0,3126,-1416,2026-09-16 00:56:44,23118.6
21900,0,0,19664,-28292,2026-09-16 00:56:44,23118.6
21950,0,0,7912,-7492,2026-09-16 00:56:44,23118.6
22000,33,-3,54105,-67658,2026-09-16 00:56:44,23118.6
22050,0,0,8817,-2275,2026-09-16 00:56:44,23118.6
22100,0,0,20682,-25866,2026-09-16 00:56:44,23118.6
22150,0,0,7815,-5747,2026-09-16 00:56:44,23118.6
22200,0,0,37094,-30259,2026-09-16 00:56:44,23118.6
22250,0,0,12229,-9197,2026-09-16 00:56:44,23118.6
22300,37,-8,27918,-14372,2026-09-16 00:56:44,23118.6
22350,0,0,10610,-835,2026-09-16 00:56:44,23118.6
22400,10,-1,35390,-41003,2026-09-16 00:56:44,23118.6
22450,0,0,15321,1444,2026-09-16 00:56:44,23118.6
22500,358,29,139356,-6442,2026-09-16 00:56:44,23118.6
22550,0,0,19535,-2323,2026-09-16 00:56:44,23118.6
22600,144,49,67225,10788,2026-09-16 00:56:44,23118.6
22650,45,27,22560,2354,2026-09-16 00:56:44,23118.6
22700,706,44,81040,3890,2026-09-16 00:56:44,23118.6
22750,373,74,37617,-1555,2026-09-16 00:56:44,23118.6
22800,1607,266,109718,11346,2026-09-16 00:56:44,23118.6
22850,1246,747,46325,-5529,2026-09-16 00:56:44,23118.6
22900,2345,874,94572,-9847,2026-09-16 00:56:44,23118.6
22950,3969,3002,70064,15637,2026-09-16 00:56:44,23118.6
23000,16377,10400,172071,-18070,2026-09-16 00:56:44,23118.6
23050,25714,23784,143596,94162,2026-09-16 00:56:44,23118.6
23100,93887,88336,316052,194547,2026-09-16 00:56:44,23118.6
23150,275006,270881,114358,48587,2026-09-16 00:56:44,23118.6
23200,272804,254937,92267,-77549,2026-09-16 00:56:44,23118.6
23250,179516,157933,38843,-84828,2026-09-16 00:56:44,23118.6
23300,293111,250387,54650,-157693,2026-09-16 00:56:44,23118.6
23350,198328,165656,24801,-68804,2026-09-16 00:56:44,23118.6
23400,205556,110800,41089,-97214,2026-09-16 00:56:44,23118.6
23450,108817,46685,17366,-37222,2026-09-16 00:56:44,23118.6
23500,192916,49840,25181,-40136,2026-09-16 00:56:44,23118.6
23550,90133,15045,5923,-8236,2026-09-16 00:56:44,23118.6
23600,144400,22817,8361,-13035,2026-09-16 00:56:44,23118.6
23650,80347,3828,4025,-4118,2026-09-16 00:56:44,23118.6
23700,121461,-32999,11222,-11869,2026-09-16 00:56:44,23118.6
23750,65850,-17276,2282,-4500,2026-09-16 00:56:44,23118.6
23800,122462,-55907,10421,-5454,2026-09-16 00:56:44,23118.6
23850,49666,3331,1805,-1541,2026-09-16 00:56:44,23118.6
23900,96170,-10055,7927,-9214,2026-09-16 00:56:44,23118.6
23950,39181,-7440,1049,-740,2026-09-16 00:56:44,23118.6
24000,174733,-35551,8423,-11373,2026-09-16 00:56:44,23118.6
24050,50141,9785,1019,-113,2026-09-16 00:56:44,23118.6
24100,95287,5837,5082,-579,2026-09-16 00:56:44,23118.6
24150,49143,16634,804,-222,2026-09-16 00:56:44,23118.6
24200,132178,48242,4659,-1631,2026-09-16 00:56:44,23118.6
24250,47653,19957,512,-177,2026-09-16 00:56:44,23118.6
24300,95594,38665,2769,-348,2026-09-16 00:56:44,23118.6
24350,48946,32608,380,-212,2026-09-16 00:56:44,23118.6
24400,87627,10282,1364,-844,2026-09-16 00:56:44,23118.6
24450,16293,5491,146,-71,2026-09-16 00:56:44,23118.6
24500,145430,-10164,2239,-2647,2026-09-16 00:56:44,23118.6
24550,22718,8603,79,-226,2026-09-16 00:56:44,23118.6
24600,33125,-14269,464,-954,2026-09-16 00:56:44,23118.6
24650,25015,8283,97,-38,2026-09-16 00:56:44,23118.6
24700,28980,-8708,213,-173,2026-09-16 00:56:44,23118.6
24750,13953,-750,43,-16,2026-09-16 00:56:44,23118.6
24800,19687,-26860,231,-152,2026-09-16 00:56:44,23118.6
24850,12744,932,0,0,2026-09-16 00:56:44,23118.6
24900,13548,-1708,162,-45,2026-09-16 00:56:44,23118.6
24950,6960,-1384,0,0,2026-09-16 00:56:44,23118.6
25000,63296,-21077,399,-898,2026-09-16 00:56:44,23118.6
25050,7334,-38,1,0,2026-09-16 00:56:44,23118.6
25100,8705,-1359,45,-54,2026-09-16 00:56:44,23118.6
25150,4751,-847,5,0,2026-09-16 00:56:44,23118.6
25200,9738,-12845,10,-38,2026-09-16 00:56:44,23118.6
25250,7177,-5076,8,0,2026-09-16 00:56:44,23118.6
25300,6311,-6653,38,-21,2026-09-16 00:56:44,23118.6
25350,2167,-310,0,0,2026-09-16 00:56:44,23118.6
25400,5456,-2842,20,-4,2026-09-16 00:56:44,23118.6
25450,1677,-2500,22,0,2026-09-16 00:56:44,23118.6
25500,15165,-11606,253,-706,2026-09-16 00:56:44,23118.6
25550,2625,-645,8,0,2026-09-16 00:56:44,23118.6
25600,3072,-4337,4,0,2026-09-16 00:56:44,23118.6
25650,1591,698,9,0,2026-09-16 00:56:44,23118.6
25700,2542,-1714,0,0,2026-09-16 00:56:44,23118.6
25750,998,191,0,0,2026-09-16 00:56:44,23118.6
25800,11748,-844,7,-1,2026-09-16 00:56:44,23118.6
25850,1260,343,0,0,2026-09-16 00:56:44,23118.6
25900,3439,-1120,0,0,2026-09-16 00:56:44,23118.6
25950,1226,229,0,0,2026-09-16 00:56:44,23118.6
26000,16285,-7500,333,-591,2026-09-16 00:56:44,23118.6
26050,1446,308,0,0,2026-09-16 00:56:44,23118.6
26100,1968,-413,0,0,2026-09-16 00:56:44,23118.6
26150,1817,369,0,0,2026-09-16 00:56:44,23118.6
26200,6776,487,0,0,2026-09-16 00:56:44,23118.6
21650,0,0,3083,0,2026-09-16 00:57:35,23118.6
21700,0,0,42768,-49899,2026-09-16 00:57:35,23118.6
21750,0,0,10012,-5594,2026-09-16 00:57:35,23118.6
21800,0,0,14224,-21702,2026-09-16 00:57:35,23118.6
21850,0,0,3126,-1416,2026-09-16 00:57:35,23118.6
21900,0,0,19664,-28292,2026-09-16 00:57:35,23118.6
21950,0,0,7912,-7492,2026-09-16 00:57:35,23118.6
22000,33,-3,54105,-67658,2026-09-16 00:57:35,23118.6
22050,0,0,8817,-2275,2026-09-16 00:57:35,23118.6
22100,0,0,20682,-25866,2026-09-16 00:57:35,23118.6
22150,0,0,7815,-5747,2026-09-16 00:57:35,23118.6
22200,0,0,37094,-30259,2026-09-16 00:57:35,23118.6
22250,0,0,12229,-9197,2026-09-16 00:57:35,23118.6
22300,37,-8,27918,-14372,2026-09-16 00:57:35,23118.6
22350,0,0,10610,-835,2026-09-16 00:57:35,23118.6
22400,10,-1,35390,-41003,2026-09-16 00:57:35,23118.6
22450,0,0,15321,1444,2026-09-16 00:57:35,23118.6
22500,358,29,139356,-6442,2026-09-16 00:57:35,23118.6
22550,0,0,19535,-2323,2026-09-16 00:57:35,23118.6
22600,144,49,67225,10788,2026-09-16 00:57:35,23118.6
22650,45,27,22560,2354,2026-09-16 00:57:35,23118.6
22700,706,44,81040,3890,2026-09-16 00:57:35,23118.6
22750,373,74,37617,-1555,2026-09-16 00:57:35,23118.6
22800,1607,266,109718,11346,2026-09-16 00:57:35,23118.6
22850,1246,747,46325,-5529,2026-09-16 00:57:35,23118.6
22900,2345,874,94572,-9847,2026-09-16 00:57:35,23118.6
22950,3969,3002,70064,15637,2026-09-16 00:57:35,23118.6
23000,16377,10400,172071,-18070,2026-09-16 00:57:35,23118.6
23050,25714,23784,143596,94162,2026-09-16 00:57:35,23118.6
23100,93887,88336,316052,194547,2026-09-16 00:57:35,23118.6
23150,275006,270881,114358,48587,2026-09-16 00:57:35,23118.6
23200,272804,254937,92267,-77549,2026-09-16 00:57:35,23118.6
23250,179516,157933,38843,-84828,2026-09-16 00:57:35,23118.6
23300,293111,250387,54650,-157693,2026-09-16 00:57:35,23118.6
23350,198328,165656,24801,-68804,2026-09-16 00:57:35,23118.6
23400,205556,110800,41089,-97214,2026-09-16 00:57:35,23118.6
23450,108817,46685,17366,-37222,2026-09-16 00:57:35,23118.6
23500,192916,49840,25181,-40136,2026-09-16 00:57:35,23118.6
23550,90133,15045,5923,-8236,2026-09-16 00:57:35,23118.6
23600,144400,22817,8361,-13035,2026-09-16 00:57:35,23118.6
23650,80347,3828,4025,-4118,2026-09-16 00:57:35,23118.6
23700,121461,-32999,11222,-11869,2026-09-16 00:57:35,23118.6
23750,65850,-17276,2282,-4500,2026-09-16 00:57:35,23118.6
23800,122462,-55907,10421,-5454,2026-09-16 00:57:35,23118.6
23850,49666,3331,1805,-1541,2026-09-16 00:57:35,23118.6
23900,96170,-10055,7927,-9214,2026-09-16 00:57:35,23118.6
23950,39181,-7440,1049,-740,2026-09-16 00:57:35,23118.6
24000,174733,-35551,8423,-11373,2026-09-16 00:57:35,23118.6
24050,50141,9785,1019,-113,2026-09-16 00:57:35,23118.6
24100,95287,5837,5082,-579,2026-09-16 00:57:35,23118.6
24150,49143,16634,804,-222,2026-09-16 00:57:35,23118.6
24200,132178,48242,4659,-1631,2026-09-16 00:57:35,23118.6
24250,47653,19957,512,-177,2026-09-16 00:57:35,23118.6
24300,95594,38665,2769,-348,2026-09-16 00:57:35,23118.6
24350,48946,32608,380,-212,2026-09-16 00:57:35,23118.6
24400,87627,10282,1364,-844,2026-09-16 00:57:35,23118.6
24450,16293,5491,146,-71,2026-09-16 00:57:35,23118.6
24500,145430,-10164,2239,-2647,2026-09-16 00:57:35,23118.6
24550,22718,8603,79,-226,2026-09-16 00:57:35,23118.6
24600,33125,-14269,464,-954,2026-09-16 00:57:35,23118.6
24650,25015,8283,97,-38,2026-09-16 00:57:35,23118.6
24700,28980,-8708,213,-173,2026-09-16 00:57:35,23118.6
24750,13953,-750,43,-16,2026-09-16 00:57:35,23118.6
24800,19687,-26860,231,-152,2026-09-16 00:57:35,23118.6
24850,12744,932,0,0,2026-09-16 00:57:35,23118.6
24900,13548,-1708,162,-45,2026-09-16 00:57:35,23118.6
24950,6960,-1384,0,0,2026-09-16 00:57:35,23118.6
25000,63296,-21077,399,-898,2026-09-16 00:57:35,23118.6
25050,7334,-38,1,0,2026-09-16 00:57:35,23118.6
25100,8705,-1359,45,-54,2026-09-16 00:57:35,23118.6
25150,4751,-847,5,0,2026-09-16 00:57:35,23118.6
25200,9738,-12845,10,-38,2026-09-16 00:57:35,23118.6
25250,7177,-5076,8,0,2026-09-16 00:57:35,23118.6
25300,6311,-6653,38,-21,2026-09-16 00:57:35,23118.6
25350,2167,-310,0,0,2026-09-16 00:57:35,23118.6
25400,5456,-2842,20,-4,2026-09-16 00:57:35,23118.6
25450,1677,-2500,22,0,2026-09-16 00:57:35,23118.6
25500,15165,-11606,253,-706,2026-09-16 00:57:35,23118.6
25550,2625,-645,8,0,2026-09-16 00:57:35,23118.6
25600,3072,-4337,4,0,2026-09-16 00:57:35,23118.6
25650,1591,698,9,0,2026-09-16 00:57:35,23118.6
25700,2542,-1714,0,0,2026-09-16 00:57:35,23118.6
25750,998,191,0,0,2026-09-16 00:57:35,23118.6
25800,11748,-844,7,-1,2026-09-16 00:57:35,23118.6
25850,1260,343,0,0,2026-09-16 00:57:35,23118.6
25900,3439,-1120,0,0,2026-09-16 00:57:35,23118.6
25950,1226,229,0,0,2026-09-16 00:57:35,23118.6
26000,16285,-7500,333,-591,2026-09-16 00:57:35,23118.6
26050,1446,308,0,0,2026-09-16 00:57:35,23118.6
26100,1968,-413,0,0,2026-09-16 00:57:35,23118.6
26150,1817,369,0,0,2026-09-16 00:57:35,23118.6
26200,6776,487,0,0,2026-09-16 00:57:35,23118.6
21650,0,0,3083,0,2026-09-16 00:57:38,23118.6
21700,0,0,42768,-49899,2026-09-16 00:57:38,23118.6
21750,0,0,10012,-5594,2026-09-16 00:57:38,23118.6
21800,0,0,14224,-21702,2026-09-16 00:57:38,23118.6
21850,0,0,3126,-1416,2026-09-16 00:57:38,23118.6
21900,0,0,19664,-28292,2026-09-16 00:57:38,23118.6
21950,0,0,7912,-7492,2026-09-16 00:57:38,23118.6
22000,33,-3,54105,-67658,2026-09-16 00:57:38,23118.6
22050,0,0,8817,-2275,2026-09-16 00:57:38,23118.6
22100,0,0,20682,-25866,2026-09-16 00:57:38,23118.6
22150,0,0,7815,-5747,2026-09-16 00:57:38,23118.6
22200,0,0,37094,-30259,2026-09-16 00:57:38,23118.6
22250,0,0,12229,-9197,2026-09-16 00:57:38,23118.6
22300,37,-8,27918,-14372,2026-09-16 00:57:38,23118.6
22350,0,0,10610,-835,2026-09-16 00:57:38,23118.6
22400,10,-1,35390,-41003,2026-09-16 00:57:38,23118.6
22450,0,0,15321,1444,2026-09-16 00:57:38,23118.6
22500,358,29,139356,-6442,2026-09-16 00:57:38,23118.6
22550,0,0,19535,-2323,2026-09-16 00:57:38,23118.6
22600,144,49,67225,10788,2026-09-16 00:57:38,23118.6
22650,45,27,22560,2354,2026-09-16 00:57:38,23118.6
22700,706,44,81040,3890,2026-09-16 00:57:38,23118.6
22750,373,74,37617,-1555,2026-09-16 00:57:38,23118.6
22800,1607,266,109718,11346,2026-09-16 00:57:38,23118.6
22850,1246,747,46325,-5529,2026-09-16 00:57:38,23118.6
22900,2345,874,94572,-9847,2026-09-16 00:57:38,23118.6
22950,3969,3002,70064,15637,2026-09-16 00:57:38,23118.6
23000,16377,10400,172071,-18070,2026-09-16 00:57:38,23118.6
23050,25714,23784,143596,94162,2026-09-16 00:57:38,23118.6
23100,93887,88336,316052,194547,2026-09-16 00:57:38,23118.6
23150,275006,270881,114358,48587,2026-09-16 00:57:38,23118.6
23200,272804,254937,92267,-77549,2026-09-16 00:57:38,23118.6
23250,179516,157933,38843,-84828,2026-09-16 00:57:38,23118.6
23300,293111,250387,54650,-157693,2026-09-16 00:57:38,23118.6
23350,198328,165656,24801,-68804,2026-09-16 00:57:38,23118.6
23400,205556,110800,41089,-97214,2026-09-16 00:57:38,23118.6
23450,108817,46685,17366,-37222,2026-09-16 00:57:38,23118.6
23500,192916,49840,25181,-40136,2026-09-16 00:57:38,23118.6
23550,90133,15045,5923,-8236,2026-09-16 00:57:38,23118.6
23600,144400,22817,8361,-13035,2026-09-16 00:57:38,23118.6
23650,80347,3828,4025,-4118,2026-09-16 00:57:38,23118.6
23700,121461,-32999,11222,-11869,2026-09-16 00:57:38,23118.6
23750,65850,-17276,2282,-4500,2026-09-16 00:57:38,23118.6
23800,122462,-55907,10421,-5454,2026-09-16 00:57:38,23118.6
23850,49666,3331,1805,-1541,2026-09-16 00:57:38,23118.6
23900,96170,-10055,7927,-9214,2026-09-16 00:57:38,23118.6
23950,39181,-7440,1049,-740,2026-09-16 00:57:38,23118.6
24000,174733,-35551,8423,-11373,2026-09-16 00:57:38,23118.6
24050,50141,9785,1019,-113,2026-09-16 00:57:38,23118.6
24100,95287,5837,5082,-579,2026-09-16 00:57:38,23118.6
24150,49143,16634,804,-222,2026-09-16 00:57:38,23118.6
24200,132178,48242,4659,-1631,2026-09-16 00:57:38,23118.6
24250,47653,19957,512,-177,2026-09-16 00:57:38,23118.6
24300,95594,38665,2769,-348,2026-09-16 00:57:38,23118.6
24350,48946,32608,380,-212,2026-09-16 00:57:38,23118.6
24400,87627,10282,1364,-844,2026-09-16 00:57:38,23118.6
24450,16293,5491,146,-71,2026-09-16 00:57:38,23118.6
24500,145430,-10164,2239,-2647,2026-09-16 00:57:38,23118.6
24550,22718,8603,79,-226,2026-09-16 00:57:38,23118.6
24600,33125,-14269,464,-954,2026-09-16 00:57:38,23118.6
24650,25015,8283,97,-38,2026-09-16 00:57:38,23118.6
24700,28980,-8708,213,-173,2026-09-16 00:57:38,23118.6
24750,13953,-750,43,-16,2026-09-16 00:57:38,23118.6
24800,19687,-26860,231,-152,2026-09-16 00:57:38,23118.6
24850,12744,932,0,0,2026-09-16 00:57:38,23118.6
24900,13548,-1708,162,-45,2026-09-16 00:57:38,23118.6
24950,6960,-1384,0,0,2026-09-16 00:57:38,23118.6
25000,63296,-21077,399,-898,2026-09-16 00:57:38,23118.6
25050,7334,-38,1,0,2026-09-16 00:57:38,23118.6
25100,8705,-1359,45,-54,2026-09-16 00:57:38,23118.6
25150,4751,-847,5,0,2026-09-16 00:57:38,23118.6
25200,9738,-12845,10,-38,2026-09-16 00:57:38,23118.6
25250,7177,-5076,8,0,2026-09-16 00:57:38,23118.6
25300,6311,-6653,38,-21,2026-09-16 00:57:38,23118.6
25350,2167,-310,0,0,2026-09-16 00:57:38,23118.6
25400,5456,-2842,20,-4,2026-09-16 00:57:38,23118.6
25450,1677,-2500,22,0,2026-09-16 00:57:38,23118.6
25500,15165,-11606,253,-706,2026-09-16 00:57:38,23118.6
25550,2625,-645,8,0,2026-09-16 00:57:38,23118.6
25600,3072,-4337,4,0,2026-09-16 00:57:38,23118.6
25650,1591,698,9,0,2026-09-16 00:57:38,23118.6
25700,2542,-1714,0,0,2026-09-16 00:57:38,23118.6
25750,998,191,0,0,2026-09-16 00:57:38,23118.6
25800,11748,-844,7,-1,2026-09-16 00:57:38,23118.6
25850,1260,343,0,0,2026-09-16 00:57:38,23118.6
25900,3439,-1120,0,0,2026-09-16 00:57:38,23118.6
25950,1226,229,0,0,2026-09-16 00:57:38,23118.6
26000,16285,-7500,333,-591,2026-09-16 00:57:38,23118.6
26050,1446,308,0,0,2026-09-16 00:57:38,23118.6
26100,1968,-413,0,0,2026-09-16 00:57:38,23118.6
26150,1817,369,0,0,2026-09-16 00:57:38,23118.6
26200,6776,487,0,0,2026-09-16 00:57:38,23118.6
21650,0,0,3083,0,2026-09-16 00:59:51,23118.6
21700,0,0,42768,-49899,2026-09-16 00:59:51,23118.6
21750,0,0,10012,-5594,2026-09-16 00:59:51,23118.6
21800,0,0,14224,-21702,2026-09-16 00:59:51,23118.6
21850,0,0,3126,-1416,2026-09-16 00:59:51,23118.6
21900,0,0,19664,-28292,2026-09-16 00:59:51,23118.6
21950,0,0,7912,-7492,2026-09-16 00:59:51,23118.6
22000,33,-3,54105,-67658,2026-09-16 00:59:51,23118.6
22050,0,0,8817,-2275,2026-09-16 00:59:51,23118.6
22100,0,0,20682,-25866,2026-09-16 00:59:51,23118.6
22150,0,0,7815,-5747,2026-09-16 00:59:51,23118.6
22200,0,0,37094,-30259,2026-09-16 00:59:51,23118.6
22250,0,0,12229,-9197,2026-09-16 00:59:51,23118.6
22300,37,-8,27918,-14372,2026-09-16 00:59:51,23118.6
22350,0,0,10610,-835,2026-09-16 00:59:51,23118.6
22400,10,-1,35390,-41003,2026-09-16 00:59:51,23118.6
22450,0,0,15321,1444,2026-09-16 00:59:51,23118.6
22500,358,29,139356,-6442,2026-09-16 00:59:51,23118.6
22550,0,0,19535,-2323,2026-09-16 00:59:51,23118.6
22600,144,49,67225,10788,2026-09-16 00:59:51,23118.6
22650,45,27,22560,2354,2026-09-16 00:59:51,23118.6
22700,706,44,81040,3890,2026-09-16 00:59:51,23118.6
22750,373,74,37617,-1555,2026-09-16 00:59:51,23118.6
22800,1607,266,109718,11346,2026-09-16 00:59:51,23118.6
22850,1246,747,46325,-5529,2026-09-16 00:59:51,23118.6
22900,2345,874,94572,-9847,2026-09-16 00:59:51,23118.6
22950,3969,3002,70064,15637,2026-09-16 00:59:51,23118.6
23000,16377,10400,172071,-18070,2026-09-16 00:59:51,23118.6
23050,25714,23784,143596,94162,2026-09-16 00:59:51,23118.6
23100,93887,88336,316052,194547,2026-09-16 00:59:51,23118.6
23150,275006,270881,114358,48587,2026-09-16 00:59:51,23118.6
23200,272804,254937,92267,-77549,2026-09-16 00:59:51,23118.6
23250,179516,157933,38843,-84828,2026-09-16 00:59:51,23118.6
23300,293111,250387,54650,-157693,2026-09-16 00:59:51,23118.6
23350,198328,165656,24801,-68804,2026-09-16 00:59:51,23118.6
23400,205556,110800,41089,-97214,2026-09-16 00:59:51,23118.6
23450,108817,46685,17366,-37222,2026-09-16 00:59:51,23118.6
23500,192916,49840,25181,-40136,2026-09-16 00:59:51,23118.6
23550,90133,15045,5923,-8236,2026-09-16 00:59:51,23118.6
23600,144400,22817,8361,-13035,2026-09-16 00:59:51,23118.6
23650,80347,3828,4025,-4118,2026-09-16 00:59:51,23118.6
23700,121461,-32999,11222,-11869,2026-09-16 00:59:51,23118.6
23750,65850,-17276,2282,-4500,2026-09-16 00:59:51,23118.6
23800,122462,-55907,10421,-5454,2026-09-16 00:59:51,23118.6
23850,49666,3331,1805,-1541,2026-09-16 00:59:51,23118.6
23900,96170,-10055,7927,-9214,2026-09-16 00:59:51,23118.6
23950,39181,-7440,1049,-740,2026-09-16 00:59:51,23118.6
24000,174733,-35551,8423,-11373,2026-09-16 00:59:51,23118.6
24050,50141,9785,1019,-113,2026-09-16 00:59:51,23118.6
24100,95287,5837,5082,-579,2026-09-16 00:59:51,23118.6
24150,49143,16634,804,-222,2026-09-16 00:59:51,23118.6
24200,132178,48242,4659,-1631,2026-09-16 00:59:51,23118.6
24250,47653,19957,512,-177,2026-09-16 00:59:51,23118.6
24300,95594,38665,2769,-348,2026-09-16 00:59:51,23118.6
24350,48946,32608,380,-212,2026-09-16 00:59:51,23118.6
24400,87627,10282,1364,-844,2026-09-16 00:59:51,23118.6
24450,16293,5491,146,-71,2026-09-16 00:59:51,23118.6
24500,145430,-10164,2239,-2647,2026-09-16 00:59:51,23118.6
24550,22718,8603,79,-226,2026-09-16 00:59:51,23118.6
24600,33125,-14269,464,-954,2026-09-16 00:59:51,23118.6
24650,25015,8283,97,-38,2026-09-16 00:59:51,23118.6
24700,28980,-8708,213,-173,2026-09-16 00:59:51,23118.6
24750,13953,-750,43,-16,2026-09-16 00:59:51,23118.6
24800,19687,-26860,231,-152,2026-09-16 00:59:51,23118.6
24850,12744,932,0,0,2026-09-16 00:59:51,23118.6
24900,13548,-1708,162,-45,2026-09-16 00:59:51,23118.6
24950,6960,-1384,0,0,2026-09-16 00:59:51,23118.6
25000,63296,-21077,399,-898,2026-09-16 00:59:51,23118.6
25050,7334,-38,1,0,2026-09-16 00:59:51,23118.6
25100,8705,-1359,45,-54,2026-09-16 00:59:51,23118.6
25150,4751,-847,5,0,2026-09-16 00:59:51,23118.6
25200,9738,-12845,10,-38,2026-09-16 00:59:51,23118.6
25250,7177,-5076,8,0,2026-09-16 00:59:51,23118.6
25300,6311,-6653,38,-21,2026-09-16 00:59:51,23118.6
25350,2167,-310,0,0,2026-09-16 00:59:51,23118.6
25400,5456,-2842,20,-4,2026-09-16 00:59:51,23118.6
25450,1677,-2500,22,0,2026-09-16 00:59:51,23118.6
25500,15165,-11606,253,-706,2026-09-16 00:59:51,23118.6
25550,2625,-645,8,0,2026-09-16 00:59:51,23118.6
25600,3072,-4337,4,0,2026-09-16 00:59:51,23118.6
25650,1591,698,9,0,2026-09-16 00:59:51,23118.6
25700,2542,-1714,0,0,2026-09-16 00:59:51,23118.6
25750,998,191,0,0,2026-09-16 00:59:51,23118.6
25800,11748,-844,7,-1,2026-09-16 00:59:51,23118.6
25850,1260,343,0,0,2026-09-16 00:59:51,23118.6
25900,3439,-1120,0,0,2026-09-16 00:59:51,23118.6
25950,1226,229,0,0,2026-09-16 00:59:51,23118.6
26000,16285,-7500,333,-591,2026-09-16 00:59:51,23118.6
26050,1446,308,0,0,2026-09-16 00:59:51,23118.6
26100,1968,-413,0,0,2026-09-16 00:59:51,23118.6
26150,1817,369,0,0,2026-09-16 00:59:51,23118.6
26200,6776,487,0,0,2026-09-16 00:59:51,23118.6
21650,0,0,3083,0,2026-09-16 01:02:55,23118.6
21700,0,0,42768,-49899,2026-09-16 01:02:55,23118.6
21750,0,0,10012,-5594,2026-09-16 01:02:55,23118.6
21800,0,0,14224,-21702,2026-09-16 01:02:55,23118.6
21850,0,0,3126,-1416,2026-09-16 01:02:55,23118.6
21900,0,0,19664,-28292,2026-09-16 01:02:55,23118.6
21950,0,0,7912,-7492,2026-09-16 01:02:55,23118.6
22000,33,-3,54105,-67658,2026-09-16 01:02:55,23118.6
22050,0,0,8817,-2275,2026-09-16 01:02:55,23118.6
22100,0,0,20682,-25866,2026-09-16 01:02:55,23118.6
22150,0,0,7815,-5747,2026-09-16 01:02:55,23118.6
22200,0,0,37094,-30259,2026-09-16 01:02:55,23118.6
22250,0,0,12229,-9197,2026-09-16 01:02:55,23118.6
22300,37,-8,27918,-14372,2026-09-16 01:02:55,23118.6
22350,0,0,10610,-835,2026-09-16 01:02:55,23118.6
22400,10,-1,35390,-41003,2026-09-16 01:02:55,23118.6
22450,0,0,15321,1444,2026-09-16 01:02:55,23118.6
22500,358,29,139356,-6442,2026-09-16 01:02:55,23118.6
22550,0,0,19535,-2323,2026-09-16 01:02:55,23118.6
22600,144,49,67225,10788,2026-09-16 01:02:55,23118.6
22650,45,27,22560,2354,2026-09-16 01:02:55,23118.6
22700,706,44,81040,3890,2026-09-16 01:02:55,23118.6
22750,373,74,37617,-1555,2026-09-16 01:02:55,23118.6
22800,1607,266,109718,11346,2026-09-16 01:02:55,23118.6
22850,1246,747,46325,-5529,2026-09-16 01:02:55,23118.6
22900,2345,874,94572,-9847,2026-09-16 01:02:55,23118.6
22950,3969,3002,70064,15637,2026-09-16 01:02:55,23118.6
23000,16377,10400,172071,-18070,2026-09-16 01:02:55,23118.6
23050,25714,23784,143596,94162,2026-09-16 01:02:55,23118.6
23100,93887,88336,316052,194547,2026-09-16 01:02:55,23118.6
23150,275006,270881,114358,48587,2026-09-16 01:02:55,23118.6
23200,272804,254937,92267,-77549,2026-09-16 01:02:55,23118.6
23250,179516,157933,38843,-84828,2026-09-16 01:02:55,23118.6
23300,293111,250387,54650,-157693,2026-09-16 01:02:55,23118.6
23350,198328,165656,24801,-68804,2026-09-16 01:02:55,23118.6
23400,205556,110800,41089,-97214,2026-09-16 01:02:55,23118.6
23450,108817,46685,17366,-37222,2026-09-16 01:02:55,23118.6
23500,192916,49840,25181,-40136,2026-09-16 01:02:55,23118.6
23550,90133,15045,5923,-8236,2026-09-16 01:02:55,23118.6
23600,144400,22817,8361,-13035,2026-09-16 01:02:55,23118.6
23650,80347,3828,4025,-4118,2026-09-16 01:02:55,23118.6
23700,121461,-32999,11222,-11869,2026-09-16 01:02:55,23118.6
23750,65850,-17276,2282,-4500,2026-09-16 01:02:55,23118.6
23800,122462,-55907,10421,-5454,2026-09-16 01:02:55,23118.6
23850,49666,3331,1805,-1541,2026-09-16 01:02:55,23118.6
23900,96170,-10055,7927,-9214,2026-09-16 01:02:55,23118.6
23950,39181,-7440,1049,-740,2026-09-16 01:02:55,23118.6
24000,174733,-35551,8423,-11373,2026-09-16 01:02:55,23118.6
24050,50141,9785,1019,-113,2026-09-16 01:02:55,23118.6
24100,95287,5837,5082,-579,2026-09-16 01:02:55,23118.6
24150,49143,16634,804,-222,2026-09-16 01:02:55,23118.6
24200,132178,48242,4659,-1631,2026-09-16 01:02:55,23118.6
24250,47653,19957,512,-177,2026-09-16 01:02:55,23118.6
24300,95594,38665,2769,-348,2026-09-16 01:02:55,23118.6
24350,48946,32608,380,-212,2026-09-16 01:02:55,23118.6
24400,87627,10282,1364,-844,2026-09-16 01:02:55,23118.6
24450,16293,5491,146,-71,2026-09-16 01:02:55,23118.6
24500,145430,-10164,2239,-2647,2026-09-16 01:02:55,23118.6
24550,22718,8603,79,-226,2026-09-16 01:02:55,23118.6
24600,33125,-14269,464,-954,2026-09-16 01:02:55,23118.6
24650,25015,8283,97,-38,2026-09-16 01:02:55,23118.6
24700,28980,-8708,213,-173,2026-09-16 01:02:55,23118.6
24750,13953,-750,43,-16,2026-09-16 01:02:55,23118.6
24800,19687,-26860,231,-152,2026-09-16 01:02:55,23118.6
24850,12744,932,0,0,2026-09-16 01:02:55,23118.6
24900,13548,-1708,162,-45,2026-09-16 01:02:55,23118.6
24950,6960,-1384,0,0,2026-09-16 01:02:55,23118.6
25000,63296,-21077,399,-898,2026-09-16 01:02:55,23118.6
25050,7334,-38,1,0,2026-09-16 01:02:55,23118.6
25100,8705,-1359,45,-54,2026-09-16 01:02:55,23118.6
25150,4751,-847,5,0,2026-09-16 01:02:55,23118.6
25200,9738,-12845,10,-38,2026-09-16 01:02:55,23118.6
25250,7177,-5076,8,0,2026-09-16 01:02:55,23118.6
25300,6311,-6653,38,-21,2026-09-16 01:02:55,23118.6
25350,2167,-310,0,0,2026-09-16 01:02:55,23118.6
25400,5456,-2842,20,-4,2026-09-16 01:02:55,23118.6
25450,1677,-2500,22,0,2026-09-16 01:02:55,23118.6
25500,15165,-11606,253,-706,2026-09-16 01:02:55,23118.6
25550,2625,-645,8,0,2026-09-16 01:02:55,23118.6
25600,3072,-4337,4,0,2026-09-16 01:02:55,23118.6
25650,1591,698,9,0,2026-09-16 01:02:55,23118.6
25700,2542,-1714,0,0,2026-09-16 01:02:55,23118.6
25750,998,191,0,0,2026-09-16 01:02:55,23118.6
25800,11748,-844,7,-1,2026-09-16 01:02:55,23118.6
25850,1260,343,0,0,2026-09-16 01:02:55,23118.6
25900,3439,-1120,0,0,2026-09-16 01:02:55,23118.6
25950,1226,229,0,0,2026-09-16 01:02:55,23118.6
26000,16285,-7500,333,-591,2026-09-16 01:02:55,23118.6
26050,1446,308,0,0,2026-09-16 01:02:55,23118.6
26100,1968,-413,0,0,2026-09-16 01:02:55,23118.6
26150,1817,369,0,0,2026-09-16 01:02:55,23118.6
26200,6776,487,0,0,2026-09-16 01:02:55,23118.6
21650,0,0,3083,0,2026-09-16 01:05:59,23118.6
21700,0,0,42768,-49899,2026-09-16 01:05:59,23118.6
21750,0,0,10012,-5594,2026-09-16 01:05:59,23118.6
21800,0,0,14224,-21702,2026-09-16 01:05:59,23118.6
21850,0,0,3126,-1416,2026-09-16 01:05:59,23118.6
21900,0,0,19664,-28292,2026-09-16 01:05:59,23118.6
21950,0,0,7912,-7492,2026-09-16 01:05:59,23118.6
22000,33,-3,54105,-67658,2026-09-16 01:05:59,23118.6
22050,0,0,8817,-2275,2026-09-16 01:05:59,23118.6
22100,0,0,20682,-25866,2026-09-16 01:05:59,23118.6
22150,0,0,7815,-5747,2026-09-16 01:05:59,23118.6
22200,0,0,37094,-30259,2026-09-16 01:05:59,23118.6
22250,0,0,12229,-9197,2026-09-16 01:05:59,23118.6
22300,37,-8,27918,-14372,2026-09-16 01:05:59,23118.6
22350,0,0,10610,-835,2026-09-16 01:05:59,23118.6
22400,10,-1,35390,-41003,2026-09-16 01:05:59,23118.6
22450,0,0,15321,1444,2026-09-16 01:05:59,23118.6
22500,358,29,139356,-6442,2026-09-16 01:05:59,23118.6
22550,0,0,19535,-2323,2026-09-16 01:05:59,23118.6
22600,144,49,67225,10788,2026-09-16 01:05:59,23118.6
22650,45,27,22560,2354,2026-09-16 01:05:59,23118.6
22700,706,44,81040,3890,2026-09-16 01:05:59,23118.6
22750,373,74,37617,-1555,2026-09-16 01:05:59,23118.6
22800,1607,266,109718,11346,2026-09-16 01:05:59,23118.6
22850,1246,747,46325,-5529,2026-09-16 01:05:59,23118.6
22900,2345,874,94572,-9847,2026-09-16 01:05:59,23118.6
22950,3969,3002,70064,15637,2026-09-16 01:05:59,23118.6
23000,16377,10400,172071,-18070,2026-09-16 01:05:59,23118.6
23050,25714,23784,143596,94162,2026-09-16 01:05:59,23118.6
23100,93887,88336,316052,194547,2026-09-16 01:05:59,23118.6
23150,275006,270881,114358,48587,2026-09-16 01:05:59,23118.6
23200,272804,254937,92267,-77549,2026-09-16 01:05:59,23118.6
23250,179516,157933,38843,-84828,2026-09-16 01:05:59,23118.6
23300,293111,250387,54650,-157693,2026-09-16 01:05:59,23118.6
23350,198328,165656,24801,-68804,2026-09-16 01:05:59,23118.6
23400,205556,110800,41089,-97214,2026-09-16 01:05:59,23118.6
23450,108817,46685,17366,-37222,2026-09-16 01:05:59,23118.6
23500,192916,49840,25181,-40136,2026-09-16 01:05:59,23118.6
23550,90133,15045,5923,-8236,2026-09-16 01:05:59,23118.6
23600,144400,22817,8361,-13035,2026-09-16 01:05:59,23118.6
23650,80347,3828,4025,-4118,2026-09-16 01:05:59,23118.6
23700,121461,-32999,11222,-11869,2026-09-16 01:05:59,23118.6
23750,65850,-17276,2282,-4500,2026-09-16 01:05:59,23118.6
23800,122462,-55907,10421,-5454,2026-09-16 01:05:59,23118.6
23850,49666,3331,1805,-1541,2026-09-16 01:05:59,23118.6
23900,96170,-10055,7927,-9214,2026-09-16 01:05:59,23118.6
23950,39181,-7440,1049,-740,2026-09-16 01:05:59,23118.6
24000,174733,-35551,8423,-11373,2026-09-16 01:05:59,23118.6
24050,50141,9785,1019,-113,2026-09-16 01:05:59,23118.6
24100,95287,5837,5082,-579,2026-09-16 01:05:59,23118.6
24150,49143,16634,804,-222,2026-09-16 01:05:59,23118.6
24200,132178,48242,4659,-1631,2026-09-16 01:05:59,23118.6
24250,47653,19957,512,-177,2026-09-16 01:05:59,23118.6
24300,95594,38665,2769,-348,2026-09-16 01:05:59,23118.6
24350,48946,32608,380,-212,2026-09-16 01:05:59,23118.6
24400,87627,10282,1364,-844,2026-09-16 01:05:59,23118.6
24450,16293,5491,146,-71,2026-09-16 01:05:59,23118.6
24500,145430,-10164,2239,-2647,2026-09-16 01:05:59,23118.6
24550,22718,8603,79,-226,2026-09-16 01:05:59,23118.6
24600,33125,-14269,464,-954,2026-09-16 01:05:59,23118.6
24650,25015,8283,97,-38,2026-09-16 01:05:59,23118.6
24700,28980,-8708,213,-173,2026-09-16 01:05:59,23118.6
24750,13953,-750,43,-16,2026-09-16 01:05:59,23118.6
24800,19687,-26860,231,-152,2026-09-16 01:05:59,23118.6
24850,12744,932,0,0,2026-09-16 01:05:59,23118.6
24900,13548,-1708,162,-45,2026-09-16 01:05:59,23118.6
24950,6960,-1384,0,0,2026-09-16 01:05:59,23118.6
25000,63296,-21077,399,-898,2026-09-16 01:05:59,23118.6
25050,7334,-38,1,0,2026-09-16 01:05:59,23118.6
25100,8705,-1359,45,-54,2026-09-16 01:05:59,23118.6
25150,4751,-847,5,0,2026-09-16 01:05:59,23118.6
25200,9738,-12845,10,-38,2026-09-16 01:05:59,23118.6
25250,7177,-5076,8,0,2026-09-16 01:05:59,23118.6
25300,6311,-6653,38,-21,2026-09-16 01:05:59,23118.6
25350,2167,-310,0,0,2026-09-16 01:05:59,23118.6
25400,5456,-2842,20,-4,2026-09-16 01:05:59,23118.6
25450,1677,-2500,22,0,2026-09-16 01:05:59,23118.6
25500,15165,-11606,253,-706,2026-09-16 01:05:59,23118.6
25550,2625,-645,8,0,2026-09-16 01:05:59,23118.6
25600,3072,-4337,4,0,2026-09-16 01:05:59,23118.6
25650,1591,698,9,0,2026-09-16 01:05:59,23118.6
25700,2542,-1714,0,0,2026-09-16 01:05:59,23118.6
25750,998,191,0,0,2026-09-16 01:05:59,23118.6
25800,11748,-844,7,-1,2026-09-16 01:05:59,23118.6
25850,1260,343,0,0,2026-09-16 01:05:59,23118.6
25900,3439,-1120,0,0,2026-09-16 01:05:59,23118.6
25950,1226,229,0,0,2026-09-16 01:05:59,23118.6
26000,16285,-7500,333,-591,2026-09-16 01:05:59,23118.6
26050,1446,308,0,0,2026-09-16 01:05:59,23118.6
26100,1968,-413,0,0,2026-09-16 01:05:59,23118.6
26150,1817,369,0,0,2026-09-16 01:05:59,23118.6
26200,6776,487,0,0,2026-09-16 01:05:59,23118.6
21650,0,0,3083,0,2026-09-16 01:06:03,23118.6
21700,0,0,42768,-49899,2026-09-16 01:06:03,23118.6
21750,0,0,10012,-5594,2026-09-16 01:06:03,23118.6
21800,0,0,14224,-21702,2026-09-16 01:06:03,23118.6
21850,0,0,3126,-1416,2026-09-16 01:06:03,23118.6
21900,0,0,19664,-28292,2026-09-16 01:06:03,23118.6
21950,0,0,7912,-7492,2026-09-16 01:06:03,23118.6
22000,33,-3,54105,-67658,2026-09-16 01:06:03,23118.6
22050,0,0,8817,-2275,2026-09-16 01:06:03,23118.6
22100,0,0,20682,-25866,2026-09-16 01:06:03,23118.6
22150,0,0,7815,-5747,2026-09-16 01:06:03,23118.6
22200,0,0,37094,-30259,2026-09-16 01:06:03,23118.6
22250,0,0,12229,-9197,2026-09-16 01:06:03,23118.6
22300,37,-8,27918,-14372,2026-09-16 01:06:03,23118.6
22350,0,0,10610,-835,2026-09-16 01:06:03,23118.6
22400,10,-1,35390,-41003,2026-09-16 01:06:03,23118.6
22450,0,0,15321,1444,2026-09-16 01:06:03,23118.6
22500,358,29,139356,-6442,2026-09-16 01:06:03,23118.6
22550,0,0,19535,-2323,2026-09-16 01:06:03,23118.6
22600,144,49,67225,10788,2026-09-16 01:06:03,23118.6
22650,45,27,22560,2354,2026-09-16 01:06:03,23118.6
22700,706,44,81040,3890,2026-09-16 01:06:03,23118.6
22750,373,74,37617,-1555,2026-09-16 01:06:03,23118.6
22800,1607,266,109718,11346,2026-09-16 01:06:03,23118.6
22850,1246,747,46325,-5529,2026-09-16 01:06:03,23118.6
22900,2345,874,94572,-9847,2026-09-16 01:06:03,23118.6
22950,3969,3002,70064,15637,2026-09-16 01:06:03,23118.6
23000,16377,10400,172071,-18070,2026-09-16 01:06:03,23118.6
23050,25714,23784,143596,94162,2026-09-16 01:06:03,23118.6
23100,93887,88336,316052,194547,2026-09-16 01:06:03,23118.6
23150,275006,270881,114358,48587,2026-09-16 01:06:03,23118.6
23200,272804,254937,92267,-77549,2026-09-16 01:06:03,23118.6
23250,179516,157933,38843,-84828,2026-09-16 01:06:03,23118.6
23300,293111,250387,54650,-157693,2026-09-16 01:06:03,23118.6
23350,198328,165656,24801,-68804,2026-09-16 01:06:03,23118.6
23400,205556,110800,41089,-97214,2026-09-16 01:06:03,23118.6
23450,108817,46685,17366,-37222,2026-09-16 01:06:03,23118.6
23500,192916,49840,25181,-40136,2026-09-16 01:06:03,23118.6
23550,90133,15045,5923,-8236,2026-09-16 01:06:03,23118.6
23600,144400,22817,8361,-13035,2026-09-16 01:06:03,23118.6
23650,80347,3828,4025,-4118,2026-09-16 01:06:03,23118.6
23700,121461,-32999,11222,-11869,2026-09-16 01:06:03,23118.6
23750,65850,-17276,2282,-4500,2026-09-16 01:06:03,23118.6
23800,122462,-55907,10421,-5454,2026-09-16 01:06:03,23118.6
23850,49666,3331,1805,-1541,2026-09-16 01:06:03,23118.6
23900,96170,-10055,7927,-9214,2026-09-16 01:06:03,23118.6
23950,39181,-7440,1049,-740,2026-09-16 01:06:03,23118.6
24000,174733,-35551,8423,-11373,2026-09-16 01:06:03,23118.6
24050,50141,9785,1019,-113,2026-09-16 01:06:03,23118.6
24100,95287,5837,5082,-579,2026-09-16 01:06:03,23118.6
24150,49143,16634,804,-222,2026-09-16 01:06:03,23118.6
24200,132178,48242,4659,-1631,2026-09-16 01:06:03,23118.6
24250,47653,19957,512,-177,2026-09-16 01:06:03,23118.6
24300,95594,38665,2769,-348,2026-09-16 01:06:03,23118.6
24350,48946,32608,380,-212,2026-09-16 01:06:03,23118.6
24400,87627,10282,1364,-844,2026-09-16 01:06:03,23118.6
24450,16293,5491,146,-71,2026-09-16 01:06:03,23118.6
24500,145430,-10164,2239,-2647,2026-09-16 01:06:03,23118.6
24550,22718,8603,79,-226,2026-09-16 01:06:03,23118.6
24600,33125,-14269,464,-954,2026-09-16 01:06:03,23118.6
24650,25015,8283,97,-38,2026-09-16 01:06:03,23118.6
24700,28980,-8708,213,-173,2026-09-16 01:06:03,23118.6
24750,13953,-750,43,-16,2026-09-16 01:06:03,23118.6
24800,19687,-26860,231,-152,2026-09-16 01:06:03,23118.6
24850,12744,932,0,0,2026-09-16 01:06:03,23118.6
24900,13548,-1708,162,-45,2026-09-16 01:06:03,23118.6
24950,6960,-1384,0,0,2026-09-16 01:06:03,23118.6
25000,63296,-21077,399,-898,2026-09-16 01:06:03,23118.6
25050,7334,-38,1,0,2026-09-16 01:06:03,23118.6
25100,8705,-1359,45,-54,2026-09-16 01:06:03,23118.6
25150,4751,-847,5,0,2026-09-16 01:06:03,23118.6
25200,9738,-12845,10,-38,2026-09-16 01:06:03,23118.6
25250,7177,-5076,8,0,2026-09-16 01:06:03,23118.6
25300,6311,-6653,38,-21,2026-09-16 01:06:03,23118.6
25350,2167,-310,0,0,2026-09-16 01:06:03,23118.6
25400,5456,-2842,20,-4,2026-09-16 01:06:03,23118.6
25450,1677,-2500,22,0,2026-09-16 01:06:03,23118.6
25500,15165,-11606,253,-706,2026-09-16 01:06:03,23118.6
25550,2625,-645,8,0,2026-09-16 01:06:03,23118.6
25600,3072,-4337,4,0,2026-09-16 01:06:03,23118.6
25650,1591,698,9,0,2026-09-16 01:06:03,23118.6
25700,2542,-1714,0,0,2026-09-16 01:06:03,23118.6
25750,998,191,0,0,2026-09-16 01:06:03,23118.6
25800,11748,-844,7,-1,2026-09-16 01:06:03,23118.6
25850,1260,343,0,0,2026-09-16 01:06:03,23118.6
25900,3439,-1120,0,0,2026-09-16 01:06:03,23118.6
25950,1226,229,0,0,2026-09-16 01:06:03,23118.6
26000,16285,-7500,333,-591,2026-09-16 01:06:03,23118.6
26050,1446,308,0,0,2026-09-16 01:06:03,23118.6
26100,1968,-413,0,0,2026-09-16 01:06:03,23118.6
26150,1817,369,0,0,2026-09-16 01:06:03,23118.6
26200,6776,487,0,0,2026-09-16 01:06:03,23118.6
21650,0,0,3083,0,2026-09-16 01:09:07,23118.6
21700,0,0,42768,-49899,2026-09-16 01:09:07,23118.6
21750,0,0,10012,-5594,2026-09-16 01:09:07,23118.6
21800,0,0,14224,-21702,2026-09-16 01:09:07,23118.6
21850,0,0,3126,-1416,2026-09-16 01:09:07,23118.6
21900,0,0,19664,-28292,2026-09-16 01:09:07,23118.6
21950,0,0,7912,-7492,2026-09-16 01:09:07,23118.6
22000,33,-3,54105,-67658,2026-09-16 01:09:07,23118.6
22050,0,0,8817,-2275,2026-09-16 01:09:07,23118.6
22100,0,0,20682,-25866,2026-09-16 01:09:07,23118.6
22150,0,0,7815,-5747,2026-09-16 01:09:07,23118.6
22200,0,0,37094,-30259,2026-09-16 01:09:07,23118.6
22250,0,0,12229,-9197,2026-09-16 01:09:07,23118.6
22300,37,-8,27918,-14372,2026-09-16 01:09:07,23118.6
22350,0,0,10610,-835,2026-09-16 01:09:07,23118.6
22400,10,-1,35390,-41003,2026-09-16 01:09:07,23118.6
22450,0,0,15321,1444,2026-09-16 01:09:07,23118.6
22500,358,29,139356,-6442,2026-09-16 01:09:07,23118.6
22550,0,0,19535,-2323,2026-09-16 01:09:07,23118.6
22600,144,49,67225,10788,2026-09-16 01:09:07,23118.6
22650,45,27,22560,2354,2026-09-16 01:09:07,23118.6
22700,706,44,81040,3890,2026-09-16 01:09:07,23118.6
22750,373,74,37617,-1555,2026-09-16 01:09:07,23118.6
22800,1607,266,109718,11346,2026-09-16 01:09:07,23118.6
22850,1246,747,46325,-5529,2026-09-16 01:09:07,23118.6
22900,2345,874,94572,-9847,2026-09-16 01:09:07,23118.6
22950,3969,3002,70064,15637,2026-09-16 01:09:07,23118.6
23000,16377,10400,172071,-18070,2026-09-16 01:09:07,23118.6
23050,25714,23784,143596,94162,2026-09-16 01:09:07,23118.6
23100,93887,88336,316052,194547,2026-09-16 01:09:07,23118.6
23150,275006,270881,114358,48587,2026-09-16 01:09:07,23118.6
23200,272804,254937,92267,-77549,2026-09-16 01:09:07,23118.6
23250,179516,157933,38843,-84828,2026-09-16 01:09:07,23118.6
23300,293111,250387,54650,-157693,2026-09-16 01:09:07,23118.6
23350,198328,165656,24801,-68804,2026-09-16 01:09:07,23118.6
23400,205556,110800,41089,-97214,2026-09-16 01:09:07,23118.6
23450,108817,46685,17366,-37222,2026-09-16 01:09:07,23118.6
23500,192916,49840,25181,-40136,2026-09-16 01:09:07,23118.6
23550,90133,15045,5923,-8236,2026-09-16 01:09:07,23118.6
23600,144400,22817,8361,-13035,2026-09-16 01:09:07,23118.6
23650,80347,3828,4025,-4118,2026-09-16 01:09:07,23118.6
23700,121461,-32999,11222,-11869,2026-09-16 01:09:07,23118.6
23750,65850,-17276,2282,-4500,2026-09-16 01:09:07,23118.6
23800,122462,-55907,10421,-5454,2026-09-16 01:09:07,23118.6
23850,49666,3331,1805,-1541,2026-09-16 01:09:07,23118.6
23900,96170,-10055,7927,-9214,2026-09-16 01:09:07,23118.6
23950,39181,-7440,1049,-740,2026-09-16 01:09:07,23118.6
24000,174733,-35551,8423,-11373,2026-09-16 01:09:07,23118.6
24050,50141,9785,1019,-113,2026-09-16 01:09:07,23118.6
24100,95287,5837,5082,-579,2026-09-16 01:09:07,23118.6
24150,49143,16634,804,-222,2026-09-16 01:09:07,23118.6
24200,132178,48242,4659,-1631,2026-09-16 01:09:07,23118.6
24250,47653,19957,512,-177,2026-09-16 01:09:07,23118.6
24300,95594,38665,2769,-348,2026-09-16 01:09:07,23118.6
24350,48946,32608,380,-212,2026-09-16 01:09:07,23118.6
24400,87627,10282,1364,-844,2026-09-16 01:09:07,23118.6
24450,16293,5491,146,-71,2026-09-16 01:09:07,23118.6
24500,145430,-10164,2239,-2647,2026-09-16 01:09:07,23118.6
24550,22718,8603,79,-226,2026-09-16 01:09:07,23118.6
24600,33125,-14269,464,-954,2026-09-16 01:09:07,23118.6
24650,25015,8283,97,-38,2026-09-16 01:09:07,23118.6
24700,28980,-8708,213,-173,2026-09-16 01:09:07,23118.6
24750,13953,-750,43,-16,2026-09-16 01:09:07,23118.6
24800,19687,-26860,231,-152,2026-09-16 01:09:07,23118.6
24850,12744,932,0,0,2026-09-16 01:09:07,23118.6
24900,13548,-1708,162,-45,2026-09-16 01:09:07,23118.6
24950,6960,-1384,0,0,2026-09-16 01:09:07,23118.6
25000,63296,-21077,399,-898,2026-09-16 01:09:07,23118.6
25050,7334,-38,1,0,2026-09-16 01:09:07,23118.6
25100,8705,-1359,45,-54,2026-09-16 01:09:07,23118.6
25150,4751,-847,5,0,2026-09-16 01:09:07,23118.6
25200,9738,-12845,10,-38,2026-09-16 01:09:07,23118.6
25250,7177,-5076,8,0,2026-09-16 01:09:07,23118.6
25300,6311,-6653,38,-21,2026-09-16 01:09:07,23118.6
25350,2167,-310,0,0,2026-09-16 01:09:07,23118.6
25400,5456,-2842,20,-4,2026-09-16 01:09:07,23118.6
25450,1677,-2500,22,0,2026-09-16 01:09:07,23118.6
25500,15165,-11606,253,-706,2026-09-16 01:09:07,23118.6
25550,2625,-645,8,0,2026-09-16 01:09:07,23118.6
25600,3072,-4337,4,0,2026-09-16 01:09:07,23118.6
25650,1591,698,9,0,2026-09-16 01:09:07,23118.6
25700,2542,-1714,0,0,2026-09-16 01:09:07,23118.6
25750,998,191,0,0,2026-09-16 01:09:07,23118.6
25800,11748,-844,7,-1,2026-09-16 01:09:07,23118.6
25850,1260,343,0,0,2026-09-16 01:09:07,23118.6
25900,3439,-1120,0,0,2026-09-16 01:09:07,23118.6
25950,1226,229,0,0,2026-09-16 01:09:07,23118.6
26000,16285,-7500,333,-591,2026-09-16 01:09:07,23118.6
26050,1446,308,0,0,2026-09-16 01:09:07,23118.6
26100,1968,-413,0,0,2026-09-16 01:09:07,23118.6
26150,1817,369,0,0,2026-09-16 01:09:07,23118.6
26200,6776,487,0,0,2026-09-16 01:09:07,23118.6
21650,0,0,3083,0,2026-09-16 01:12:11,23118.6
21700,0,0,42768,-49899,2026-09-16 01:12:11,23118.6
21750,0,0,10012,-5594,2026-09-16 01:12:11,23118.6
21800,0,0,14224,-21702,2026-09-16 01:12:11,23118.6
21850,0,0,3126,-1416,2026-09-16 01:12:11,23118.6
21900,0,0,19664,-28292,2026-09-16 01:12:11,23118.6
21950,0,0,7912,-7492,2026-09-16 01:12:11,23118.6
22000,33,-3,54105,-67658,2026-09-16 01:12:11,23118.6
22050,0,0,8817,-2275,2026-09-16 01:12:11,23118.6
22100,0,0,20682,-25866,2026-09-16 01:12:11,23118.6
22150,0,0,7815,-5747,2026-09-16 01:12:11,23118.6
22200,0,0,37094,-30259,2026-09-16 01:12:11,23118.6
22250,0,0,12229,-9197,2026-09-16 01:12:11,23118.6
22300,37,-8,27918,-14372,2026-09-16 01:12:11,23118.6
22350,0,0,10610,-835,2026-09-16 01:12:11,23118.6
22400,10,-1,35390,-41003,2026-09-16 01:12:11,23118.6
22450,0,0,15321,1444,2026-09-16 01:12:11,23118.6
22500,358,29,139356,-6442,2026-09-16 01:12:11,23118.6
22550,0,0,19535,-2323,2026-09-16 01:12:11,23118.6
22600,144,49,67225,10788,2026-09-16 01:12:11,23118.6
22650,45,27,22560,2354,2026-09-16 01:12:11,23118.6
22700,706,44,81040,3890,2026-09-16 01:12:11,23118.6
22750,373,74,37617,-1555,2026-09-16 01:12:11,23118.6
22800,1607,266,109718,11346,2026-09-16 01:12:11,23118.6
22850,1246,747,46325,-5529,2026-09-16 01:12:11,23118.6
22900,2345,874,94572,-9847,2026-09-16 01:12:11,23118.6
22950,3969,3002,70064,15637,2026-09-16 01:12:11,23118.6
23000,16377,10400,172071,-18070,2026-09-16 01:12:11,23118.6
23050,25714,23784,143596,94162,2026-09-16 01:12:11,23118.6
23100,93887,88336,316052,194547,2026-09-16 01:12:11,23118.6
23150,275006,270881,114358,48587,2026-09-16 01:12:11,23118.6
23200,272804,254937,92267,-77549,2026-09-16 01:12:11,23118.6
23250,179516,157933,38843,-84828,2026-09-16 01:12:11,23118.6
23300,293111,250387,54650,-157693,2026-09-16 01:12:11,23118.6
23350,198328,165656,24801,-68804,2026-09-16 01:12:11,23118.6
23400,205556,110800,41089,-97214,2026-09-16 01:12:11,23118.6
23450,108817,46685,17366,-37222,2026-09-16 01:12:11,23118.6
23500,192916,49840,25181,-40136,2026-09-16 01:12:11,23118.6
23550,90133,15045,5923,-8236,2026-09-16 01:12:11,23118.6
23600,144400,22817,8361,-13035,2026-09-16 01:12:11,23118.6
23650,80347,3828,4025,-4118,2026-09-16 01:12:11,23118.6
23700,121461,-32999,11222,-11869,2026-09-16 01:12:11,23118.6
23750,65850,-17276,2282,-4500,2026-09-16 01:12:11,23118.6
23800,122462,-55907,10421,-5454,2026-09-16 01:12:11,23118.6
23850,49666,3331,1805,-1541,2026-09-16 01:12:11,23118.6
23900,96170,-10055,7927,-9214,2026-09-16 01:12:11,23118.6
23950,39181,-7440,1049,-740,2026-09-16 01:12:11,23118.6
24000,174733,-35551,8423,-11373,2026-09-16 01:12:11,23118.6
24050,50141,9785,1019,-113,2026-09-16 01:12:11,23118.6
24100,95287,5837,5082,-579,2026-09-16 01:12:11,23118.6
24150,49143,16634,804,-222,2026-09-16 01:12:11,23118.6
24200,132178,48242,4659,-1631,2026-09-16 01:12:11,23118.6
24250,47653,19957,512,-177,2026-09-16 01:12:11,23118.6
24300,95594,38665,2769,-348,2026-09-16 01:12:11,23118.6
24350,48946,32608,380,-212,2026-09-16 01:12:11,23118.6
24400,87627,10282,1364,-844,2026-09-16 01:12:11,23118.6
24450,16293,5491,146,-71,2026-09-16 01:12:11,23118.6
24500,145430,-10164,2239,-2647,2026-09-16 01:12:11,23118.6
24550,22718,8603,79,-226,2026-09-16 01:12:11,23118.6
24600,33125,-14269,464,-954,2026-09-16 01:12:11,23118.6
24650,25015,8283,97,-38,2026-09-16 01:12:11,23118.6
24700,28980,-8708,213,-173,2026-09-16 01:12:11,23118.6
24750,13953,-750,43,-16,2026-09-16 01:12:11,23118.6
24800,19687,-26860,231,-152,2026-09-16 01:12:11,23118.6
24850,12744,932,0,0,2026-09-16 01:12:11,23118.6
24900,13548,-1708,162,-45,2026-09-16 01:12:11,23118.6
24950,6960,-1384,0,0,2026-09-16 01:12:11,23118.6
25000,63296,-21077,399,-898,2026-09-16 01:12:11,23118.6
25050,7334,-38,1,0,2026-09-16 01:12:11,23118.6
25100,8705,-1359,45,-54,2026-09-16 01:12:11,23118.6
25150,4751,-847,5,0,2026-09-16 01:12:11,23118.6
25200,9738,-12845,10,-38,2026-09-16 01:12:11,23118.6
25250,7177,-5076,8,0,2026-09-16 01:12:11,23118.6
25300,6311,-6653,38,-21,2026-09-16 01:12:11,23118.6
25350,2167,-310,0,0,2026-09-16 01:12:11,23118.6
25400,5456,-2842,20,-4,2026-09-16 01:12:11,23118.6
25450,1677,-2500,22,0,2026-09-16 01:12:11,23118.6
25500,15165,-11606,253,-706,2026-09-16 01:12:11,23118.6
25550,2625,-645,8,0,2026-09-16 01:12:11,23118.6
25600,3072,-4337,4,0,2026-09-16 01:12:11,23118.6
25650,1591,698,9,0,2026-09-16 01:12:11,23118.6
25700,2542,-1714,0,0,2026-09-16 01:12:11,23118.6
25750,998,191,0,0,2026-09-16 01:12:11,23118.6
25800,11748,-844,7,-1,2026-09-16 01:12:11,23118.6
25850,1260,343,0,0,2026-09-16 01:12:11,23118.6
25900,3439,-1120,0,0,2026-09-16 01:12:11,23118.6
25950,1226,229,0,0,2026-09-16 01:12:11,23118.6
26000,16285,-7500,333,-591,2026-09-16 01:12:11,23118.6
26050,1446,308,0,0,2026-09-16 01:12:11,23118.6
26100,1968,-413,0,0,2026-09-16 01:12:11,23118.6
26150,1817,369,0,0,2026-09-16 01:12:11,23118.6
26200,6776,487,0,0,2026-09-16 01:12:11,23118.6
21650,0,0,3083,0,2026-09-16 01:12:17,23118.6
21700,0,0,42768,-49899,2026-09-16 01:12:17,23118.6
21750,0,0,10012,-5594,2026-09-16 01:12:17,23118.6
21800,0,0,14224,-21702,2026-09-16 01:12:17,23118.6
21850,0,0,3126,-1416,2026-09-16 01:12:17,23118.6
21900,0,0,19664,-28292,2026-09-16 01:12:17,23118.6
21950,0,0,7912,-7492,2026-09-16 01:12:17,23118.6
22000,33,-3,54105,-67658,2026-09-16 01:12:17,23118.6
22050,0,0,8817,-2275,2026-09-16 01:12:17,23118.6
22100,0,0,20682,-25866,2026-09-16 01:12:17,23118.6
22150,0,0,7815,-5747,2026-09-16 01:12:17,23118.6
22200,0,0,37094,-30259,2026-09-16 01:12:17,23118.6
22250,0,0,12229,-9197,2026-09-16 01:12:17,23118.6
22300,37,-8,27918,-14372,2026-09-16 01:12:17,23118.6
22350,0,0,10610,-835,2026-09-16 01:12:17,23118.6
22400,10,-1,35390,-41003,2026-09-16 01:12:17,23118.6
22450,0,0,15321,1444,2026-09-16 01:12:17,23118.6
22500,358,29,139356,-6442,2026-09-16 01:12:17,23118.6
22550,0,0,19535,-2323,2026-09-16 01:12:17,23118.6
22600,144,49,67225,10788,2026-09-16 01:12:17,23118.6
22650,45,27,22560,2354,2026-09-16 01:12:17,23118.6
22700,706,44,81040,3890,2026-09-16 01:12:17,23118.6
22750,373,74,37617,-1555,2026-09-16 01:12:17,23118.6
22800,1607,266,109718,11346,2026-09-16 01:12:17,23118.6
22850,1246,747,46325,-5529,2026-09-16 01:12:17,23118.6
22900,2345,874,94572,-9847,2026-09-16 01:12:17,23118.6
22950,3969,3002,70064,15637,2026-09-16 01:12:17,23118.6
23000,16377,10400,172071,-18070,2026-09-16 01:12:17,23118.6
23050,25714,23784,143596,94162,2026-09-16 01:12:17,23118.6
23100,93887,88336,316052,194547,2026-09-16 01:12:17,23118.6
23150,275006,270881,114358,48587,2026-09-16 01:12:17,23118.6
23200,272804,254937,92267,-77549,2026-09-16 01:12:17,23118.6
23250,179516,157933,38843,-84828,2026-09-16 01:12:17,23118.6
23300,293111,250387,54650,-157693,2026-09-16 01:12:17,23118.6
23350,198328,165656,24801,-68804,2026-09-16 01:12:17,23118.6
23400,205556,110800,41089,-97214,2026-09-16 01:12:17,23118.6
23450,108817,46685,17366,-37222,2026-09-16 01:12:17,23118.6
23500,192916,49840,25181,-40136,2026-09-16 01:12:17,23118.6
23550,90133,15045,5923,-8236,2026-09-16 01:12:17,23118.6
23600,144400,22817,8361,-13035,2026-09-16 01:12:17,23118.6
23650,80347,3828,4025,-4118,2026-09-16 01:12:17,23118.6
23700,121461,-32999,11222,-11869,2026-09-16 01:12:17,23118.6
23750,65850,-17276,2282,-4500,2026-09-16 01:12:17,23118.6
23800,122462,-55907,10421,-5454,2026-09-16 01:12:17,23118.6
23850,49666,3331,1805,-1541,2026-09-16 01:12:17,23118.6
23900,96170,-10055,7927,-9214,2026-09-16 01:12:17,23118.6
23950,39181,-7440,1049,-740,2026-09-16 01:12:17,23118.6
24000,174733,-35551,8423,-11373,2026-09-16 01:12:17,23118.6
24050,50141,9785,1019,-113,2026-09-16 01:12:17,23118.6
24100,95287,5837,5082,-579,2026-09-16 01:12:17,23118.6
24150,49143,16634,804,-222,2026-09-16 01:12:17,23118.6
24200,132178,48242,4659,-1631,2026-09-16 01:12:17,23118.6
24250,47653,19957,512,-177,2026-09-16 01:12:17,23118.6
24300,95594,38665,2769,-348,2026-09-16 01:12:17,23118.6
24350,48946,32608,380,-212,2026-09-16 01:12:17,23118.6
24400,87627,10282,1364,-844,2026-09-16 01:12:17,23118.6
24450,16293,5491,146,-71,2026-09-16 01:12:17,23118.6
24500,145430,-10164,2239,-2647,2026-09-16 01:12:17,23118.6
24550,22718,8603,79,-226,2026-09-16 01:12:17,23118.6
24600,33125,-14269,464,-954,2026-09-16 01:12:17,23118.6
24650,25015,8283,97,-38,2026-09-16 01:12:17,23118.6
24700,28980,-8708,213,-173,2026-09-16 01:12:17,23118.6
24750,13953,-750,43,-16,2026-09-16 01:12:17,23118.6
24800,19687,-26860,231,-152,2026-09-16 01:12:17,23118.6
24850,12744,932,0,0,2026-09-16 01:12:17,23118.6
24900,13548,-1708,162,-45,2026-09-16 01:12:17,23118.6
24950,6960,-1384,0,0,2026-09-16 01:12:17,23118.6
25000,63296,-21077,399,-898,2026-09-16 01:12:17,23118.6
25050,7334,-38,1,0,2026-09-16 01:12:17,23118.6
25100,8705,-1359,45,-54,2026-09-16 01:12:17,23118.6
25150,4751,-847,5,0,2026-09-16 01:12:17,23118.6
25200,9738,-12845,10,-38,2026-09-16 01:12:17,23118.6
25250,7177,-5076,8,0,2026-09-16 01:12:17,23118.6
25300,6311,-6653,38,-21,2026-09-16 01:12:17,23118.6
25350,2167,-310,0,0,2026-09-16 01:12:17,23118.6
25400,5456,-2842,20,-4,2026-09-16 01:12:17,23118.6
25450,1677,-2500,22,0,2026-09-16 01:12:17,23118.6
25500,15165,-11606,253,-706,2026-09-16 01:12:17,23118.6
25550,2625,-645,8,0,2026-09-16 01:12:17,23118.6
25600,3072,-4337,4,0,2026-09-16 01:12:17,23118.6
25650,1591,698,9,0,2026-09-16 01:12:17,23118.6
25700,2542,-1714,0,0,2026-09-16 01:12:17,23118.6
25750,998,191,0,0,2026-09-16 01:12:17,23118.6
25800,11748,-844,7,-1,2026-09-16 01:12:17,23118.6
25850,1260,343,0,0,2026-09-16 01:12:17,23118.6
25900,3439,-1120,0,0,2026-09-16 01:12:17,23118.6
25950,1226,229,0,0,2026-09-16 01:12:17,23118.6
26000,16285,-7500,333,-591,2026-09-16 01:12:17,23118.6
26050,1446,308,0,0,2026-09-16 01:12:17,23118.6
26100,1968,-413,0,0,2026-09-16 01:12:17,23118.6
26150,1817,369,0,0,2026-09-16 01:12:17,23118.6
26200,6776,487,0,0,2026-09-16 01:12:17,23118.6
21650,0,0,3083,0,2026-09-16 01:13:07,23118.6
21700,0,0,42768,-49899,2026-09-16 01:13:07,23118.6
21750,0,0,10012,-5594,2026-09-16 01:13:07,23118.6
21800,0,0,14224,-21702,2026-09-16 01:13:07,23118.6
21850,0,0,3126,-1416,2026-09-16 01:13:07,23118.6
21900,0,0,19664,-28292,2026-09-16 01:13:07,23118.6
21950,0,0,7912,-7492,2026-09-16 01:13:07,23118.6
22000,33,-3,54105,-67658,2026-09-16 01:13:07,23118.6
22050,0,0,8817,-2275,2026-09-16 01:13:07,23118.6
22100,0,0,20682,-25866,2026-09-16 01:13:07,23118.6
22150,0,0,7815,-5747,2026-09-16 01:13:07,23118.6
22200,0,0,37094,-30259,2026-09-16 01:13:07,23118.6
22250,0,0,12229,-9197,2026-09-16 01:13:07,23118.6
22300,37,-8,27918,-14372,2026-09-16 01:13:07,23118.6
22350,0,0,10610,-835,2026-09-16 01:13:07,23118.6
22400,10,-1,35390,-41003,2026-09-16 01:13:07,23118.6
22450,0,0,15321,1444,2026-09-16 01:13:07,23118.6
22500,358,29,139356,-6442,2026-09-16 01:13:07,23118.6
22550,0,0,19535,-2323,2026-09-16 01:13:07,23118.6
22600,144,49,67225,10788,2026-09-16 01:13:07,23118.6
22650,45,27,22560,2354,2026-09-16 01:13:07,23118.6
22700,706,44,81040,3890,2026-09-16 01:13:07,23118.6
22750,373,74,37617,-1555,2026-09-16 01:13:07,23118.6
22800,1607,266,109718,11346,2026-09-16 01:13:07,23118.6
22850,1246,747,46325,-5529,2026-09-16 01:13:07,23118.6
22900,2345,874,94572,-9847,2026-09-16 01:13:07,23118.6
22950,3969,3002,70064,15637,2026-09-16 01:13:07,23118.6
23000,16377,10400,172071,-18070,2026-09-16 01:13:07,23118.6
23050,25714,23784,143596,94162,2026-09-16 01:13:07,23118.6
23100,93887,88336,316052,194547,2026-09-16 01:13:07,23118.6
23150,275006,270881,114358,48587,2026-09-16 01:13:07,23118.6
23200,272804,254937,92267,-77549,2026-09-16 01:13:07,23118.6
23250,179516,157933,38843,-84828,2026-09-16 01:13:07,23118.6
23300,293111,250387,54650,-157693,2026-09-16 01:13:07,23118.6
23350,198328,165656,24801,-68804,2026-09-16 01:13:07,23118.6
23400,205556,110800,41089,-97214,2026-09-16 01:13:07,23118.6
23450,108817,46685,17366,-37222,2026-09-16 01:13:07,23118.6
23500,192916,49840,25181,-40136,2026-09-16 01:13:07,23118.6
23550,90133,15045,5923,-8236,2026-09-16 01:13:07,23118.6
23600,144400,22817,8361,-13035,2026-09-16 01:13:07,23118.6
23650,80347,3828,4025,-4118,2026-09-16 01:13:07,23118.6
23700,121461,-32999,11222,-11869,2026-09-16 01:13:07,23118.6
23750,65850,-17276,2282,-4500,2026-09-16 01:13:07,23118.6
23800,122462,-55907,10421,-5454,2026-09-16 01:13:07,23118.6
23850,49666,3331,1805,-1541,2026-09-16 01:13:07,23118.6
23900,96170,-10055,7927,-9214,2026-09-16 01:13:07,23118.6
23950,39181,-7440,1049,-740,2026-09-16 01:13:07,23118.6
24000,174733,-35551,8423,-11373,2026-09-16 01:13:07,23118.6
24050,50141,9785,1019,-113,2026-09-16 01:13:07,23118.6
24100,95287,5837,5082,-579,2026-09-16 01:13:07,23118.6
24150,49143,16634,804,-222,2026-09-16 01:13:07,23118.6
24200,132178,48242,4659,-1631,2026-09-16 01:13:07,23118.6
24250,47653,19957,512,-177,2026-09-16 01:13:07,23118.6
24300,95594,38665,2769,-348,2026-09-16 01:13:07,23118.6
24350,48946,32608,380,-212,2026-09-16 01:13:07,23118.6
24400,87627,10282,1364,-844,2026-09-16 01:13:07,23118.6
24450,16293,5491,146,-71,2026-09-16 01:13:07,23118.6
24500,145430,-10164,2239,-2647,2026-09-16 01:13:07,23118.6
24550,22718,8603,79,-226,2026-09-16 01:13:07,23118.6
24600,33125,-14269,464,-954,2026-09-16 01:13:07,23118.6
24650,25015,8283,97,-38,2026-09-16 01:13:07,23118.6
24700,28980,-8708,213,-173,2026-09-16 01:13:07,23118.6
24750,13953,-750,43,-16,2026-09-16 01:13:07,23118.6
24800,19687,-26860,231,-152,2026-09-16 01:13:07,23118.6
24850,12744,932,0,0,2026-09-16 01:13:07,23118.6
24900,13548,-1708,162,-45,2026-09-16 01:13:07,23118.6
24950,6960,-1384,0,0,2026-09-16 01:13:07,23118.6
25000,63296,-21077,399,-898,2026-09-16 01:13:07,23118.6
25050,7334,-38,1,0,2026-09-16 01:13:07,23118.6
25100,8705,-1359,45,-54,2026-09-16 01:13:07,23118.6
25150,4751,-847,5,0,2026-09-16 01:13:07,23118.6
25200,9738,-12845,10,-38,2026-09-16 01:13:07,23118.6
25250,7177,-5076,8,0,2026-09-16 01:13:07,23118.6
25300,6311,-6653,38,-21,2026-09-16 01:13:07,23118.6
25350,2167,-310,0,0,2026-09-16 01:13:07,23118.6
25400,5456,-2842,20,-4,2026-09-16 01:13:07,23118.6
25450,1677,-2500,22,0,2026-09-16 01:13:07,23118.6
25500,15165,-11606,253,-706,2026-09-16 01:13:07,23118.6
25550,2625,-645,8,0,2026-09-16 01:13:07,23118.6
25600,3072,-4337,4,0,2026-09-16 01:13:07,23118.6
25650,1591,698,9,0,2026-09-16 01:13:07,23118.6
25700,2542,-1714,0,0,2026-09-16 01:13:07,23118.6
25750,998,191,0,0,2026-09-16 01:13:07,23118.6
25800,11748,-844,7,-1,2026-09-16 01:13:07,23118.6
25850,1260,343,0,0,2026-09-16 01:13:07,23118.6
25900,3439,-1120,0,0,2026-09-16 01:13:07,23118.6
25950,1226,229,0,0,2026-09-16 01:13:07,23118.6
26000,16285,-7500,333,-591,2026-09-16 01:13:07,23118.6
26050,1446,308,0,0,2026-09-16 01:13:07,23118.6
26100,1968,-413,0,0,2026-09-16 01:13:07,23118.6
26150,1817,369,0,0,2026-09-16 01:13:07,23118.6
26200,6776,487,0,0,2026-09-16 01:13:07,23118.6
21350,0,0,3180,0,2026-09-16 09:21:35,23243.5
21400,0,0,2124,0,2026-09-16 09:21:35,23243.5
21450,0,0,402,0,2026-09-16 09:21:35,23243.5
21500,0,0,5399,0,2026-09-16 09:21:35,23243.5
21550,0,0,279,0,2026-09-16 09:21:35,23243.5
21600,0,0,1891,0,2026-09-16 09:21:35,23243.5
21650,0,0,24560,4720,2026-09-16 09:21:35,23243.5
21700,0,0,84034,3637,2026-09-16 09:21:35,23243.5
21750,0,0,3157,1371,2026-09-16 09:21:35,23243.5
21800,0,0,19541,4280,2026-09-16 09:21:35,23243.5
21850,0,0,1889,733,2026-09-16 09:21:35,23243.5
21900,0,0,13898,2155,2026-09-16 09:21:35,23243.5
21950,0,0,2571,933,2026-09-16 09:21:35,23243.5
22000,161,34,75135,3984,2026-09-16 09:21:35,23243.5
22050,5,0,2930,545,2026-09-16 09:21:35,23243.5
22100,17,0,10048,657,2026-09-16 09:21:35,23243.5
22150,5,0,3348,240,2026-09-16 09:21:35,23243.5
22200,34,0,28881,717,2026-09-16 09:21:35,23243.5
22250,8,0,6706,2428,2026-09-16 09:21:35,23243.5
22300,106,-13,29116,3464,2026-09-16 09:21:35,23243.5
22350,6,0,4769,992,2026-09-16 09:21:35,23243.5
22400,39,0,31465,3250,2026-09-16 09:21:35,23243.5
22450,5,0,5411,1087,2026-09-16 09:21:35,23243.5
22500,1397,15,74365,3970,2026-09-16 09:21:35,23243.5
22550,21,0,8334,2736,2026-09-16 09:21:35,23243.5
22600,481,4,48604,9791,2026-09-16 09:21:35,23243.5
22650,33,6,11379,3988,2026-09-16 09:21:35,23243.5
22700,535,27,54825,5954,2026-09-16 09:21:35,23243.5
22750,123,67,11584,3672,2026-09-16 09:21:35,23243.5
22800,1031,44,53672,6760,2026-09-16 09:21:35,23243.5
22850,349,169,12336,4672,2026-09-16 09:21:35,23243.5
22900,897,52,36140,6844,2026-09-16 09:21:35,23243.5
22950,393,42,15728,5431,2026-09-16 09:21:35,23243.5
23000,9790,50,98308,25268,2026-09-16 09:21:35,23243.5
23050,1622,207,18662,6525,2026-09-16 09:21:35,23243.5
23100,13722,1459,53827,20130,2026-09-16 09:21:35,23243.5
23150,9956,1276,29757,11447,2026-09-16 09:21:35,23243.5
23200,66302,10224,123795,53750,2026-09-16 09:21:35,23243.5
23250,34476,7700,38904,24937,2026-09-16 09:21:35,23243.5
23300,70636,14206,57039,19785,2026-09-16 09:21:35,23243.5
23350,26700,5386,11572,4680,2026-09-16 09:21:35,23243.5
23400,102056,5571,49874,4023,2026-09-16 09:21:35,23243.5
23450,35274,2815,13493,780,2026-09-16 09:21:35,23243.5
23500,92731,2776,38592,1477,2026-09-16 09:21:35,23243.5
23550,24200,592,2626,243,2026-09-16 09:21:35,23243.5
23600,73315,14528,15730,156,2026-09-16 09:21:35,23243.5
23650,24312,5647,3401,87,2026-09-16 09:21:35,23243.5
23700,64181,5443,13069,174,2026-09-16 09:21:35,23243.5
23750,23582,5539,1732,3,2026-09-16 09:21:35,23243.5
23800,76139,12050,9385,67,2026-09-16 09:21:35,23243.5
23850,20739,696,1064,3,2026-09-16 09:21:35,23243.5
23900,50341,4853,7554,8,2026-09-16 09:21:35,23243.5
23950,23775,1645,1242,-3,2026-09-16 09:21:35,23243.5
24000,108744,3054,18535,-646,2026-09-16 09:21:35,23243.5
24050,15451,1259,378,0,2026-09-16 09:21:35,23243.5
24100,52542,1921,2304,3,2026-09-16 09:21:35,23243.5
24150,12037,-176,416,0,2026-09-16 09:21:35,23243.5
24200,41929,-543,2934,-16,2026-09-16 09:21:35,23243.5
24250,16435,933,267,0,2026-09-16 09:21:35,23243.5
24300,74657,1296,1662,11,2026-09-16 09:21:35,23243.5
24350,12073,856,183,0,2026-09-16 09:21:35,23243.5
24400,29856,-160,1949,13,2026-09-16 09:21:35,23243.5
24450,6005,355,194,0,2026-09-16 09:21:35,23243.5
24500,87304,839,4653,6,2026-09-16 09:21:35,23243.5
24550,4887,36,393,0,2026-09-16 09:21:35,23243.5
24600,12112,380,761,0,2026-09-16 09:21:35,23243.5
24650,3553,592,83,0,2026-09-16 09:21:35,23243.5
24700,29544,2099,102,0,2026-09-16 09:21:35,23243.5
24750,2919,632,0,0,2026-09-16 09:21:35,23243.5
24800,48972,403,391,0,2026-09-16 09:21:35,23243.5
24850,6221,353,0,0,2026-09-16 09:21:35,23243.5
24900,36234,80,217,0,2026-09-16 09:21:35,23243.5
24950,5187,1079,0,0,2026-09-16 09:21:35,23243.5
25000,120306,258,1235,1,2026-09-16 09:21:35,23243.5
25050,5328,124,1,0,2026-09-16 09:21:35,23243.5
25100,21663,953,17,0,2026-09-16 09:21:35,23243.5
25150,5884,1003,0,0,2026-09-16 09:21:35,23243.5
25200,16989,-206,64,0,2026-09-16 09:21:35,23243.5
25250,2962,-25,0,0,2026-09-16 09:21:35,23243.5
25300,8512,415,1,0,2026-09-16 09:21:35,23243.5
25350,379,187,0,0,2026-09-16 09:21:35,23243.5
25400,5480,1179,23,0,2026-09-16 09:21:35,23243.5
25450,471,15,0,0,2026-09-16 09:21:35,23243.5
25500,20098,-210,950,0,2026-09-16 09:21:35,23243.5
25550,687,54,1,0,2026-09-16 09:21:35,23243.5
25600,2571,473,5,0,2026-09-16 09:21:35,23243.5
25650,324,109,0,0,2026-09-16 09:21:35,23243.5
25700,1076,410,0,0,2026-09-16 09:21:35,23243.5
25750,196,74,0,0,2026-09-16 09:21:35,23243.5
25800,13328,555,9,0,2026-09-16 09:21:35,23243.5
25850,428,193,0,0,2026-09-16 09:21:35,23243.5
25900,1353,119,0,0,2026-09-16 09:21:35,23243.5
25950,51,13,0,0,2026-09-16 09:21:35,23243.5
26000,20872,300,1075,0,2026-09-16 09:21:35,23243.5
26050,312,166,0,0,2026-09-16 09:21:35,23243.5
26100,4667,162,0,0,2026-09-16 09:21:35,23243.5
21350,0,0,3180,0,2026-09-16 09:21:43,23243.5
21400,0,0,2124,0,2026-09-16 09:21:43,23243.5
21450,0,0,402,0,2026-09-16 09:21:43,23243.5
21500,0,0,5399,0,2026-09-16 09:21:43,23243.5
21550,0,0,279,0,2026-09-16 09:21:43,23243.5
21600,0,0,1891,0,2026-09-16 09:21:43,23243.5
21650,0,0,24560,4720,2026-09-16 09:21:43,23243.5
21700,0,0,84034,3637,2026-09-16 09:21:43,23243.5
21750,0,0,3157,1371,2026-09-16 09:21:43,23243.5
21800,0,0,19541,4280,2026-09-16 09:21:43,23243.5
21850,0,0,1889,733,2026-09-16 09:21:43,23243.5
21900,0,0,13898,2155,2026-09-16 09:21:43,23243.5
21950,0,0,2571,933,2026-09-16 09:21:43,23243.5
22000,161,34,75135,3984,2026-09-16 09:21:43,23243.5
22050,5,0,2930,545,2026-09-16 09:21:43,23243.5
22100,17,0,10048,657,2026-09-16 09:21:43,23243.5
22150,5,0,3348,240,2026-09-16 09:21:43,23243.5
22200,34,0,28881,717,2026-09-16 09:21:43,23243.5
22250,8,0,6706,2428,2026-09-16 09:21:43,23243.5
22300,106,-13,29116,3464,2026-09-16 09:21:43,23243.5
22350,6,0,4769,992,2026-09-16 09:21:43,23243.5
22400,39,0,31465,3250,2026-09-16 09:21:43,23243.5
22450,5,0,5411,1087,2026-09-16 09:21:43,23243.5
22500,1397,15,74365,3970,2026-09-16 09:21:43,23243.5
22550,21,0,8334,2736,2026-09-16 09:21:43,23243.5
22600,481,4,48604,9791,2026-09-16 09:21:43,23243.5
22650,33,6,11379,3988,2026-09-16 09:21:43,23243.5
22700,535,27,54825,5954,2026-09-16 09:21:43,23243.5
22750,123,67,11584,3672,2026-09-16 09:21:43,23243.5
22800,1031,44,53672,6760,2026-09-16 09:21:43,23243.5
22850,349,169,12336,4672,2026-09-16 09:21:43,23243.5
22900,897,52,36140,6844,2026-09-16 09:21:43,23243.5
22950,393,42,15728,5431,2026-09-16 09:21:43,23243.5
23000,9790,50,98308,25268,2026-09-16 09:21:43,23243.5
23050,1622,207,18662,6525,2026-09-16 09:21:43,23243.5
23100,13722,1459,53827,20130,2026-09-16 09:21:43,23243.5
23150,9956,1276,29757,11447,2026-09-16 09:21:43,23243.5
23200,66302,10224,123795,53750,2026-09-16 09:21:43,23243.5
23250,34476,7700,38904,24937,2026-09-16 09:21:43,23243.5
23300,70636,14206,57039,19785,2026-09-16 09:21:43,23243.5
23350,26700,5386,11572,4680,2026-09-16 09:21:43,23243.5
23400,102056,5571,49874,4023,2026-09-16 09:21:43,23243.5
23450,35274,2815,13493,780,2026-09-16 09:21:43,23243.5
23500,92731,2776,38592,1477,2026-09-16 09:21:43,23243.5
23550,24200,592,2626,243,2026-09-16 09:21:43,23243.5
23600,73315,14528,15730,156,2026-09-16 09:21:43,23243.5
23650,24312,5647,3401,87,2026-09-16 09:21:43,23243.5
23700,64181,5443,13069,174,2026-09-16 09:21:43,23243.5
23750,23582,5539,1732,3,2026-09-16 09:21:43,23243.5
23800,76139,12050,9385,67,2026-09-16 09:21:43,23243.5
23850,20739,696,1064,3,2026-09-16 09:21:43,23243.5
23900,50341,4853,7554,8,2026-09-16 09:21:43,23243.5
23950,23775,1645,1242,-3,2026-09-16 09:21:43,23243.5
24000,108744,3054,18535,-646,2026-09-16 09:21:43,23243.5
24050,15451,1259,378,0,2026-09-16 09:21:43,23243.5
24100,52542,1921,2304,3,2026-09-16 09:21:43,23243.5
24150,12037,-176,416,0,2026-09-16 09:21:43,23243.5
24200,41929,-543,2934,-16,2026-09-16 09:21:43,23243.5
24250,16435,933,267,0,2026-09-16 09:21:43,23243.5
24300,74657,1296,1662,11,2026-09-16 09:21:43,23243.5
24350,12073,856,183,0,2026-09-16 09:21:43,23243.5
24400,29856,-160,1949,13,2026-09-16 09:21:43,23243.5
24450,6005,355,194,0,2026-09-16 09:21:43,23243.5
24500,87304,839,4653,6,2026-09-16 09:21:43,23243.5
24550,4887,36,393,0,2026-09-16 09:21:43,23243.5
24600,12112,380,761,0,2026-09-16 09:21:43,23243.5
24650,3553,592,83,0,2026-09-16 09:21:43,23243.5
24700,29544,2099,102,0,2026-09-16 09:21:43,23243.5
24750,2919,632,0,0,2026-09-16 09:21:43,23243.5
24800,48972,403,391,0,2026-09-16 09:21:43,23243.5
24850,6221,353,0,0,2026-09-16 09:21:43,23243.5
24900,36234,80,217,0,2026-09-16 09:21:43,23243.5
24950,5187,1079,0,0,2026-09-16 09:21:43,23243.5
25000,120306,258,1235,1,2026-09-16 09:21:43,23243.5
25050,5328,124,1,0,2026-09-16 09:21:43,23243.5
25100,21663,953,17,0,2026-09-16 09:21:43,23243.5
25150,5884,1003,0,0,2026-09-16 09:21:43,23243.5
25200,16989,-206,64,0,2026-09-16 09:21:43,23243.5
25250,2962,-25,0,0,2026-09-16 09:21:43,23243.5
25300,8512,415,1,0,2026-09-16 09:21:43,23243.5
25350,379,187,0,0,2026-09-16 09:21:43,23243.5
25400,5480,1179,23,0,2026-09-16 09:21:43,23243.5
25450,471,15,0,0,2026-09-16 09:21:43,23243.5
25500,20098,-210,950,0,2026-09-16 09:21:43,23243.5
25550,687,54,1,0,2026-09-16 09:21:43,23243.5
25600,2571,473,5,0,2026-09-16 09:21:43,23243.5
25650,324,109,0,0,2026-09-16 09:21:43,23243.5
25700,1076,410,0,0,2026-09-16 09:21:43,23243.5
25750,196,74,0,0,2026-09-16 09:21:43,23243.5
25800,13328,555,9,0,2026-09-16 09:21:43,23243.5
25850,428,193,0,0,2026-09-16 09:21:43,23243.5
25900,1353,119,0,0,2026-09-16 09:21:43,23243.5
25950,51,13,0,0,2026-09-16 09:21:43,23243.5
26000,20872,300,1075,0,2026-09-16 09:21:43,23243.5
26050,312,166,0,0,2026-09-16 09:21:43,23243.5
26100,4667,162,0,0,2026-09-16 09:21:43,23243.5
21350,0,0,3180,0,2026-09-16 09:22:33,23243.5
21400,0,0,2124,0,2026-09-16 09:22:33,23243.5
21450,0,0,402,0,2026-09-16 09:22:33,23243.5
21500,0,0,5399,0,2026-09-16 09:22:33,23243.5
21550,0,0,279,0,2026-09-16 09:22:33,23243.5
21600,0,0,1891,0,2026-09-16 09:22:33,23243.5
21650,0,0,24560,4720,2026-09-16 09:22:33,23243.5
21700,0,0,84034,3637,2026-09-16 09:22:33,23243.5
21750,0,0,3157,1371,2026-09-16 09:22:33,23243.5
21800,0,0,19541,4280,2026-09-16 09:22:33,23243.5
21850,0,0,1889,733,2026-09-16 09:22:33,23243.5
21900,0,0,13898,2155,2026-09-16 09:22:33,23243.5
21950,0,0,2571,933,2026-09-16 09:22:33,23243.5
22000,161,34,75135,3984,2026-09-16 09:22:33,23243.5
22050,5,0,2930,545,2026-09-16 09:22:33,23243.5
22100,17,0,10048,657,2026-09-16 09:22:33,23243.5
22150,5,0,3348,240,2026-09-16 09:22:33,23243.5
22200,34,0,28881,717,2026-09-16 09:22:33,23243.5
22250,8,0,6706,2428,2026-09-16 09:22:33,23243.5
22300,106,-13,29116,3464,2026-09-16 09:22:33,23243.5
22350,6,0,4769,992,2026-09-16 09:22:33,23243.5
22400,39,0,31465,3250,2026-09-16 09:22:33,23243.5
22450,5,0,5411,1087,2026-09-16 09:22:33,23243.5
22500,1397,15,74365,3970,2026-09-16 09:22:33,23243.5
22550,21,0,8334,2736,2026-09-16 09:22:33,23243.5
22600,481,4,48604,9791,2026-09-16 09:22:33,23243.5
22650,33,6,11379,3988,2026-09-16 09:22:33,23243.5
22700,535,27,54825,5954,2026-09-16 09:22:33,23243.5
22750,123,67,11584,3672,2026-09-16 09:22:33,23243.5
22800,1031,44,53672,6760,2026-09-16 09:22:33,23243.5
22850,349,169,12336,4672,2026-09-16 09:22:33,23243.5
22900,897,52,36140,6844,2026-09-16 09:22:33,23243.5
22950,393,42,15728,5431,2026-09-16 09:22:33,23243.5
23000,9790,50,98308,25268,2026-09-16 09:22:33,23243.5
23050,1622,207,18662,6525,2026-09-16 09:22:33,23243.5
23100,13722,1459,53827,20130,2026-09-16 09:22:33,23243.5
23150,9956,1276,29757,11447,2026-09-16 09:22:33,23243.5
23200,66302,10224,123795,53750,2026-09-16 09:22:33,23243.5
23250,34476,7700,38904,24937,2026-09-16 09:22:33,23243.5
23300,70636,14206,57039,19785,2026-09-16 09:22:33,23243.5
23350,26700,5386,11572,4680,2026-09-16 09:22:33,23243.5
23400,102056,5571,49874,4023,2026-09-16 09:22:33,23243.5
23450,35274,2815,13493,780,2026-09-16 09:22:33,23243.5
23500,92731,2776,38592,1477,2026-09-16 09:22:33,23243.5
23550,24200,592,2626,243,2026-09-16 09:22:33,23243.5
23600,73315,14528,15730,156,2026-09-16 09:22:33,23243.5
23650,24312,5647,3401,87,2026-09-16 09:22:33,23243.5
23700,64181,5443,13069,174,2026-09-16 09:22:33,23243.5
23750,23582,5539,1732,3,2026-09-16 09:22:33,23243.5
23800,76139,12050,9385,67,2026-09-16 09:22:33,23243.5
23850,20739,696,1064,3,2026-09-16 09:22:33,23243.5
23900,50341,4853,7554,8,2026-09-16 09:22:33,23243.5
23950,23775,1645,1242,-3,2026-09-16 09:22:33,23243.5
24000,108744,3054,18535,-646,2026-09-16 09:22:33,23243.5
24050,15451,1259,378,0,2026-09-16 09:22:33,23243.5
24100,52542,1921,2304,3,2026-09-16 09:22:33,23243.5
24150,12037,-176,416,0,2026-09-16 09:22:33,23243.5
24200,41929,-543,2934,-16,2026-09-16 09:22:33,23243.5
24250,16435,933,267,0,2026-09-16 09:22:33,23243.5
24300,74657,1296,1662,11,2026-09-16 09:22:33,23243.5
24350,12073,856,183,0,2026-09-16 09:22:33,23243.5
24400,29856,-160,1949,13,2026-09-16 09:22:33,23243.5
24450,6005,355,194,0,2026-09-16 09:22:33,23243.5
24500,87304,839,4653,6,2026-09-16 09:22:33,23243.5
24550,4887,36,393,0,2026-09-16 09:22:33,23243.5
24600,12112,380,761,0,2026-09-16 09:22:33,23243.5
24650,3553,592,83,0,2026-09-16 09:22:33,23243.5
24700,29544,2099,102,0,2026-09-16 09:22:33,23243.5
24750,2919,632,0,0,2026-09-16 09:22:33,23243.5
24800,48972,403,391,0,2026-09-16 09:22:33,23243.5
24850,6221,353,0,0,2026-09-16 09:22:33,23243.5
24900,36234,80,217,0,2026-09-16 09:22:33,23243.5
24950,5187,1079,0,0,2026-09-16 09:22:33,23243.5
25000,120306,258,1235,1,2026-09-16 09:22:33,23243.5
25050,5328,124,1,0,2026-09-16 09:22:33,23243.5
25100,21663,953,17,0,2026-09-16 09:22:33,23243.5
25150,5884,1003,0,0,2026-09-16 09:22:33,23243.5
25200,16989,-206,64,0,2026-09-16 09:22:33,23243.5
25250,2962,-25,0,0,2026-09-16 09:22:33,23243.5
25300,8512,415,1,0,2026-09-16 09:22:33,23243.5
25350,379,187,0,0,2026-09-16 09:22:33,23243.5
25400,5480,1179,23,0,2026-09-16 09:22:33,23243.5
25450,471,15,0,0,2026-09-16 09:22:33,23243.5
25500,20098,-210,950,0,2026-09-16 09:22:33,23243.5
25550,687,54,1,0,2026-09-16 09:22:33,23243.5
25600,2571,473,5,0,2026-09-16 09:22:33,23243.5
25650,324,109,0,0,2026-09-16 09:22:33,23243.5
25700,1076,410,0,0,2026-09-16 09:22:33,23243.5
25750,196,74,0,0,2026-09-16 09:22:33,23243.5
25800,13328,555,9,0,2026-09-16 09:22:33,23243.5
25850,428,193,0,0,2026-09-16 09:22:33,23243.5
25900,1353,119,0,0,2026-09-16 09:22:33,23243.5
25950,51,13,0,0,2026-09-16 09:22:33,23243.5
26000,20872,300,1075,0,2026-09-16 09:22:33,23243.5
26050,312,166,0,0,2026-09-16 09:22:33,23243.5
26100,4667,162,0,0,2026-09-16 09:22:33,23243.5
21350,0,0,4019,0,2026-09-16 09:24:39,23252.7
21400,0,0,2432,0,2026-09-16 09:24:39,23252.7
21450,0,0,445,0,2026-09-16 09:24:39,23252.7
21500,0,0,6060,0,2026-09-16 09:24:39,23252.7
21550,0,0,292,0,2026-09-16 09:24:39,23252.7
21600,0,0,2230,0,2026-09-16 09:24:39,23252.7
21650,0,0,24925,5085,2026-09-16 09:24:39,23252.7
21700,0,0,85554,5157,2026-09-16 09:24:39,23252.7
21750,0,0,3436,1650,2026-09-16 09:24:39,23252.7
21800,0,0,21418,6157,2026-09-16 09:24:39,23252.7
21850,0,0,2131,975,2026-09-16 09:24:39,23252.7
21900,0,0,14683,2940,2026-09-16 09:24:39,23252.7
21950,0,0,2791,1153,2026-09-16 09:24:39,23252.7
22000,161,34,77439,6288,2026-09-16 09:24:39,23252.7
22050,5,0,3315,930,2026-09-16 09:24:39,23252.7
22100,17,0,11742,2351,2026-09-16 09:24:39,23252.7
22150,5,0,3410,302,2026-09-16 09:24:39,23252.7
22200,34,0,28988,824,2026-09-16 09:24:39,23252.7
22250,8,0,6852,2574,2026-09-16 09:24:39,23252.7
22300,106,-13,29192,3540,2026-09-16 09:24:39,23252.7
22350,6,0,8129,4352,2026-09-16 09:24:39,23252.7
22400,39,0,32694,4479,2026-09-16 09:24:39,23252.7
22450,5,0,6139,1815,2026-09-16 09:24:39,23252.7
22500,1392,10,74484,4089,2026-09-16 09:24:39,23252.7
22550,21,0,8839,3241,2026-09-16 09:24:39,23252.7
22600,486,9,47179,8366,2026-09-16 09:24:39,23252.7
22650,34,7,11841,4450,2026-09-16 09:24:39,23252.7
22700,538,30,56051,7180,2026-09-16 09:24:39,23252.7
22750,121,65,16455,8543,2026-09-16 09:24:39,23252.7
22800,1036,49,55413,8501,2026-09-16 09:24:39,23252.7
22850,358,178,13377,5713,2026-09-16 09:24:39,23252.7
22900,940,95,37956,8660,2026-09-16 09:24:39,23252.7
22950,383,32,17519,7222,2026-09-16 09:24:39,23252.7
23000,10338,598,106516,33476,2026-09-16 09:24:39,23252.7
23050,1993,578,20731,8594,2026-09-16 09:24:39,23252.7
23100,14752,2489,56683,22986,2026-09-16 09:24:39,23252.7
23150,10343,1663,32069,13759,2026-09-16 09:24:39,23252.7
23200,70911,14833,134447,64402,2026-09-16 09:24:39,23252.7
23250,40285,13509,45832,31865,2026-09-16 09:24:39,23252.7
23300,76982,20552,61249,23995,2026-09-16 09:24:39,23252.7
23350,29366,8052,12610,5718,2026-09-16 09:24:39,23252.7
23400,104982,8497,52946,7095,2026-09-16 09:24:39,23252.7
23450,36873,4414,13458,745,2026-09-16 09:24:39,23252.7
23500,95007,5052,39037,1922,2026-09-16 09:24:39,23252.7
23550,25422,1814,2685,302,2026-09-16 09:24:39,23252.7
23600,71592,12805,15739,165,2026-09-16 09:24:39,23252.7
23650,26079,7414,3426,112,2026-09-16 09:24:39,23252.7
23700,66940,8202,12893,-2,2026-09-16 09:24:39,23252.7
23750,25973,7930,1734,5,2026-09-16 09:24:39,23252.7
23800,80110,16021,9374,56,2026-09-16 09:24:39,23252.7
23850,21883,1840,1065,4,2026-09-16 09:24:39,23252.7
23900,51363,5875,7554,8,2026-09-16 09:24:39,23252.7
23950,24302,2172,1253,8,2026-09-16 09:24:39,23252.7
24000,110106,4416,18383,-798,2026-09-16 09:24:39,23252.7
24050,15317,1125,377,-1,2026-09-16 09:24:39,23252.7
24100,61025,10404,2288,-13,2026-09-16 09:24:39,23252.7
24150,13421,1208,416,0,2026-09-16 09:24:39,23252.7
24200,41728,-744,2931,-19,2026-09-16 09:24:39,23252.7
24250,16719,1217,268,1,2026-09-16 09:24:39,23252.7
24300,58580,-14781,1663,12,2026-09-16 09:24:39,23252.7
24350,11366,149,183,0,2026-09-16 09:24:39,23252.7
24400,31476,1460,1949,13,2026-09-16 09:24:39,23252.7
24450,5779,129,195,1,2026-09-16 09:24:39,23252.7
24500,89180,2715,4650,3,2026-09-16 09:24:39,23252.7
24550,4709,-142,393,0,2026-09-16 09:24:39,23252.7
24600,12288,556,761,0,2026-09-16 09:24:39,23252.7
24650,3375,414,83,0,2026-09-16 09:24:39,23252.7
24700,29727,2282,102,0,2026-09-16 09:24:39,23252.7
24750,3347,1060,0,0,2026-09-16 09:24:39,23252.7
24800,49021,452,391,0,2026-09-16 09:24:39,23252.7
24850,6014,146,0,0,2026-09-16 09:24:39,23252.7
24900,36398,244,217,0,2026-09-16 09:24:39,23252.7
24950,5066,958,0,0,2026-09-16 09:24:39,23252.7
25000,119677,-371,1234,0,2026-09-16 09:24:39,23252.7
25050,5489,285,1,0,2026-09-16 09:24:39,23252.7
25100,21638,928,17,0,2026-09-16 09:24:39,23252.7
25150,6247,1366,0,0,2026-09-16 09:24:39,23252.7
25200,17194,-1,64,0,2026-09-16 09:24:39,23252.7
25250,3043,56,0,0,2026-09-16 09:24:39,23252.7
25300,8818,721,1,0,2026-09-16 09:24:39,23252.7
25350,379,187,0,0,2026-09-16 09:24:39,23252.7
25400,5479,1178,23,0,2026-09-16 09:24:39,23252.7
25450,472,16,0,0,2026-09-16 09:24:39,23252.7
25500,20259,-49,950,0,2026-09-16 09:24:39,23252.7
25550,687,54,1,0,2026-09-16 09:24:39,23252.7
25600,2727,629,5,0,2026-09-16 09:24:39,23252.7
25650,324,109,0,0,2026-09-16 09:24:39,23252.7
25700,1099,433,0,0,2026-09-16 09:24:39,23252.7
25750,197,75,0,0,2026-09-16 09:24:39,23252.7
25800,13490,717,9,0,2026-09-16 09:24:39,23252.7
25850,412,177,0,0,2026-09-16 09:24:39,23252.7
25900,1430,196,0,0,2026-09-16 09:24:39,23252.7
25950,51,13,0,0,2026-09-16 09:24:39,23252.7
26000,20702,130,1075,0,2026-09-16 09:24:39,23252.7
26050,312,166,0,0,2026-09-16 09:24:39,23252.7
26100,4640,135,0,0,2026-09-16 09:24:39,23252.7
