strike,ce_oi,ce_coi_day,pe_oi,pe_coi_day,timestamp,spot_price
15000,0,0,1872,192,2026-09-28 08:26:28,23140.5
16500,0,0,2380,126,2026-09-28 08:26:28,23140.5
18000,12,0,12184,-677,2026-09-28 08:26:28,23140.5
19500,1502,-200,12971,-3012,2026-09-28 08:26:28,23140.5
20800,0,0,6171,6171,2026-09-28 08:26:28,23140.5
20850,0,0,409,399,2026-09-28 08:26:28,23140.5
20900,0,0,1548,1548,2026-09-28 08:26:28,23140.5
20950,0,0,414,414,2026-09-28 08:26:28,23140.5
21000,4872,-1355,147444,-22606,2026-09-28 08:26:28,23140.5
21050,0,0,473,473,2026-09-28 08:26:28,23140.5
21100,0,0,5946,5945,2026-09-28 08:26:28,23140.5
21150,0,0,1148,1118,2026-09-28 08:26:28,23140.5
21200,0,0,2453,2168,2026-09-28 08:26:28,23140.5
21250,0,0,1121,1121,2026-09-28 08:26:28,23140.5
21300,0,0,1998,1187,2026-09-28 08:26:28,23140.5
21350,0,0,28157,-9517,2026-09-28 08:26:28,23140.5
21400,1,0,41677,827,2026-09-28 08:26:28,23140.5
21450,0,0,3499,-341,2026-09-28 08:26:28,23140.5
21500,1,0,61445,-4666,2026-09-28 08:26:28,23140.5
21550,0,0,4571,763,2026-09-28 08:26:28,23140.5
21600,582,-62,17257,-1189,2026-09-28 08:26:28,23140.5
21650,1,0,5293,401,2026-09-28 08:26:28,23140.5
21700,0,0,26462,2957,2026-09-28 08:26:28,23140.5
21750,1,0,10522,5142,2026-09-28 08:26:28,23140.5
21800,1,0,47389,11844,2026-09-28 08:26:28,23140.5
21850,1,0,13126,9182,2026-09-28 08:26:28,23140.5
21900,10,0,26853,11362,2026-09-28 08:26:28,23140.5
21950,2,0,9877,2638,2026-09-28 08:26:28,23140.5
22000,7997,-1767,201855,15199,2026-09-28 08:26:28,23140.5
22050,10,9,7568,-653,2026-09-28 08:26:28,23140.5
22100,24,0,32704,15713,2026-09-28 08:26:28,23140.5
22150,62,0,8130,3109,2026-09-28 08:26:28,23140.5
22200,76,-43,64023,10335,2026-09-28 08:26:28,23140.5
22250,6,-19,16082,6007,2026-09-28 08:26:28,23140.5
22300,60,33,58473,8342,2026-09-28 08:26:28,23140.5
22350,33,0,19701,2361,2026-09-28 08:26:28,23140.5
22400,153,64,63960,15187,2026-09-28 08:26:28,23140.5
22450,306,150,29167,9414,2026-09-28 08:26:28,23140.5
22500,8491,-1640,160880,24158,2026-09-28 08:26:28,23140.5
22550,287,179,32446,12158,2026-09-28 08:26:28,23140.5
22600,895,-18,75365,22601,2026-09-28 08:26:28,23140.5
22650,723,7,44545,10455,2026-09-28 08:26:28,23140.5
22700,1934,772,101127,30351,2026-09-28 08:26:28,23140.5
22750,937,82,56029,23444,2026-09-28 08:26:28,23140.5
22800,6375,394,138127,28040,2026-09-28 08:26:28,23140.5
22850,1577,-15,67167,22797,2026-09-28 08:26:28,23140.5
22900,6972,1179,99807,13059,2026-09-28 08:26:28,23140.5
22950,6181,2074,50943,14763,2026-09-28 08:26:28,23140.5
23000,50441,-9343,222071,41186,2026-09-28 08:26:28,23140.5
23050,36285,15494,97505,54569,2026-09-28 08:26:28,23140.5
23100,139708,30944,168406,51698,2026-09-28 08:26:28,23140.5
23150,56087,5152,61203,34051,2026-09-28 08:26:28,23140.5
23200,144416,-39419,93900,19247,2026-09-28 08:26:28,23140.5
23250,91540,-60448,52569,-1949,2026-09-28 08:26:28,23140.5
23300,148817,-30507,78961,-6409,2026-09-28 08:26:28,23140.5
23350,78850,10526,13649,-3509,2026-09-28 08:26:28,23140.5
23400,151092,-10789,55424,-6553,2026-09-28 08:26:28,23140.5
23450,67620,-4636,13795,-3065,2026-09-28 08:26:28,23140.5
23500,217592,8791,71269,-12578,2026-09-28 08:26:28,23140.5
23550,82436,17911,4824,-697,2026-09-28 08:26:28,23140.5
23600,115603,-8746,14617,-7701,2026-09-28 08:26:28,23140.5
23650,61021,-8919,3544,-360,2026-09-28 08:26:28,23140.5
23700,110910,2100,10546,-1373,2026-09-28 08:26:28,23140.5
23750,37163,-9063,2981,-549,2026-09-28 08:26:28,23140.5
23800,109449,211,12654,-7883,2026-09-28 08:26:28,23140.5
23850,37895,1635,1568,-260,2026-09-28 08:26:28,23140.5
23900,89727,-28242,8831,-3277,2026-09-28 08:26:28,23140.5
23950,29196,-3027,1809,-213,2026-09-28 08:26:28,23140.5
24000,240151,-58462,48540,-22343,2026-09-28 08:26:28,23140.5
24050,23239,-26288,1238,-5,2026-09-28 08:26:28,23140.5
24100,86192,2049,5951,-915,2026-09-28 08:26:28,23140.5
24150,25136,-1777,1752,-146,2026-09-28 08:26:28,23140.5
24200,122282,-16805,14453,-2633,2026-09-28 08:26:28,23140.5
24250,26454,-7425,2193,-11,2026-09-28 08:26:28,23140.5
24300,89644,-34410,31363,-7918,2026-09-28 08:26:28,23140.5
24350,23946,-3171,4446,-152,2026-09-28 08:26:28,23140.5
24400,56001,-6677,17874,-4469,2026-09-28 08:26:28,23140.5
24450,5603,-607,1128,-42,2026-09-28 08:26:28,23140.5
24500,156478,-38870,20505,-10449,2026-09-28 08:26:28,23140.5
24550,18022,-457,686,-6,2026-09-28 08:26:28,23140.5
24600,51310,-2746,7622,-1056,2026-09-28 08:26:28,23140.5
24650,13152,-319,520,-5,2026-09-28 08:26:28,23140.5
24700,55617,-2413,2435,-400,2026-09-28 08:26:28,23140.5
24750,5356,-50,381,0,2026-09-28 08:26:28,23140.5
24800,44540,-10196,3132,-580,2026-09-28 08:26:28,23140.5
24850,2293,-41,161,-11,2026-09-28 08:26:28,23140.5
24900,21311,-6759,837,-35,2026-09-28 08:26:28,23140.5
24950,2904,840,70,-1,2026-09-28 08:26:28,23140.5
25000,130723,-42912,15386,-5587,2026-09-28 08:26:28,23140.5
25050,1402,179,51,-1,2026-09-28 08:26:28,23140.5
25100,9590,-5084,1235,-109,2026-09-28 08:26:28,23140.5
25150,1228,-48,25,0,2026-09-28 08:26:28,23140.5
25200,9675,38,1019,-89,2026-09-28 08:26:28,23140.5
25250,905,-16,34,0,2026-09-28 08:26:28,23140.5
25300,6864,184,361,-40,2026-09-28 08:26:28,23140.5
25350,421,13,16,0,2026-09-28 08:26:28,23140.5
25400,2749,-578,304,-21,2026-09-28 08:26:28,23140.5
25450,583,1,9,0,2026-09-28 08:26:28,23140.5
25500,39808,-3857,9216,-2722,2026-09-28 08:26:28,23140.5
25550,2018,556,6,0,2026-09-28 08:26:28,23140.5
25600,1830,-1393,443,-5,2026-09-28 08:26:28,23140.5
25650,907,24,8,0,2026-09-28 08:26:28,23140.5
25700,4013,-120,131,-34,2026-09-28 08:26:28,23140.5
25750,312,-1,4,0,2026-09-28 08:26:28,23140.5
25800,4975,-816,268,-33,2026-09-28 08:26:28,23140.5
25850,332,46,13,13,2026-09-28 08:26:28,23140.5
25900,3318,69,37,-28,2026-09-28 08:26:28,23140.5
25950,426,21,1,0,2026-09-28 08:26:28,23140.5
26000,45287,-3339,17808,-4722,2026-09-28 08:26:28,23140.5
26050,254,-128,1,0,2026-09-28 08:26:28,23140.5
26100,469,44,67,-51,2026-09-28 08:26:28,23140.5
26150,264,5,1,0,2026-09-28 08:26:28,23140.5
26200,2553,-64,522,-27,2026-09-28 08:26:28,23140.5
26250,469,113,0,0,2026-09-28 08:26:28,23140.5
26300,1884,192,866,-82,2026-09-28 08:26:28,23140.5
26350,400,271,0,0,2026-09-28 08:26:28,23140.5
26400,260,-43,41,-1,2026-09-28 08:26:28,23140.5
26450,187,12,0,0,2026-09-28 08:26:28,23140.5
26500,8957,-1303,8550,-1074,2026-09-28 08:26:28,23140.5
26550,159,23,0,0,2026-09-28 08:26:28,23140.5
26600,626,26,0,0,2026-09-28 08:26:28,23140.5
26650,144,22,0,0,2026-09-28 08:26:28,23140.5
26700,167,22,0,0,2026-09-28 08:26:28,23140.5
26750,208,-17,1,0,2026-09-28 08:26:28,23140.5
26800,187,8,21,0,2026-09-28 08:26:28,23140.5
26850,203,33,0,0,2026-09-28 08:26:28,23140.5
26900,215,-2,1,0,2026-09-28 08:26:28,23140.5
26950,224,-1,0,0,2026-09-28 08:26:28,23140.5
27000,23546,-1900,16580,-2632,2026-09-28 08:26:28,23140.5
27050,361,10,0,0,2026-09-28 08:26:28,23140.5
27100,748,111,0,0,2026-09-28 08:26:28,23140.5
27150,1210,-56,0,0,2026-09-28 08:26:28,23140.5
27200,3983,732,0,0,2026-09-28 08:26:28,23140.5
28500,5819,-1262,3429,-1612,2026-09-28 08:26:28,23140.5
30000,4111,-178,1405,-480,2026-09-28 08:26:28,23140.5
31500,263,15,0,0,2026-09-28 08:26:28,23140.5
33000,1132,189,0,0,2026-09-28 08:26:28,23140.5
34500,227,24,0,0,2026-09-28 08:26:28,23140.5
15000,0,0,1872,192,2026-09-28 08:26:34,23140.5
16500,0,0,2380,126,2026-09-28 08:26:34,23140.5
18000,12,0,12184,-677,2026-09-28 08:26:34,23140.5
19500,1502,-200,12971,-3012,2026-09-28 08:26:34,23140.5
20800,0,0,6171,6171,2026-09-28 08:26:34,23140.5
20850,0,0,409,399,2026-09-28 08:26:34,23140.5
20900,0,0,1548,1548,2026-09-28 08:26:34,23140.5
20950,0,0,414,414,2026-09-28 08:26:34,23140.5
21000,4872,-1355,147444,-22606,2026-09-28 08:26:34,23140.5
21050,0,0,473,473,2026-09-28 08:26:34,23140.5
21100,0,0,5946,5945,2026-09-28 08:26:34,23140.5
21150,0,0,1148,1118,2026-09-28 08:26:34,23140.5
21200,0,0,2453,2168,2026-09-28 08:26:34,23140.5
21250,0,0,1121,1121,2026-09-28 08:26:34,23140.5
21300,0,0,1998,1187,2026-09-28 08:26:34,23140.5
21350,0,0,28157,-9517,2026-09-28 08:26:34,23140.5
21400,1,0,41677,827,2026-09-28 08:26:34,23140.5
21450,0,0,3499,-341,2026-09-28 08:26:34,23140.5
21500,1,0,61445,-4666,2026-09-28 08:26:34,23140.5
21550,0,0,4571,763,2026-09-28 08:26:34,23140.5
21600,582,-62,17257,-1189,2026-09-28 08:26:34,23140.5
21650,1,0,5293,401,2026-09-28 08:26:34,23140.5
21700,0,0,26462,2957,2026-09-28 08:26:34,23140.5
21750,1,0,10522,5142,2026-09-28 08:26:34,23140.5
21800,1,0,47389,11844,2026-09-28 08:26:34,23140.5
21850,1,0,13126,9182,2026-09-28 08:26:34,23140.5
21900,10,0,26853,11362,2026-09-28 08:26:34,23140.5
21950,2,0,9877,2638,2026-09-28 08:26:34,23140.5
22000,7997,-1767,201855,15199,2026-09-28 08:26:34,23140.5
22050,10,9,7568,-653,2026-09-28 08:26:34,23140.5
22100,24,0,32704,15713,2026-09-28 08:26:34,23140.5
22150,62,0,8130,3109,2026-09-28 08:26:34,23140.5
22200,76,-43,64023,10335,2026-09-28 08:26:34,23140.5
22250,6,-19,16082,6007,2026-09-28 08:26:34,23140.5
22300,60,33,58473,8342,2026-09-28 08:26:34,23140.5
22350,33,0,19701,2361,2026-09-28 08:26:34,23140.5
22400,153,64,63960,15187,2026-09-28 08:26:34,23140.5
22450,306,150,29167,9414,2026-09-28 08:26:34,23140.5
22500,8491,-1640,160880,24158,2026-09-28 08:26:34,23140.5
22550,287,179,32446,12158,2026-09-28 08:26:34,23140.5
22600,895,-18,75365,22601,2026-09-28 08:26:34,23140.5
22650,723,7,44545,10455,2026-09-28 08:26:34,23140.5
22700,1934,772,101127,30351,2026-09-28 08:26:34,23140.5
22750,937,82,56029,23444,2026-09-28 08:26:34,23140.5
22800,6375,394,138127,28040,2026-09-28 08:26:34,23140.5
22850,1577,-15,67167,22797,2026-09-28 08:26:34,23140.5
22900,6972,1179,99807,13059,2026-09-28 08:26:34,23140.5
22950,6181,2074,50943,14763,2026-09-28 08:26:34,23140.5
23000,50441,-9343,222071,41186,2026-09-28 08:26:34,23140.5
23050,36285,15494,97505,54569,2026-09-28 08:26:34,23140.5
23100,139708,30944,168406,51698,2026-09-28 08:26:34,23140.5
23150,56087,5152,61203,34051,2026-09-28 08:26:34,23140.5
23200,144416,-39419,93900,19247,2026-09-28 08:26:34,23140.5
23250,91540,-60448,52569,-1949,2026-09-28 08:26:34,23140.5
23300,148817,-30507,78961,-6409,2026-09-28 08:26:34,23140.5
23350,78850,10526,13649,-3509,2026-09-28 08:26:34,23140.5
23400,151092,-10789,55424,-6553,2026-09-28 08:26:34,23140.5
23450,67620,-4636,13795,-3065,2026-09-28 08:26:34,23140.5
23500,217592,8791,71269,-12578,2026-09-28 08:26:34,23140.5
23550,82436,17911,4824,-697,2026-09-28 08:26:34,23140.5
23600,115603,-8746,14617,-7701,2026-09-28 08:26:34,23140.5
23650,61021,-8919,3544,-360,2026-09-28 08:26:34,23140.5
23700,110910,2100,10546,-1373,2026-09-28 08:26:34,23140.5
23750,37163,-9063,2981,-549,2026-09-28 08:26:34,23140.5
23800,109449,211,12654,-7883,2026-09-28 08:26:34,23140.5
23850,37895,1635,1568,-260,2026-09-28 08:26:34,23140.5
23900,89727,-28242,8831,-3277,2026-09-28 08:26:34,23140.5
23950,29196,-3027,1809,-213,2026-09-28 08:26:34,23140.5
24000,240151,-58462,48540,-22343,2026-09-28 08:26:34,23140.5
24050,23239,-26288,1238,-5,2026-09-28 08:26:34,23140.5
24100,86192,2049,5951,-915,2026-09-28 08:26:34,23140.5
24150,25136,-1777,1752,-146,2026-09-28 08:26:34,23140.5
24200,122282,-16805,14453,-2633,2026-09-28 08:26:34,23140.5
24250,26454,-7425,2193,-11,2026-09-28 08:26:34,23140.5
24300,89644,-34410,31363,-7918,2026-09-28 08:26:34,23140.5
24350,23946,-3171,4446,-152,2026-09-28 08:26:34,23140.5
24400,56001,-6677,17874,-4469,2026-09-28 08:26:34,23140.5
24450,5603,-607,1128,-42,2026-09-28 08:26:34,23140.5
24500,156478,-38870,20505,-10449,2026-09-28 08:26:34,23140.5
24550,18022,-457,686,-6,2026-09-28 08:26:34,23140.5
24600,51310,-2746,7622,-1056,2026-09-28 08:26:34,23140.5
24650,13152,-319,520,-5,2026-09-28 08:26:34,23140.5
24700,55617,-2413,2435,-400,2026-09-28 08:26:34,23140.5
24750,5356,-50,381,0,2026-09-28 08:26:34,23140.5
24800,44540,-10196,3132,-580,2026-09-28 08:26:34,23140.5
24850,2293,-41,161,-11,2026-09-28 08:26:34,23140.5
24900,21311,-6759,837,-35,2026-09-28 08:26:34,23140.5
24950,2904,840,70,-1,2026-09-28 08:26:34,23140.5
25000,130723,-42912,15386,-5587,2026-09-28 08:26:34,23140.5
25050,1402,179,51,-1,2026-09-28 08:26:34,23140.5
25100,9590,-5084,1235,-109,2026-09-28 08:26:34,23140.5
25150,1228,-48,25,0,2026-09-28 08:26:34,23140.5
25200,9675,38,1019,-89,2026-09-28 08:26:34,23140.5
25250,905,-16,34,0,2026-09-28 08:26:34,23140.5
25300,6864,184,361,-40,2026-09-28 08:26:34,23140.5
25350,421,13,16,0,2026-09-28 08:26:34,23140.5
25400,2749,-578,304,-21,2026-09-28 08:26:34,23140.5
25450,583,1,9,0,2026-09-28 08:26:34,23140.5
25500,39808,-3857,9216,-2722,2026-09-28 08:26:34,23140.5
25550,2018,556,6,0,2026-09-28 08:26:34,23140.5
25600,1830,-1393,443,-5,2026-09-28 08:26:34,23140.5
25650,907,24,8,0,2026-09-28 08:26:34,23140.5
25700,4013,-120,131,-34,2026-09-28 08:26:34,23140.5
25750,312,-1,4,0,2026-09-28 08:26:34,23140.5
25800,4975,-816,268,-33,2026-09-28 08:26:34,23140.5
25850,332,46,13,13,2026-09-28 08:26:34,23140.5
25900,3318,69,37,-28,2026-09-28 08:26:34,23140.5
25950,426,21,1,0,2026-09-28 08:26:34,23140.5
26000,45287,-3339,17808,-4722,2026-09-28 08:26:34,23140.5
26050,254,-128,1,0,2026-09-28 08:26:34,23140.5
26100,469,44,67,-51,2026-09-28 08:26:34,23140.5
26150,264,5,1,0,2026-09-28 08:26:34,23140.5
26200,2553,-64,522,-27,2026-09-28 08:26:34,23140.5
26250,469,113,0,0,2026-09-28 08:26:34,23140.5
26300,1884,192,866,-82,2026-09-28 08:26:34,23140.5
26350,400,271,0,0,2026-09-28 08:26:34,23140.5
26400,260,-43,41,-1,2026-09-28 08:26:34,23140.5
26450,187,12,0,0,2026-09-28 08:26:34,23140.5
26500,8957,-1303,8550,-1074,2026-09-28 08:26:34,23140.5
26550,159,23,0,0,2026-09-28 08:26:34,23140.5
26600,626,26,0,0,2026-09-28 08:26:34,23140.5
26650,144,22,0,0,2026-09-28 08:26:34,23140.5
26700,167,22,0,0,2026-09-28 08:26:34,23140.5
26750,208,-17,1,0,2026-09-28 08:26:34,23140.5
26800,187,8,21,0,2026-09-28 08:26:34,23140.5
26850,203,33,0,0,2026-09-28 08:26:34,23140.5
26900,215,-2,1,0,2026-09-28 08:26:34,23140.5
26950,224,-1,0,0,2026-09-28 08:26:34,23140.5
27000,23546,-1900,16580,-2632,2026-09-28 08:26:34,23140.5
27050,361,10,0,0,2026-09-28 08:26:34,23140.5
27100,748,111,0,0,2026-09-28 08:26:34,23140.5
27150,1210,-56,0,0,2026-09-28 08:26:34,23140.5
27200,3983,732,0,0,2026-09-28 08:26:34,23140.5
28500,5819,-1262,3429,-1612,2026-09-28 08:26:34,23140.5
30000,4111,-178,1405,-480,2026-09-28 08:26:34,23140.5
31500,263,15,0,0,2026-09-28 08:26:34,23140.5
33000,1132,189,0,0,2026-09-28 08:26:34,23140.5
34500,227,24,0,0,2026-09-28 08:26:34,23140.5
15000,0,0,1872,192,2026-09-28 08:27:23,23140.5
16500,0,0,2380,126,2026-09-28 08:27:23,23140.5
18000,12,0,12184,-677,2026-09-28 08:27:23,23140.5
19500,1502,-200,12971,-3012,2026-09-28 08:27:23,23140.5
20800,0,0,6171,6171,2026-09-28 08:27:23,23140.5
20850,0,0,409,399,2026-09-28 08:27:23,23140.5
20900,0,0,1548,1548,2026-09-28 08:27:23,23140.5
20950,0,0,414,414,2026-09-28 08:27:23,23140.5
21000,4872,-1355,147444,-22606,2026-09-28 08:27:23,23140.5
21050,0,0,473,473,2026-09-28 08:27:23,23140.5
21100,0,0,5946,5945,2026-09-28 08:27:23,23140.5
21150,0,0,1148,1118,2026-09-28 08:27:23,23140.5
21200,0,0,2453,2168,2026-09-28 08:27:23,23140.5
21250,0,0,1121,1121,2026-09-28 08:27:23,23140.5
21300,0,0,1998,1187,2026-09-28 08:27:23,23140.5
21350,0,0,28157,-9517,2026-09-28 08:27:23,23140.5
21400,1,0,41677,827,2026-09-28 08:27:23,23140.5
21450,0,0,3499,-341,2026-09-28 08:27:23,23140.5
21500,1,0,61445,-4666,2026-09-28 08:27:23,23140.5
21550,0,0,4571,763,2026-09-28 08:27:23,23140.5
21600,582,-62,17257,-1189,2026-09-28 08:27:23,23140.5
21650,1,0,5293,401,2026-09-28 08:27:23,23140.5
21700,0,0,26462,2957,2026-09-28 08:27:23,23140.5
21750,1,0,10522,5142,2026-09-28 08:27:23,23140.5
21800,1,0,47389,11844,2026-09-28 08:27:23,23140.5
21850,1,0,13126,9182,2026-09-28 08:27:23,23140.5
21900,10,0,26853,11362,2026-09-28 08:27:23,23140.5
21950,2,0,9877,2638,2026-09-28 08:27:23,23140.5
22000,7997,-1767,201855,15199,2026-09-28 08:27:23,23140.5
22050,10,9,7568,-653,2026-09-28 08:27:23,23140.5
22100,24,0,32704,15713,2026-09-28 08:27:23,23140.5
22150,62,0,8130,3109,2026-09-28 08:27:23,23140.5
22200,76,-43,64023,10335,2026-09-28 08:27:23,23140.5
22250,6,-19,16082,6007,2026-09-28 08:27:23,23140.5
22300,60,33,58473,8342,2026-09-28 08:27:23,23140.5
22350,33,0,19701,2361,2026-09-28 08:27:23,23140.5
22400,153,64,63960,15187,2026-09-28 08:27:23,23140.5
22450,306,150,29167,9414,2026-09-28 08:27:23,23140.5
22500,8491,-1640,160880,24158,2026-09-28 08:27:23,23140.5
22550,287,179,32446,12158,2026-09-28 08:27:23,23140.5
22600,895,-18,75365,22601,2026-09-28 08:27:23,23140.5
22650,723,7,44545,10455,2026-09-28 08:27:23,23140.5
22700,1934,772,101127,30351,2026-09-28 08:27:23,23140.5
22750,937,82,56029,23444,2026-09-28 08:27:23,23140.5
22800,6375,394,138127,28040,2026-09-28 08:27:23,23140.5
22850,1577,-15,67167,22797,2026-09-28 08:27:23,23140.5
22900,6972,1179,99807,13059,2026-09-28 08:27:23,23140.5
22950,6181,2074,50943,14763,2026-09-28 08:27:23,23140.5
23000,50441,-9343,222071,41186,2026-09-28 08:27:23,23140.5
23050,36285,15494,97505,54569,2026-09-28 08:27:23,23140.5
23100,139708,30944,168406,51698,2026-09-28 08:27:23,23140.5
23150,56087,5152,61203,34051,2026-09-28 08:27:23,23140.5
23200,144416,-39419,93900,19247,2026-09-28 08:27:23,23140.5
23250,91540,-60448,52569,-1949,2026-09-28 08:27:23,23140.5
23300,148817,-30507,78961,-6409,2026-09-28 08:27:23,23140.5
23350,78850,10526,13649,-3509,2026-09-28 08:27:23,23140.5
23400,151092,-10789,55424,-6553,2026-09-28 08:27:23,23140.5
23450,67620,-4636,13795,-3065,2026-09-28 08:27:23,23140.5
23500,217592,8791,71269,-12578,2026-09-28 08:27:23,23140.5
23550,82436,17911,4824,-697,2026-09-28 08:27:23,23140.5
23600,115603,-8746,14617,-7701,2026-09-28 08:27:23,23140.5
23650,61021,-8919,3544,-360,2026-09-28 08:27:23,23140.5
23700,110910,2100,10546,-1373,2026-09-28 08:27:23,23140.5
23750,37163,-9063,2981,-549,2026-09-28 08:27:23,23140.5
23800,109449,211,12654,-7883,2026-09-28 08:27:23,23140.5
23850,37895,1635,1568,-260,2026-09-28 08:27:23,23140.5
23900,89727,-28242,8831,-3277,2026-09-28 08:27:23,23140.5
23950,29196,-3027,1809,-213,2026-09-28 08:27:23,23140.5
24000,240151,-58462,48540,-22343,2026-09-28 08:27:23,23140.5
24050,23239,-26288,1238,-5,2026-09-28 08:27:23,23140.5
24100,86192,2049,5951,-915,2026-09-28 08:27:23,23140.5
24150,25136,-1777,1752,-146,2026-09-28 08:27:23,23140.5
24200,122282,-16805,14453,-2633,2026-09-28 08:27:23,23140.5
24250,26454,-7425,2193,-11,2026-09-28 08:27:23,23140.5
24300,89644,-34410,31363,-7918,2026-09-28 08:27:23,23140.5
24350,23946,-3171,4446,-152,2026-09-28 08:27:23,23140.5
24400,56001,-6677,17874,-4469,2026-09-28 08:27:23,23140.5
24450,5603,-607,1128,-42,2026-09-28 08:27:23,23140.5
24500,156478,-38870,20505,-10449,2026-09-28 08:27:23,23140.5
24550,18022,-457,686,-6,2026-09-28 08:27:23,23140.5
24600,51310,-2746,7622,-1056,2026-09-28 08:27:23,23140.5
24650,13152,-319,520,-5,2026-09-28 08:27:23,23140.5
24700,55617,-2413,2435,-400,2026-09-28 08:27:23,23140.5
24750,5356,-50,381,0,2026-09-28 08:27:23,23140.5
24800,44540,-10196,3132,-580,2026-09-28 08:27:23,23140.5
24850,2293,-41,161,-11,2026-09-28 08:27:23,23140.5
24900,21311,-6759,837,-35,2026-09-28 08:27:23,23140.5
24950,2904,840,70,-1,2026-09-28 08:27:23,23140.5
25000,130723,-42912,15386,-5587,2026-09-28 08:27:23,23140.5
25050,1402,179,51,-1,2026-09-28 08:27:23,23140.5
25100,9590,-5084,1235,-109,2026-09-28 08:27:23,23140.5
25150,1228,-48,25,0,2026-09-28 08:27:23,23140.5
25200,9675,38,1019,-89,2026-09-28 08:27:23,23140.5
25250,905,-16,34,0,2026-09-28 08:27:23,23140.5
25300,6864,184,361,-40,2026-09-28 08:27:23,23140.5
25350,421,13,16,0,2026-09-28 08:27:23,23140.5
25400,2749,-578,304,-21,2026-09-28 08:27:23,23140.5
25450,583,1,9,0,2026-09-28 08:27:23,23140.5
25500,39808,-3857,9216,-2722,2026-09-28 08:27:23,23140.5
25550,2018,556,6,0,2026-09-28 08:27:23,23140.5
25600,1830,-1393,443,-5,2026-09-28 08:27:23,23140.5
25650,907,24,8,0,2026-09-28 08:27:23,23140.5
25700,4013,-120,131,-34,2026-09-28 08:27:23,23140.5
25750,312,-1,4,0,2026-09-28 08:27:23,23140.5
25800,4975,-816,268,-33,2026-09-28 08:27:23,23140.5
25850,332,46,13,13,2026-09-28 08:27:23,23140.5
25900,3318,69,37,-28,2026-09-28 08:27:23,23140.5
25950,426,21,1,0,2026-09-28 08:27:23,23140.5
26000,45287,-3339,17808,-4722,2026-09-28 08:27:23,23140.5
26050,254,-128,1,0,2026-09-28 08:27:23,23140.5
26100,469,44,67,-51,2026-09-28 08:27:23,23140.5
26150,264,5,1,0,2026-09-28 08:27:23,23140.5
26200,2553,-64,522,-27,2026-09-28 08:27:23,23140.5
26250,469,113,0,0,2026-09-28 08:27:23,23140.5
26300,1884,192,866,-82,2026-09-28 08:27:23,23140.5
26350,400,271,0,0,2026-09-28 08:27:23,23140.5
26400,260,-43,41,-1,2026-09-28 08:27:23,23140.5
26450,187,12,0,0,2026-09-28 08:27:23,23140.5
26500,8957,-1303,8550,-1074,2026-09-28 08:27:23,23140.5
26550,159,23,0,0,2026-09-28 08:27:23,23140.5
26600,626,26,0,0,2026-09-28 08:27:23,23140.5
26650,144,22,0,0,2026-09-28 08:27:23,23140.5
26700,167,22,0,0,2026-09-28 08:27:23,23140.5
26750,208,-17,1,0,2026-09-28 08:27:23,23140.5
26800,187,8,21,0,2026-09-28 08:27:23,23140.5
26850,203,33,0,0,2026-09-28 08:27:23,23140.5
26900,215,-2,1,0,2026-09-28 08:27:23,23140.5
26950,224,-1,0,0,2026-09-28 08:27:23,23140.5
27000,23546,-1900,16580,-2632,2026-09-28 08:27:23,23140.5
27050,361,10,0,0,2026-09-28 08:27:23,23140.5
27100,748,111,0,0,2026-09-28 08:27:23,23140.5
27150,1210,-56,0,0,2026-09-28 08:27:23,23140.5
27200,3983,732,0,0,2026-09-28 08:27:23,23140.5
28500,5819,-1262,3429,-1612,2026-09-28 08:27:23,23140.5
30000,4111,-178,1405,-480,2026-09-28 08:27:23,23140.5
31500,263,15,0,0,2026-09-28 08:27:23,23140.5
33000,1132,189,0,0,2026-09-28 08:27:23,23140.5
34500,227,24,0,0,2026-09-28 08:27:23,23140.5
15000,0,0,1872,192,2026-09-28 08:29:32,23140.5
16500,0,0,2380,126,2026-09-28 08:29:32,23140.5
18000,12,0,12184,-677,2026-09-28 08:29:32,23140.5
19500,1502,-200,12971,-3012,2026-09-28 08:29:32,23140.5
20800,0,0,6171,6171,2026-09-28 08:29:32,23140.5
20850,0,0,409,399,2026-09-28 08:29:32,23140.5
20900,0,0,1548,1548,2026-09-28 08:29:32,23140.5
20950,0,0,414,414,2026-09-28 08:29:32,23140.5
21000,4872,-1355,147444,-22606,2026-09-28 08:29:32,23140.5
21050,0,0,473,473,2026-09-28 08:29:32,23140.5
21100,0,0,5946,5945,2026-09-28 08:29:32,23140.5
21150,0,0,1148,1118,2026-09-28 08:29:32,23140.5
21200,0,0,2453,2168,2026-09-28 08:29:32,23140.5
21250,0,0,1121,1121,2026-09-28 08:29:32,23140.5
21300,0,0,1998,1187,2026-09-28 08:29:32,23140.5
21350,0,0,28157,-9517,2026-09-28 08:29:32,23140.5
21400,1,0,41677,827,2026-09-28 08:29:32,23140.5
21450,0,0,3499,-341,2026-09-28 08:29:32,23140.5
21500,1,0,61445,-4666,2026-09-28 08:29:32,23140.5
21550,0,0,4571,763,2026-09-28 08:29:32,23140.5
21600,582,-62,17257,-1189,2026-09-28 08:29:32,23140.5
21650,1,0,5293,401,2026-09-28 08:29:32,23140.5
21700,0,0,26462,2957,2026-09-28 08:29:32,23140.5
21750,1,0,10522,5142,2026-09-28 08:29:32,23140.5
21800,1,0,47389,11844,2026-09-28 08:29:32,23140.5
21850,1,0,13126,9182,2026-09-28 08:29:32,23140.5
21900,10,0,26853,11362,2026-09-28 08:29:32,23140.5
21950,2,0,9877,2638,2026-09-28 08:29:32,23140.5
22000,7997,-1767,201855,15199,2026-09-28 08:29:32,23140.5
22050,10,9,7568,-653,2026-09-28 08:29:32,23140.5
22100,24,0,32704,15713,2026-09-28 08:29:32,23140.5
22150,62,0,8130,3109,2026-09-28 08:29:32,23140.5
22200,76,-43,64023,10335,2026-09-28 08:29:32,23140.5
22250,6,-19,16082,6007,2026-09-28 08:29:32,23140.5
22300,60,33,58473,8342,2026-09-28 08:29:32,23140.5
22350,33,0,19701,2361,2026-09-28 08:29:32,23140.5
22400,153,64,63960,15187,2026-09-28 08:29:32,23140.5
22450,306,150,29167,9414,2026-09-28 08:29:32,23140.5
22500,8491,-1640,160880,24158,2026-09-28 08:29:32,23140.5
22550,287,179,32446,12158,2026-09-28 08:29:32,23140.5
22600,895,-18,75365,22601,2026-09-28 08:29:32,23140.5
22650,723,7,44545,10455,2026-09-28 08:29:32,23140.5
22700,1934,772,101127,30351,2026-09-28 08:29:32,23140.5
22750,937,82,56029,23444,2026-09-28 08:29:32,23140.5
22800,6375,394,138127,28040,2026-09-28 08:29:32,23140.5
22850,1577,-15,67167,22797,2026-09-28 08:29:32,23140.5
22900,6972,1179,99807,13059,2026-09-28 08:29:32,23140.5
22950,6181,2074,50943,14763,2026-09-28 08:29:32,23140.5
23000,50441,-9343,222071,41186,2026-09-28 08:29:32,23140.5
23050,36285,15494,97505,54569,2026-09-28 08:29:32,23140.5
23100,139708,30944,168406,51698,2026-09-28 08:29:32,23140.5
23150,56087,5152,61203,34051,2026-09-28 08:29:32,23140.5
23200,144416,-39419,93900,19247,2026-09-28 08:29:32,23140.5
23250,91540,-60448,52569,-1949,2026-09-28 08:29:32,23140.5
23300,148817,-30507,78961,-6409,2026-09-28 08:29:32,23140.5
23350,78850,10526,13649,-3509,2026-09-28 08:29:32,23140.5
23400,151092,-10789,55424,-6553,2026-09-28 08:29:32,23140.5
23450,67620,-4636,13795,-3065,2026-09-28 08:29:32,23140.5
23500,217592,8791,71269,-12578,2026-09-28 08:29:32,23140.5
23550,82436,17911,4824,-697,2026-09-28 08:29:32,23140.5
23600,115603,-8746,14617,-7701,2026-09-28 08:29:32,23140.5
23650,61021,-8919,3544,-360,2026-09-28 08:29:32,23140.5
23700,110910,2100,10546,-1373,2026-09-28 08:29:32,23140.5
23750,37163,-9063,2981,-549,2026-09-28 08:29:32,23140.5
23800,109449,211,12654,-7883,2026-09-28 08:29:32,23140.5
23850,37895,1635,1568,-260,2026-09-28 08:29:32,23140.5
23900,89727,-28242,8831,-3277,2026-09-28 08:29:32,23140.5
23950,29196,-3027,1809,-213,2026-09-28 08:29:32,23140.5
24000,240151,-58462,48540,-22343,2026-09-28 08:29:32,23140.5
24050,23239,-26288,1238,-5,2026-09-28 08:29:32,23140.5
24100,86192,2049,5951,-915,2026-09-28 08:29:32,23140.5
24150,25136,-1777,1752,-146,2026-09-28 08:29:32,23140.5
24200,122282,-16805,14453,-2633,2026-09-28 08:29:32,23140.5
24250,26454,-7425,2193,-11,2026-09-28 08:29:32,23140.5
24300,89644,-34410,31363,-7918,2026-09-28 08:29:32,23140.5
24350,23946,-3171,4446,-152,2026-09-28 08:29:32,23140.5
24400,56001,-6677,17874,-4469,2026-09-28 08:29:32,23140.5
24450,5603,-607,1128,-42,2026-09-28 08:29:32,23140.5
24500,156478,-38870,20505,-10449,2026-09-28 08:29:32,23140.5
24550,18022,-457,686,-6,2026-09-28 08:29:32,23140.5
24600,51310,-2746,7622,-1056,2026-09-28 08:29:32,23140.5
24650,13152,-319,520,-5,2026-09-28 08:29:32,23140.5
24700,55617,-2413,2435,-400,2026-09-28 08:29:32,23140.5
24750,5356,-50,381,0,2026-09-28 08:29:32,23140.5
24800,44540,-10196,3132,-580,2026-09-28 08:29:32,23140.5
24850,2293,-41,161,-11,2026-09-28 08:29:32,23140.5
24900,21311,-6759,837,-35,2026-09-28 08:29:32,23140.5
24950,2904,840,70,-1,2026-09-28 08:29:32,23140.5
25000,130723,-42912,15386,-5587,2026-09-28 08:29:32,23140.5
25050,1402,179,51,-1,2026-09-28 08:29:32,23140.5
25100,9590,-5084,1235,-109,2026-09-28 08:29:32,23140.5
25150,1228,-48,25,0,2026-09-28 08:29:32,23140.5
25200,9675,38,1019,-89,2026-09-28 08:29:32,23140.5
25250,905,-16,34,0,2026-09-28 08:29:32,23140.5
25300,6864,184,361,-40,2026-09-28 08:29:32,23140.5
25350,421,13,16,0,2026-09-28 08:29:32,23140.5
25400,2749,-578,304,-21,2026-09-28 08:29:32,23140.5
25450,583,1,9,0,2026-09-28 08:29:32,23140.5
25500,39808,-3857,9216,-2722,2026-09-28 08:29:32,23140.5
25550,2018,556,6,0,2026-09-28 08:29:32,23140.5
25600,1830,-1393,443,-5,2026-09-28 08:29:32,23140.5
25650,907,24,8,0,2026-09-28 08:29:32,23140.5
25700,4013,-120,131,-34,2026-09-28 08:29:32,23140.5
25750,312,-1,4,0,2026-09-28 08:29:32,23140.5
25800,4975,-816,268,-33,2026-09-28 08:29:32,23140.5
25850,332,46,13,13,2026-09-28 08:29:32,23140.5
25900,3318,69,37,-28,2026-09-28 08:29:32,23140.5
25950,426,21,1,0,2026-09-28 08:29:32,23140.5
26000,45287,-3339,17808,-4722,2026-09-28 08:29:32,23140.5
26050,254,-128,1,0,2026-09-28 08:29:32,23140.5
26100,469,44,67,-51,2026-09-28 08:29:32,23140.5
26150,264,5,1,0,2026-09-28 08:29:32,23140.5
26200,2553,-64,522,-27,2026-09-28 08:29:32,23140.5
26250,469,113,0,0,2026-09-28 08:29:32,23140.5
26300,1884,192,866,-82,2026-09-28 08:29:32,23140.5
26350,400,271,0,0,2026-09-28 08:29:32,23140.5
26400,260,-43,41,-1,2026-09-28 08:29:32,23140.5
26450,187,12,0,0,2026-09-28 08:29:32,23140.5
26500,8957,-1303,8550,-1074,2026-09-28 08:29:32,23140.5
26550,159,23,0,0,2026-09-28 08:29:32,23140.5
26600,626,26,0,0,2026-09-28 08:29:32,23140.5
26650,144,22,0,0,2026-09-28 08:29:32,23140.5
26700,167,22,0,0,2026-09-28 08:29:32,23140.5
26750,208,-17,1,0,2026-09-28 08:29:32,23140.5
26800,187,8,21,0,2026-09-28 08:29:32,23140.5
26850,203,33,0,0,2026-09-28 08:29:32,23140.5
26900,215,-2,1,0,2026-09-28 08:29:32,23140.5
26950,224,-1,0,0,2026-09-28 08:29:32,23140.5
27000,23546,-1900,16580,-2632,2026-09-28 08:29:32,23140.5
27050,361,10,0,0,2026-09-28 08:29:32,23140.5
27100,748,111,0,0,2026-09-28 08:29:32,23140.5
27150,1210,-56,0,0,2026-09-28 08:29:32,23140.5
27200,3983,732,0,0,2026-09-28 08:29:32,23140.5
28500,5819,-1262,3429,-1612,2026-09-28 08:29:32,23140.5
30000,4111,-178,1405,-480,2026-09-28 08:29:32,23140.5
31500,263,15,0,0,2026-09-28 08:29:32,23140.5
33000,1132,189,0,0,2026-09-28 08:29:32,23140.5
34500,227,24,0,0,2026-09-28 08:29:32,23140.5
15000,0,0,1872,192,2026-09-28 08:32:36,23140.5
16500,0,0,2380,126,2026-09-28 08:32:36,23140.5
18000,12,0,12184,-677,2026-09-28 08:32:36,23140.5
19500,1502,-200,12971,-3012,2026-09-28 08:32:36,23140.5
20800,0,0,6171,6171,2026-09-28 08:32:36,23140.5
20850,0,0,409,399,2026-09-28 08:32:36,23140.5
20900,0,0,1548,1548,2026-09-28 08:32:36,23140.5
20950,0,0,414,414,2026-09-28 08:32:36,23140.5
21000,4872,-1355,147444,-22606,2026-09-28 08:32:36,23140.5
21050,0,0,473,473,2026-09-28 08:32:36,23140.5
21100,0,0,5946,5945,2026-09-28 08:32:36,23140.5
21150,0,0,1148,1118,2026-09-28 08:32:36,23140.5
21200,0,0,2453,2168,2026-09-28 08:32:36,23140.5
21250,0,0,1121,1121,2026-09-28 08:32:36,23140.5
21300,0,0,1998,1187,2026-09-28 08:32:36,23140.5
21350,0,0,28157,-9517,2026-09-28 08:32:36,23140.5
21400,1,0,41677,827,2026-09-28 08:32:36,23140.5
21450,0,0,3499,-341,2026-09-28 08:32:36,23140.5
21500,1,0,61445,-4666,2026-09-28 08:32:36,23140.5
21550,0,0,4571,763,2026-09-28 08:32:36,23140.5
21600,582,-62,17257,-1189,2026-09-28 08:32:36,23140.5
21650,1,0,5293,401,2026-09-28 08:32:36,23140.5
21700,0,0,26462,2957,2026-09-28 08:32:36,23140.5
21750,1,0,10522,5142,2026-09-28 08:32:36,23140.5
21800,1,0,47389,11844,2026-09-28 08:32:36,23140.5
21850,1,0,13126,9182,2026-09-28 08:32:36,23140.5
21900,10,0,26853,11362,2026-09-28 08:32:36,23140.5
21950,2,0,9877,2638,2026-09-28 08:32:36,23140.5
22000,7997,-1767,201855,15199,2026-09-28 08:32:36,23140.5
22050,10,9,7568,-653,2026-09-28 08:32:36,23140.5
22100,24,0,32704,15713,2026-09-28 08:32:36,23140.5
22150,62,0,8130,3109,2026-09-28 08:32:36,23140.5
22200,76,-43,64023,10335,2026-09-28 08:32:36,23140.5
22250,6,-19,16082,6007,2026-09-28 08:32:36,23140.5
22300,60,33,58473,8342,2026-09-28 08:32:36,23140.5
22350,33,0,19701,2361,2026-09-28 08:32:36,23140.5
22400,153,64,63960,15187,2026-09-28 08:32:36,23140.5
22450,306,150,29167,9414,2026-09-28 08:32:36,23140.5
22500,8491,-1640,160880,24158,2026-09-28 08:32:36,23140.5
22550,287,179,32446,12158,2026-09-28 08:32:36,23140.5
22600,895,-18,75365,22601,2026-09-28 08:32:36,23140.5
22650,723,7,44545,10455,2026-09-28 08:32:36,23140.5
22700,1934,772,101127,30351,2026-09-28 08:32:36,23140.5
22750,937,82,56029,23444,2026-09-28 08:32:36,23140.5
22800,6375,394,138127,28040,2026-09-28 08:32:36,23140.5
22850,1577,-15,67167,22797,2026-09-28 08:32:36,23140.5
22900,6972,1179,99807,13059,2026-09-28 08:32:36,23140.5
22950,6181,2074,50943,14763,2026-09-28 08:32:36,23140.5
23000,50441,-9343,222071,41186,2026-09-28 08:32:36,23140.5
23050,36285,15494,97505,54569,2026-09-28 08:32:36,23140.5
23100,139708,30944,168406,51698,2026-09-28 08:32:36,23140.5
23150,56087,5152,61203,34051,2026-09-28 08:32:36,23140.5
23200,144416,-39419,93900,19247,2026-09-28 08:32:36,23140.5
23250,91540,-60448,52569,-1949,2026-09-28 08:32:36,23140.5
23300,148817,-30507,78961,-6409,2026-09-28 08:32:36,23140.5
23350,78850,10526,13649,-3509,2026-09-28 08:32:36,23140.5
23400,151092,-10789,55424,-6553,2026-09-28 08:32:36,23140.5
23450,67620,-4636,13795,-3065,2026-09-28 08:32:36,23140.5
23500,217592,8791,71269,-12578,2026-09-28 08:32:36,23140.5
23550,82436,17911,4824,-697,2026-09-28 08:32:36,23140.5
23600,115603,-8746,14617,-7701,2026-09-28 08:32:36,23140.5
23650,61021,-8919,3544,-360,2026-09-28 08:32:36,23140.5
23700,110910,2100,10546,-1373,2026-09-28 08:32:36,23140.5
23750,37163,-9063,2981,-549,2026-09-28 08:32:36,23140.5
23800,109449,211,12654,-7883,2026-09-28 08:32:36,23140.5
23850,37895,1635,1568,-260,2026-09-28 08:32:36,23140.5
23900,89727,-28242,8831,-3277,2026-09-28 08:32:36,23140.5
23950,29196,-3027,1809,-213,2026-09-28 08:32:36,23140.5
24000,240151,-58462,48540,-22343,2026-09-28 08:32:36,23140.5
24050,23239,-26288,1238,-5,2026-09-28 08:32:36,23140.5
24100,86192,2049,5951,-915,2026-09-28 08:32:36,23140.5
24150,25136,-1777,1752,-146,2026-09-28 08:32:36,23140.5
24200,122282,-16805,14453,-2633,2026-09-28 08:32:36,23140.5
24250,26454,-7425,2193,-11,2026-09-28 08:32:36,23140.5
24300,89644,-34410,31363,-7918,2026-09-28 08:32:36,23140.5
24350,23946,-3171,4446,-152,2026-09-28 08:32:36,23140.5
24400,56001,-6677,17874,-4469,2026-09-28 08:32:36,23140.5
24450,5603,-607,1128,-42,2026-09-28 08:32:36,23140.5
24500,156478,-38870,20505,-10449,2026-09-28 08:32:36,23140.5
24550,18022,-457,686,-6,2026-09-28 08:32:36,23140.5
24600,51310,-2746,7622,-1056,2026-09-28 08:32:36,23140.5
24650,13152,-319,520,-5,2026-09-28 08:32:36,23140.5
24700,55617,-2413,2435,-400,2026-09-28 08:32:36,23140.5
24750,5356,-50,381,0,2026-09-28 08:32:36,23140.5
24800,44540,-10196,3132,-580,2026-09-28 08:32:36,23140.5
24850,2293,-41,161,-11,2026-09-28 08:32:36,23140.5
24900,21311,-6759,837,-35,2026-09-28 08:32:36,23140.5
24950,2904,840,70,-1,2026-09-28 08:32:36,23140.5
25000,130723,-42912,15386,-5587,2026-09-28 08:32:36,23140.5
25050,1402,179,51,-1,2026-09-28 08:32:36,23140.5
25100,9590,-5084,1235,-109,2026-09-28 08:32:36,23140.5
25150,1228,-48,25,0,2026-09-28 08:32:36,23140.5
25200,9675,38,1019,-89,2026-09-28 08:32:36,23140.5
25250,905,-16,34,0,2026-09-28 08:32:36,23140.5
25300,6864,184,361,-40,2026-09-28 08:32:36,23140.5
25350,421,13,16,0,2026-09-28 08:32:36,23140.5
25400,2749,-578,304,-21,2026-09-28 08:32:36,23140.5
25450,583,1,9,0,2026-09-28 08:32:36,23140.5
25500,39808,-3857,9216,-2722,2026-09-28 08:32:36,23140.5
25550,2018,556,6,0,2026-09-28 08:32:36,23140.5
25600,1830,-1393,443,-5,2026-09-28 08:32:36,23140.5
25650,907,24,8,0,2026-09-28 08:32:36,23140.5
25700,4013,-120,131,-34,2026-09-28 08:32:36,23140.5
25750,312,-1,4,0,2026-09-28 08:32:36,23140.5
25800,4975,-816,268,-33,2026-09-28 08:32:36,23140.5
25850,332,46,13,13,2026-09-28 08:32:36,23140.5
25900,3318,69,37,-28,2026-09-28 08:32:36,23140.5
25950,426,21,1,0,2026-09-28 08:32:36,23140.5
26000,45287,-3339,17808,-4722,2026-09-28 08:32:36,23140.5
26050,254,-128,1,0,2026-09-28 08:32:36,23140.5
26100,469,44,67,-51,2026-09-28 08:32:36,23140.5
26150,264,5,1,0,2026-09-28 08:32:36,23140.5
26200,2553,-64,522,-27,2026-09-28 08:32:36,23140.5
26250,469,113,0,0,2026-09-28 08:32:36,23140.5
26300,1884,192,866,-82,2026-09-28 08:32:36,23140.5
26350,400,271,0,0,2026-09-28 08:32:36,23140.5
26400,260,-43,41,-1,2026-09-28 08:32:36,23140.5
26450,187,12,0,0,2026-09-28 08:32:36,23140.5
26500,8957,-1303,8550,-1074,2026-09-28 08:32:36,23140.5
26550,159,23,0,0,2026-09-28 08:32:36,23140.5
26600,626,26,0,0,2026-09-28 08:32:36,23140.5
26650,144,22,0,0,2026-09-28 08:32:36,23140.5
26700,167,22,0,0,2026-09-28 08:32:36,23140.5
26750,208,-17,1,0,2026-09-28 08:32:36,23140.5
26800,187,8,21,0,2026-09-28 08:32:36,23140.5
26850,203,33,0,0,2026-09-28 08:32:36,23140.5
26900,215,-2,1,0,2026-09-28 08:32:36,23140.5
26950,224,-1,0,0,2026-09-28 08:32:36,23140.5
27000,23546,-1900,16580,-2632,2026-09-28 08:32:36,23140.5
27050,361,10,0,0,2026-09-28 08:32:36,23140.5
27100,748,111,0,0,2026-09-28 08:32:36,23140.5
27150,1210,-56,0,0,2026-09-28 08:32:36,23140.5
27200,3983,732,0,0,2026-09-28 08:32:36,23140.5
28500,5819,-1262,3429,-1612,2026-09-28 08:32:36,23140.5
30000,4111,-178,1405,-480,2026-09-28 08:32:36,23140.5
31500,263,15,0,0,2026-09-28 08:32:36,23140.5
33000,1132,189,0,0,2026-09-28 08:32:36,23140.5
34500,227,24,0,0,2026-09-28 08:32:36,23140.5
15000,0,0,1872,192,2026-09-28 08:35:39,23140.5
16500,0,0,2380,126,2026-09-28 08:35:39,23140.5
18000,12,0,12184,-677,2026-09-28 08:35:39,23140.5
19500,1502,-200,12971,-3012,2026-09-28 08:35:39,23140.5
20800,0,0,6171,6171,2026-09-28 08:35:39,23140.5
20850,0,0,409,399,2026-09-28 08:35:39,23140.5
20900,0,0,1548,1548,2026-09-28 08:35:39,23140.5
20950,0,0,414,414,2026-09-28 08:35:39,23140.5
21000,4872,-1355,147444,-22606,2026-09-28 08:35:39,23140.5
21050,0,0,473,473,2026-09-28 08:35:39,23140.5
21100,0,0,5946,5945,2026-09-28 08:35:39,23140.5
21150,0,0,1148,1118,2026-09-28 08:35:39,23140.5
21200,0,0,2453,2168,2026-09-28 08:35:39,23140.5
21250,0,0,1121,1121,2026-09-28 08:35:39,23140.5
21300,0,0,1998,1187,2026-09-28 08:35:39,23140.5
21350,0,0,28157,-9517,2026-09-28 08:35:39,23140.5
21400,1,0,41677,827,2026-09-28 08:35:39,23140.5
21450,0,0,3499,-341,2026-09-28 08:35:39,23140.5
21500,1,0,61445,-4666,2026-09-28 08:35:39,23140.5
21550,0,0,4571,763,2026-09-28 08:35:39,23140.5
21600,582,-62,17257,-1189,2026-09-28 08:35:39,23140.5
21650,1,0,5293,401,2026-09-28 08:35:39,23140.5
21700,0,0,26462,2957,2026-09-28 08:35:39,23140.5
21750,1,0,10522,5142,2026-09-28 08:35:39,23140.5
21800,1,0,47389,11844,2026-09-28 08:35:39,23140.5
21850,1,0,13126,9182,2026-09-28 08:35:39,23140.5
21900,10,0,26853,11362,2026-09-28 08:35:39,23140.5
21950,2,0,9877,2638,2026-09-28 08:35:39,23140.5
22000,7997,-1767,201855,15199,2026-09-28 08:35:39,23140.5
22050,10,9,7568,-653,2026-09-28 08:35:39,23140.5
22100,24,0,32704,15713,2026-09-28 08:35:39,23140.5
22150,62,0,8130,3109,2026-09-28 08:35:39,23140.5
22200,76,-43,64023,10335,2026-09-28 08:35:39,23140.5
22250,6,-19,16082,6007,2026-09-28 08:35:39,23140.5
22300,60,33,58473,8342,2026-09-28 08:35:39,23140.5
22350,33,0,19701,2361,2026-09-28 08:35:39,23140.5
22400,153,64,63960,15187,2026-09-28 08:35:39,23140.5
22450,306,150,29167,9414,2026-09-28 08:35:39,23140.5
22500,8491,-1640,160880,24158,2026-09-28 08:35:39,23140.5
22550,287,179,32446,12158,2026-09-28 08:35:39,23140.5
22600,895,-18,75365,22601,2026-09-28 08:35:39,23140.5
22650,723,7,44545,10455,2026-09-28 08:35:39,23140.5
22700,1934,772,101127,30351,2026-09-28 08:35:39,23140.5
22750,937,82,56029,23444,2026-09-28 08:35:39,23140.5
22800,6375,394,138127,28040,2026-09-28 08:35:39,23140.5
22850,1577,-15,67167,22797,2026-09-28 08:35:39,23140.5
22900,6972,1179,99807,13059,2026-09-28 08:35:39,23140.5
22950,6181,2074,50943,14763,2026-09-28 08:35:39,23140.5
23000,50441,-9343,222071,41186,2026-09-28 08:35:39,23140.5
23050,36285,15494,97505,54569,2026-09-28 08:35:39,23140.5
23100,139708,30944,168406,51698,2026-09-28 08:35:39,23140.5
23150,56087,5152,61203,34051,2026-09-28 08:35:39,23140.5
23200,144416,-39419,93900,19247,2026-09-28 08:35:39,23140.5
23250,91540,-60448,52569,-1949,2026-09-28 08:35:39,23140.5
23300,148817,-30507,78961,-6409,2026-09-28 08:35:39,23140.5
23350,78850,10526,13649,-3509,2026-09-28 08:35:39,23140.5
23400,151092,-10789,55424,-6553,2026-09-28 08:35:39,23140.5
23450,67620,-4636,13795,-3065,2026-09-28 08:35:39,23140.5
23500,217592,8791,71269,-12578,2026-09-28 08:35:39,23140.5
23550,82436,17911,4824,-697,2026-09-28 08:35:39,23140.5
23600,115603,-8746,14617,-7701,2026-09-28 08:35:39,23140.5
23650,61021,-8919,3544,-360,2026-09-28 08:35:39,23140.5
23700,110910,2100,10546,-1373,2026-09-28 08:35:39,23140.5
23750,37163,-9063,2981,-549,2026-09-28 08:35:39,23140.5
23800,109449,211,12654,-7883,2026-09-28 08:35:39,23140.5
23850,37895,1635,1568,-260,2026-09-28 08:35:39,23140.5
23900,89727,-28242,8831,-3277,2026-09-28 08:35:39,23140.5
23950,29196,-3027,1809,-213,2026-09-28 08:35:39,23140.5
24000,240151,-58462,48540,-22343,2026-09-28 08:35:39,23140.5
24050,23239,-26288,1238,-5,2026-09-28 08:35:39,23140.5
24100,86192,2049,5951,-915,2026-09-28 08:35:39,23140.5
24150,25136,-1777,1752,-146,2026-09-28 08:35:39,23140.5
24200,122282,-16805,14453,-2633,2026-09-28 08:35:39,23140.5
24250,26454,-7425,2193,-11,2026-09-28 08:35:39,23140.5
24300,89644,-34410,31363,-7918,2026-09-28 08:35:39,23140.5
24350,23946,-3171,4446,-152,2026-09-28 08:35:39,23140.5
24400,56001,-6677,17874,-4469,2026-09-28 08:35:39,23140.5
24450,5603,-607,1128,-42,2026-09-28 08:35:39,23140.5
24500,156478,-38870,20505,-10449,2026-09-28 08:35:39,23140.5
24550,18022,-457,686,-6,2026-09-28 08:35:39,23140.5
24600,51310,-2746,7622,-1056,2026-09-28 08:35:39,23140.5
24650,13152,-319,520,-5,2026-09-28 08:35:39,23140.5
24700,55617,-2413,2435,-400,2026-09-28 08:35:39,23140.5
24750,5356,-50,381,0,2026-09-28 08:35:39,23140.5
24800,44540,-10196,3132,-580,2026-09-28 08:35:39,23140.5
24850,2293,-41,161,-11,2026-09-28 08:35:39,23140.5
24900,21311,-6759,837,-35,2026-09-28 08:35:39,23140.5
24950,2904,840,70,-1,2026-09-28 08:35:39,23140.5
25000,130723,-42912,15386,-5587,2026-09-28 08:35:39,23140.5
25050,1402,179,51,-1,2026-09-28 08:35:39,23140.5
25100,9590,-5084,1235,-109,2026-09-28 08:35:39,23140.5
25150,1228,-48,25,0,2026-09-28 08:35:39,23140.5
25200,9675,38,1019,-89,2026-09-28 08:35:39,23140.5
25250,905,-16,34,0,2026-09-28 08:35:39,23140.5
25300,6864,184,361,-40,2026-09-28 08:35:39,23140.5
25350,421,13,16,0,2026-09-28 08:35:39,23140.5
25400,2749,-578,304,-21,2026-09-28 08:35:39,23140.5
25450,583,1,9,0,2026-09-28 08:35:39,23140.5
25500,39808,-3857,9216,-2722,2026-09-28 08:35:39,23140.5
25550,2018,556,6,0,2026-09-28 08:35:39,23140.5
25600,1830,-1393,443,-5,2026-09-28 08:35:39,23140.5
25650,907,24,8,0,2026-09-28 08:35:39,23140.5
25700,4013,-120,131,-34,2026-09-28 08:35:39,23140.5
25750,312,-1,4,0,2026-09-28 08:35:39,23140.5
25800,4975,-816,268,-33,2026-09-28 08:35:39,23140.5
25850,332,46,13,13,2026-09-28 08:35:39,23140.5
25900,3318,69,37,-28,2026-09-28 08:35:39,23140.5
25950,426,21,1,0,2026-09-28 08:35:39,23140.5
26000,45287,-3339,17808,-4722,2026-09-28 08:35:39,23140.5
26050,254,-128,1,0,2026-09-28 08:35:39,23140.5
26100,469,44,67,-51,2026-09-28 08:35:39,23140.5
26150,264,5,1,0,2026-09-28 08:35:39,23140.5
26200,2553,-64,522,-27,2026-09-28 08:35:39,23140.5
26250,469,113,0,0,2026-09-28 08:35:39,23140.5
26300,1884,192,866,-82,2026-09-28 08:35:39,23140.5
26350,400,271,0,0,2026-09-28 08:35:39,23140.5
26400,260,-43,41,-1,2026-09-28 08:35:39,23140.5
26450,187,12,0,0,2026-09-28 08:35:39,23140.5
26500,8957,-1303,8550,-1074,2026-09-28 08:35:39,23140.5
26550,159,23,0,0,2026-09-28 08:35:39,23140.5
26600,626,26,0,0,2026-09-28 08:35:39,23140.5
26650,144,22,0,0,2026-09-28 08:35:39,23140.5
26700,167,22,0,0,2026-09-28 08:35:39,23140.5
26750,208,-17,1,0,2026-09-28 08:35:39,23140.5
26800,187,8,21,0,2026-09-28 08:35:39,23140.5
26850,203,33,0,0,2026-09-28 08:35:39,23140.5
26900,215,-2,1,0,2026-09-28 08:35:39,23140.5
26950,224,-1,0,0,2026-09-28 08:35:39,23140.5
27000,23546,-1900,16580,-2632,2026-09-28 08:35:39,23140.5
27050,361,10,0,0,2026-09-28 08:35:39,23140.5
27100,748,111,0,0,2026-09-28 08:35:39,23140.5
27150,1210,-56,0,0,2026-09-28 08:35:39,23140.5
27200,3983,732,0,0,2026-09-28 08:35:39,23140.5
28500,5819,-1262,3429,-1612,2026-09-28 08:35:39,23140.5
30000,4111,-178,1405,-480,2026-09-28 08:35:39,23140.5
31500,263,15,0,0,2026-09-28 08:35:39,23140.5
33000,1132,189,0,0,2026-09-28 08:35:39,23140.5
34500,227,24,0,0,2026-09-28 08:35:39,23140.5
15000,0,0,1872,192,2026-09-28 08:38:43,23140.5
16500,0,0,2380,126,2026-09-28 08:38:43,23140.5
18000,12,0,12184,-677,2026-09-28 08:38:43,23140.5
19500,1502,-200,12971,-3012,2026-09-28 08:38:43,23140.5
20800,0,0,6171,6171,2026-09-28 08:38:43,23140.5
20850,0,0,409,399,2026-09-28 08:38:43,23140.5
20900,0,0,1548,1548,2026-09-28 08:38:43,23140.5
20950,0,0,414,414,2026-09-28 08:38:43,23140.5
21000,4872,-1355,147444,-22606,2026-09-28 08:38:43,23140.5
21050,0,0,473,473,2026-09-28 08:38:43,23140.5
21100,0,0,5946,5945,2026-09-28 08:38:43,23140.5
21150,0,0,1148,1118,2026-09-28 08:38:43,23140.5
21200,0,0,2453,2168,2026-09-28 08:38:43,23140.5
21250,0,0,1121,1121,2026-09-28 08:38:43,23140.5
21300,0,0,1998,1187,2026-09-28 08:38:43,23140.5
21350,0,0,28157,-9517,2026-09-28 08:38:43,23140.5
21400,1,0,41677,827,2026-09-28 08:38:43,23140.5
21450,0,0,3499,-341,2026-09-28 08:38:43,23140.5
21500,1,0,61445,-4666,2026-09-28 08:38:43,23140.5
21550,0,0,4571,763,2026-09-28 08:38:43,23140.5
21600,582,-62,17257,-1189,2026-09-28 08:38:43,23140.5
21650,1,0,5293,401,2026-09-28 08:38:43,23140.5
21700,0,0,26462,2957,2026-09-28 08:38:43,23140.5
21750,1,0,10522,5142,2026-09-28 08:38:43,23140.5
21800,1,0,47389,11844,2026-09-28 08:38:43,23140.5
21850,1,0,13126,9182,2026-09-28 08:38:43,23140.5
21900,10,0,26853,11362,2026-09-28 08:38:43,23140.5
21950,2,0,9877,2638,2026-09-28 08:38:43,23140.5
22000,7997,-1767,201855,15199,2026-09-28 08:38:43,23140.5
22050,10,9,7568,-653,2026-09-28 08:38:43,23140.5
22100,24,0,32704,15713,2026-09-28 08:38:43,23140.5
22150,62,0,8130,3109,2026-09-28 08:38:43,23140.5
22200,76,-43,64023,10335,2026-09-28 08:38:43,23140.5
22250,6,-19,16082,6007,2026-09-28 08:38:43,23140.5
22300,60,33,58473,8342,2026-09-28 08:38:43,23140.5
22350,33,0,19701,2361,2026-09-28 08:38:43,23140.5
22400,153,64,63960,15187,2026-09-28 08:38:43,23140.5
22450,306,150,29167,9414,2026-09-28 08:38:43,23140.5
22500,8491,-1640,160880,24158,2026-09-28 08:38:43,23140.5
22550,287,179,32446,12158,2026-09-28 08:38:43,23140.5
22600,895,-18,75365,22601,2026-09-28 08:38:43,23140.5
22650,723,7,44545,10455,2026-09-28 08:38:43,23140.5
22700,1934,772,101127,30351,2026-09-28 08:38:43,23140.5
22750,937,82,56029,23444,2026-09-28 08:38:43,23140.5
22800,6375,394,138127,28040,2026-09-28 08:38:43,23140.5
22850,1577,-15,67167,22797,2026-09-28 08:38:43,23140.5
22900,6972,1179,99807,13059,2026-09-28 08:38:43,23140.5
22950,6181,2074,50943,14763,2026-09-28 08:38:43,23140.5
23000,50441,-9343,222071,41186,2026-09-28 08:38:43,23140.5
23050,36285,15494,97505,54569,2026-09-28 08:38:43,23140.5
23100,139708,30944,168406,51698,2026-09-28 08:38:43,23140.5
23150,56087,5152,61203,34051,2026-09-28 08:38:43,23140.5
23200,144416,-39419,93900,19247,2026-09-28 08:38:43,23140.5
23250,91540,-60448,52569,-1949,2026-09-28 08:38:43,23140.5
23300,148817,-30507,78961,-6409,2026-09-28 08:38:43,23140.5
23350,78850,10526,13649,-3509,2026-09-28 08:38:43,23140.5
23400,151092,-10789,55424,-6553,2026-09-28 08:38:43,23140.5
23450,67620,-4636,13795,-3065,2026-09-28 08:38:43,23140.5
23500,217592,8791,71269,-12578,2026-09-28 08:38:43,23140.5
23550,82436,17911,4824,-697,2026-09-28 08:38:43,23140.5
23600,115603,-8746,14617,-7701,2026-09-28 08:38:43,23140.5
23650,61021,-8919,3544,-360,2026-09-28 08:38:43,23140.5
23700,110910,2100,10546,-1373,2026-09-28 08:38:43,23140.5
23750,37163,-9063,2981,-549,2026-09-28 08:38:43,23140.5
23800,109449,211,12654,-7883,2026-09-28 08:38:43,23140.5
23850,37895,1635,1568,-260,2026-09-28 08:38:43,23140.5
23900,89727,-28242,8831,-3277,2026-09-28 08:38:43,23140.5
23950,29196,-3027,1809,-213,2026-09-28 08:38:43,23140.5
24000,240151,-58462,48540,-22343,2026-09-28 08:38:43,23140.5
24050,23239,-26288,1238,-5,2026-09-28 08:38:43,23140.5
24100,86192,2049,5951,-915,2026-09-28 08:38:43,23140.5
24150,25136,-1777,1752,-146,2026-09-28 08:38:43,23140.5
24200,122282,-16805,14453,-2633,2026-09-28 08:38:43,23140.5
24250,26454,-7425,2193,-11,2026-09-28 08:38:43,23140.5
24300,89644,-34410,31363,-7918,2026-09-28 08:38:43,23140.5
24350,23946,-3171,4446,-152,2026-09-28 08:38:43,23140.5
24400,56001,-6677,17874,-4469,2026-09-28 08:38:43,23140.5
24450,5603,-607,1128,-42,2026-09-28 08:38:43,23140.5
24500,156478,-38870,20505,-10449,2026-09-28 08:38:43,23140.5
24550,18022,-457,686,-6,2026-09-28 08:38:43,23140.5
24600,51310,-2746,7622,-1056,2026-09-28 08:38:43,23140.5
24650,13152,-319,520,-5,2026-09-28 08:38:43,23140.5
24700,55617,-2413,2435,-400,2026-09-28 08:38:43,23140.5
24750,5356,-50,381,0,2026-09-28 08:38:43,23140.5
24800,44540,-10196,3132,-580,2026-09-28 08:38:43,23140.5
24850,2293,-41,161,-11,2026-09-28 08:38:43,23140.5
24900,21311,-6759,837,-35,2026-09-28 08:38:43,23140.5
24950,2904,840,70,-1,2026-09-28 08:38:43,23140.5
25000,130723,-42912,15386,-5587,2026-09-28 08:38:43,23140.5
25050,1402,179,51,-1,2026-09-28 08:38:43,23140.5
25100,9590,-5084,1235,-109,2026-09-28 08:38:43,23140.5
25150,1228,-48,25,0,2026-09-28 08:38:43,23140.5
25200,9675,38,1019,-89,2026-09-28 08:38:43,23140.5
25250,905,-16,34,0,2026-09-28 08:38:43,23140.5
25300,6864,184,361,-40,2026-09-28 08:38:43,23140.5
25350,421,13,16,0,2026-09-28 08:38:43,23140.5
25400,2749,-578,304,-21,2026-09-28 08:38:43,23140.5
25450,583,1,9,0,2026-09-28 08:38:43,23140.5
25500,39808,-3857,9216,-2722,2026-09-28 08:38:43,23140.5
25550,2018,556,6,0,2026-09-28 08:38:43,23140.5
25600,1830,-1393,443,-5,2026-09-28 08:38:43,23140.5
25650,907,24,8,0,2026-09-28 08:38:43,23140.5
25700,4013,-120,131,-34,2026-09-28 08:38:43,23140.5
25750,312,-1,4,0,2026-09-28 08:38:43,23140.5
25800,4975,-816,268,-33,2026-09-28 08:38:43,23140.5
25850,332,46,13,13,2026-09-28 08:38:43,23140.5
25900,3318,69,37,-28,2026-09-28 08:38:43,23140.5
25950,426,21,1,0,2026-09-28 08:38:43,23140.5
26000,45287,-3339,17808,-4722,2026-09-28 08:38:43,23140.5
26050,254,-128,1,0,2026-09-28 08:38:43,23140.5
26100,469,44,67,-51,2026-09-28 08:38:43,23140.5
26150,264,5,1,0,2026-09-28 08:38:43,23140.5
26200,2553,-64,522,-27,2026-09-28 08:38:43,23140.5
26250,469,113,0,0,2026-09-28 08:38:43,23140.5
26300,1884,192,866,-82,2026-09-28 08:38:43,23140.5
26350,400,271,0,0,2026-09-28 08:38:43,23140.5
26400,260,-43,41,-1,2026-09-28 08:38:43,23140.5
26450,187,12,0,0,2026-09-28 08:38:43,23140.5
26500,8957,-1303,8550,-1074,2026-09-28 08:38:43,23140.5
26550,159,23,0,0,2026-09-28 08:38:43,23140.5
26600,626,26,0,0,2026-09-28 08:38:43,23140.5
26650,144,22,0,0,2026-09-28 08:38:43,23140.5
26700,167,22,0,0,2026-09-28 08:38:43,23140.5
26750,208,-17,1,0,2026-09-28 08:38:43,23140.5
26800,187,8,21,0,2026-09-28 08:38:43,23140.5
26850,203,33,0,0,2026-09-28 08:38:43,23140.5
26900,215,-2,1,0,2026-09-28 08:38:43,23140.5
26950,224,-1,0,0,2026-09-28 08:38:43,23140.5
27000,23546,-1900,16580,-2632,2026-09-28 08:38:43,23140.5
27050,361,10,0,0,2026-09-28 08:38:43,23140.5
27100,748,111,0,0,2026-09-28 08:38:43,23140.5
27150,1210,-56,0,0,2026-09-28 08:38:43,23140.5
27200,3983,732,0,0,2026-09-28 08:38:43,23140.5
28500,5819,-1262,3429,-1612,2026-09-28 08:38:43,23140.5
30000,4111,-178,1405,-480,2026-09-28 08:38:43,23140.5
31500,263,15,0,0,2026-09-28 08:38:43,23140.5
33000,1132,189,0,0,2026-09-28 08:38:43,23140.5
34500,227,24,0,0,2026-09-28 08:38:43,23140.5
15000,0,0,1872,192,2026-09-28 08:41:47,23140.5
16500,0,0,2380,126,2026-09-28 08:41:47,23140.5
18000,12,0,12184,-677,2026-09-28 08:41:47,23140.5
19500,1502,-200,12971,-3012,2026-09-28 08:41:47,23140.5
20800,0,0,6171,6171,2026-09-28 08:41:47,23140.5
20850,0,0,409,399,2026-09-28 08:41:47,23140.5
20900,0,0,1548,1548,2026-09-28 08:41:47,23140.5
20950,0,0,414,414,2026-09-28 08:41:47,23140.5
21000,4872,-1355,147444,-22606,2026-09-28 08:41:47,23140.5
21050,0,0,473,473,2026-09-28 08:41:47,23140.5
21100,0,0,5946,5945,2026-09-28 08:41:47,23140.5
21150,0,0,1148,1118,2026-09-28 08:41:47,23140.5
21200,0,0,2453,2168,2026-09-28 08:41:47,23140.5
21250,0,0,1121,1121,2026-09-28 08:41:47,23140.5
21300,0,0,1998,1187,2026-09-28 08:41:47,23140.5
21350,0,0,28157,-9517,2026-09-28 08:41:47,23140.5
21400,1,0,41677,827,2026-09-28 08:41:47,23140.5
21450,0,0,3499,-341,2026-09-28 08:41:47,23140.5
21500,1,0,61445,-4666,2026-09-28 08:41:47,23140.5
21550,0,0,4571,763,2026-09-28 08:41:47,23140.5
21600,582,-62,17257,-1189,2026-09-28 08:41:47,23140.5
21650,1,0,5293,401,2026-09-28 08:41:47,23140.5
21700,0,0,26462,2957,2026-09-28 08:41:47,23140.5
21750,1,0,10522,5142,2026-09-28 08:41:47,23140.5
21800,1,0,47389,11844,2026-09-28 08:41:47,23140.5
21850,1,0,13126,9182,2026-09-28 08:41:47,23140.5
21900,10,0,26853,11362,2026-09-28 08:41:47,23140.5
21950,2,0,9877,2638,2026-09-28 08:41:47,23140.5
22000,7997,-1767,201855,15199,2026-09-28 08:41:47,23140.5
22050,10,9,7568,-653,2026-09-28 08:41:47,23140.5
22100,24,0,32704,15713,2026-09-28 08:41:47,23140.5
22150,62,0,8130,3109,2026-09-28 08:41:47,23140.5
22200,76,-43,64023,10335,2026-09-28 08:41:47,23140.5
22250,6,-19,16082,6007,2026-09-28 08:41:47,23140.5
22300,60,33,58473,8342,2026-09-28 08:41:47,23140.5
22350,33,0,19701,2361,2026-09-28 08:41:47,23140.5
22400,153,64,63960,15187,2026-09-28 08:41:47,23140.5
22450,306,150,29167,9414,2026-09-28 08:41:47,23140.5
22500,8491,-1640,160880,24158,2026-09-28 08:41:47,23140.5
22550,287,179,32446,12158,2026-09-28 08:41:47,23140.5
22600,895,-18,75365,22601,2026-09-28 08:41:47,23140.5
22650,723,7,44545,10455,2026-09-28 08:41:47,23140.5
22700,1934,772,101127,30351,2026-09-28 08:41:47,23140.5
22750,937,82,56029,23444,2026-09-28 08:41:47,23140.5
22800,6375,394,138127,28040,2026-09-28 08:41:47,23140.5
22850,1577,-15,67167,22797,2026-09-28 08:41:47,23140.5
22900,6972,1179,99807,13059,2026-09-28 08:41:47,23140.5
22950,6181,2074,50943,14763,2026-09-28 08:41:47,23140.5
23000,50441,-9343,222071,41186,2026-09-28 08:41:47,23140.5
23050,36285,15494,97505,54569,2026-09-28 08:41:47,23140.5
23100,139708,30944,168406,51698,2026-09-28 08:41:47,23140.5
23150,56087,5152,61203,34051,2026-09-28 08:41:47,23140.5
23200,144416,-39419,93900,19247,2026-09-28 08:41:47,23140.5
23250,91540,-60448,52569,-1949,2026-09-28 08:41:47,23140.5
23300,148817,-30507,78961,-6409,2026-09-28 08:41:47,23140.5
23350,78850,10526,13649,-3509,2026-09-28 08:41:47,23140.5
23400,151092,-10789,55424,-6553,2026-09-28 08:41:47,23140.5
23450,67620,-4636,13795,-3065,2026-09-28 08:41:47,23140.5
23500,217592,8791,71269,-12578,2026-09-28 08:41:47,23140.5
23550,82436,17911,4824,-697,2026-09-28 08:41:47,23140.5
23600,115603,-8746,14617,-7701,2026-09-28 08:41:47,23140.5
23650,61021,-8919,3544,-360,2026-09-28 08:41:47,23140.5
23700,110910,2100,10546,-1373,2026-09-28 08:41:47,23140.5
23750,37163,-9063,2981,-549,2026-09-28 08:41:47,23140.5
23800,109449,211,12654,-7883,2026-09-28 08:41:47,23140.5
23850,37895,1635,1568,-260,2026-09-28 08:41:47,23140.5
23900,89727,-28242,8831,-3277,2026-09-28 08:41:47,23140.5
23950,29196,-3027,1809,-213,2026-09-28 08:41:47,23140.5
24000,240151,-58462,48540,-22343,2026-09-28 08:41:47,23140.5
24050,23239,-26288,1238,-5,2026-09-28 08:41:47,23140.5
24100,86192,2049,5951,-915,2026-09-28 08:41:47,23140.5
24150,25136,-1777,1752,-146,2026-09-28 08:41:47,23140.5
24200,122282,-16805,14453,-2633,2026-09-28 08:41:47,23140.5
24250,26454,-7425,2193,-11,2026-09-28 08:41:47,23140.5
24300,89644,-34410,31363,-7918,2026-09-28 08:41:47,23140.5
24350,23946,-3171,4446,-152,2026-09-28 08:41:47,23140.5
24400,56001,-6677,17874,-4469,2026-09-28 08:41:47,23140.5
24450,5603,-607,1128,-42,2026-09-28 08:41:47,23140.5
24500,156478,-38870,20505,-10449,2026-09-28 08:41:47,23140.5
24550,18022,-457,686,-6,2026-09-28 08:41:47,23140.5
24600,51310,-2746,7622,-1056,2026-09-28 08:41:47,23140.5
24650,13152,-319,520,-5,2026-09-28 08:41:47,23140.5
24700,55617,-2413,2435,-400,2026-09-28 08:41:47,23140.5
24750,5356,-50,381,0,2026-09-28 08:41:47,23140.5
24800,44540,-10196,3132,-580,2026-09-28 08:41:47,23140.5
24850,2293,-41,161,-11,2026-09-28 08:41:47,23140.5
24900,21311,-6759,837,-35,2026-09-28 08:41:47,23140.5
24950,2904,840,70,-1,2026-09-28 08:41:47,23140.5
25000,130723,-42912,15386,-5587,2026-09-28 08:41:47,23140.5
25050,1402,179,51,-1,2026-09-28 08:41:47,23140.5
25100,9590,-5084,1235,-109,2026-09-28 08:41:47,23140.5
25150,1228,-48,25,0,2026-09-28 08:41:47,23140.5
25200,9675,38,1019,-89,2026-09-28 08:41:47,23140.5
25250,905,-16,34,0,2026-09-28 08:41:47,23140.5
25300,6864,184,361,-40,2026-09-28 08:41:47,23140.5
25350,421,13,16,0,2026-09-28 08:41:47,23140.5
25400,2749,-578,304,-21,2026-09-28 08:41:47,23140.5
25450,583,1,9,0,2026-09-28 08:41:47,23140.5
25500,39808,-3857,9216,-2722,2026-09-28 08:41:47,23140.5
25550,2018,556,6,0,2026-09-28 08:41:47,23140.5
25600,1830,-1393,443,-5,2026-09-28 08:41:47,23140.5
25650,907,24,8,0,2026-09-28 08:41:47,23140.5
25700,4013,-120,131,-34,2026-09-28 08:41:47,23140.5
25750,312,-1,4,0,2026-09-28 08:41:47,23140.5
25800,4975,-816,268,-33,2026-09-28 08:41:47,23140.5
25850,332,46,13,13,2026-09-28 08:41:47,23140.5
25900,3318,69,37,-28,2026-09-28 08:41:47,23140.5
25950,426,21,1,0,2026-09-28 08:41:47,23140.5
26000,45287,-3339,17808,-4722,2026-09-28 08:41:47,23140.5
26050,254,-128,1,0,2026-09-28 08:41:47,23140.5
26100,469,44,67,-51,2026-09-28 08:41:47,23140.5
26150,264,5,1,0,2026-09-28 08:41:47,23140.5
26200,2553,-64,522,-27,2026-09-28 08:41:47,23140.5
26250,469,113,0,0,2026-09-28 08:41:47,23140.5
26300,1884,192,866,-82,2026-09-28 08:41:47,23140.5
26350,400,271,0,0,2026-09-28 08:41:47,23140.5
26400,260,-43,41,-1,2026-09-28 08:41:47,23140.5
26450,187,12,0,0,2026-09-28 08:41:47,23140.5
26500,8957,-1303,8550,-1074,2026-09-28 08:41:47,23140.5
26550,159,23,0,0,2026-09-28 08:41:47,23140.5
26600,626,26,0,0,2026-09-28 08:41:47,23140.5
26650,144,22,0,0,2026-09-28 08:41:47,23140.5
26700,167,22,0,0,2026-09-28 08:41:47,23140.5
26750,208,-17,1,0,2026-09-28 08:41:47,23140.5
26800,187,8,21,0,2026-09-28 08:41:47,23140.5
26850,203,33,0,0,2026-09-28 08:41:47,23140.5
26900,215,-2,1,0,2026-09-28 08:41:47,23140.5
26950,224,-1,0,0,2026-09-28 08:41:47,23140.5
27000,23546,-1900,16580,-2632,2026-09-28 08:41:47,23140.5
27050,361,10,0,0,2026-09-28 08:41:47,23140.5
27100,748,111,0,0,2026-09-28 08:41:47,23140.5
27150,1210,-56,0,0,2026-09-28 08:41:47,23140.5
27200,3983,732,0,0,2026-09-28 08:41:47,23140.5
28500,5819,-1262,3429,-1612,2026-09-28 08:41:47,23140.5
30000,4111,-178,1405,-480,2026-09-28 08:41:47,23140.5
31500,263,15,0,0,2026-09-28 08:41:47,23140.5
33000,1132,189,0,0,2026-09-28 08:41:47,23140.5
34500,227,24,0,0,2026-09-28 08:41:47,23140.5
15000,0,0,1872,192,2026-09-28 08:42:04,23140.5
16500,0,0,2380,126,2026-09-28 08:42:04,23140.5
18000,12,0,12184,-677,2026-09-28 08:42:04,23140.5
19500,1502,-200,12971,-3012,2026-09-28 08:42:04,23140.5
20800,0,0,6171,6171,2026-09-28 08:42:04,23140.5
20850,0,0,409,399,2026-09-28 08:42:04,23140.5
20900,0,0,1548,1548,2026-09-28 08:42:04,23140.5
20950,0,0,414,414,2026-09-28 08:42:04,23140.5
21000,4872,-1355,147444,-22606,2026-09-28 08:42:04,23140.5
21050,0,0,473,473,2026-09-28 08:42:04,23140.5
21100,0,0,5946,5945,2026-09-28 08:42:04,23140.5
21150,0,0,1148,1118,2026-09-28 08:42:04,23140.5
21200,0,0,2453,2168,2026-09-28 08:42:04,23140.5
21250,0,0,1121,1121,2026-09-28 08:42:04,23140.5
21300,0,0,1998,1187,2026-09-28 08:42:04,23140.5
21350,0,0,28157,-9517,2026-09-28 08:42:04,23140.5
21400,1,0,41677,827,2026-09-28 08:42:04,23140.5
21450,0,0,3499,-341,2026-09-28 08:42:04,23140.5
21500,1,0,61445,-4666,2026-09-28 08:42:04,23140.5
21550,0,0,4571,763,2026-09-28 08:42:04,23140.5
21600,582,-62,17257,-1189,2026-09-28 08:42:04,23140.5
21650,1,0,5293,401,2026-09-28 08:42:04,23140.5
21700,0,0,26462,2957,2026-09-28 08:42:04,23140.5
21750,1,0,10522,5142,2026-09-28 08:42:04,23140.5
21800,1,0,47389,11844,2026-09-28 08:42:04,23140.5
21850,1,0,13126,9182,2026-09-28 08:42:04,23140.5
21900,10,0,26853,11362,2026-09-28 08:42:04,23140.5
21950,2,0,9877,2638,2026-09-28 08:42:04,23140.5
22000,7997,-1767,201855,15199,2026-09-28 08:42:04,23140.5
22050,10,9,7568,-653,2026-09-28 08:42:04,23140.5
22100,24,0,32704,15713,2026-09-28 08:42:04,23140.5
22150,62,0,8130,3109,2026-09-28 08:42:04,23140.5
22200,76,-43,64023,10335,2026-09-28 08:42:04,23140.5
22250,6,-19,16082,6007,2026-09-28 08:42:04,23140.5
22300,60,33,58473,8342,2026-09-28 08:42:04,23140.5
22350,33,0,19701,2361,2026-09-28 08:42:04,23140.5
22400,153,64,63960,15187,2026-09-28 08:42:04,23140.5
22450,306,150,29167,9414,2026-09-28 08:42:04,23140.5
22500,8491,-1640,160880,24158,2026-09-28 08:42:04,23140.5
22550,287,179,32446,12158,2026-09-28 08:42:04,23140.5
22600,895,-18,75365,22601,2026-09-28 08:42:04,23140.5
22650,723,7,44545,10455,2026-09-28 08:42:04,23140.5
22700,1934,772,101127,30351,2026-09-28 08:42:04,23140.5
22750,937,82,56029,23444,2026-09-28 08:42:04,23140.5
22800,6375,394,138127,28040,2026-09-28 08:42:04,23140.5
22850,1577,-15,67167,22797,2026-09-28 08:42:04,23140.5
22900,6972,1179,99807,13059,2026-09-28 08:42:04,23140.5
22950,6181,2074,50943,14763,2026-09-28 08:42:04,23140.5
23000,50441,-9343,222071,41186,2026-09-28 08:42:04,23140.5
23050,36285,15494,97505,54569,2026-09-28 08:42:04,23140.5
23100,139708,30944,168406,51698,2026-09-28 08:42:04,23140.5
23150,56087,5152,61203,34051,2026-09-28 08:42:04,23140.5
23200,144416,-39419,93900,19247,2026-09-28 08:42:04,23140.5
23250,91540,-60448,52569,-1949,2026-09-28 08:42:04,23140.5
23300,148817,-30507,78961,-6409,2026-09-28 08:42:04,23140.5
23350,78850,10526,13649,-3509,2026-09-28 08:42:04,23140.5
23400,151092,-10789,55424,-6553,2026-09-28 08:42:04,23140.5
23450,67620,-4636,13795,-3065,2026-09-28 08:42:04,23140.5
23500,217592,8791,71269,-12578,2026-09-28 08:42:04,23140.5
23550,82436,17911,4824,-697,2026-09-28 08:42:04,23140.5
23600,115603,-8746,14617,-7701,2026-09-28 08:42:04,23140.5
23650,61021,-8919,3544,-360,2026-09-28 08:42:04,23140.5
23700,110910,2100,10546,-1373,2026-09-28 08:42:04,23140.5
23750,37163,-9063,2981,-549,2026-09-28 08:42:04,23140.5
23800,109449,211,12654,-7883,2026-09-28 08:42:04,23140.5
23850,37895,1635,1568,-260,2026-09-28 08:42:04,23140.5
23900,89727,-28242,8831,-3277,2026-09-28 08:42:04,23140.5
23950,29196,-3027,1809,-213,2026-09-28 08:42:04,23140.5
24000,240151,-58462,48540,-22343,2026-09-28 08:42:04,23140.5
24050,23239,-26288,1238,-5,2026-09-28 08:42:04,23140.5
24100,86192,2049,5951,-915,2026-09-28 08:42:04,23140.5
24150,25136,-1777,1752,-146,2026-09-28 08:42:04,23140.5
24200,122282,-16805,14453,-2633,2026-09-28 08:42:04,23140.5
24250,26454,-7425,2193,-11,2026-09-28 08:42:04,23140.5
24300,89644,-34410,31363,-7918,2026-09-28 08:42:04,23140.5
24350,23946,-3171,4446,-152,2026-09-28 08:42:04,23140.5
24400,56001,-6677,17874,-4469,2026-09-28 08:42:04,23140.5
24450,5603,-607,1128,-42,2026-09-28 08:42:04,23140.5
24500,156478,-38870,20505,-10449,2026-09-28 08:42:04,23140.5
24550,18022,-457,686,-6,2026-09-28 08:42:04,23140.5
24600,51310,-2746,7622,-1056,2026-09-28 08:42:04,23140.5
24650,13152,-319,520,-5,2026-09-28 08:42:04,23140.5
24700,55617,-2413,2435,-400,2026-09-28 08:42:04,23140.5
24750,5356,-50,381,0,2026-09-28 08:42:04,23140.5
24800,44540,-10196,3132,-580,2026-09-28 08:42:04,23140.5
24850,2293,-41,161,-11,2026-09-28 08:42:04,23140.5
24900,21311,-6759,837,-35,2026-09-28 08:42:04,23140.5
24950,2904,840,70,-1,2026-09-28 08:42:04,23140.5
25000,130723,-42912,15386,-5587,2026-09-28 08:42:04,23140.5
25050,1402,179,51,-1,2026-09-28 08:42:04,23140.5
25100,9590,-5084,1235,-109,2026-09-28 08:42:04,23140.5
25150,1228,-48,25,0,2026-09-28 08:42:04,23140.5
25200,9675,38,1019,-89,2026-09-28 08:42:04,23140.5
25250,905,-16,34,0,2026-09-28 08:42:04,23140.5
25300,6864,184,361,-40,2026-09-28 08:42:04,23140.5
25350,421,13,16,0,2026-09-28 08:42:04,23140.5
25400,2749,-578,304,-21,2026-09-28 08:42:04,23140.5
25450,583,1,9,0,2026-09-28 08:42:04,23140.5
25500,39808,-3857,9216,-2722,2026-09-28 08:42:04,23140.5
25550,2018,556,6,0,2026-09-28 08:42:04,23140.5
25600,1830,-1393,443,-5,2026-09-28 08:42:04,23140.5
25650,907,24,8,0,2026-09-28 08:42:04,23140.5
25700,4013,-120,131,-34,2026-09-28 08:42:04,23140.5
25750,312,-1,4,0,2026-09-28 08:42:04,23140.5
25800,4975,-816,268,-33,2026-09-28 08:42:04,23140.5
25850,332,46,13,13,2026-09-28 08:42:04,23140.5
25900,3318,69,37,-28,2026-09-28 08:42:04,23140.5
25950,426,21,1,0,2026-09-28 08:42:04,23140.5
26000,45287,-3339,17808,-4722,2026-09-28 08:42:04,23140.5
26050,254,-128,1,0,2026-09-28 08:42:04,23140.5
26100,469,44,67,-51,2026-09-28 08:42:04,23140.5
26150,264,5,1,0,2026-09-28 08:42:04,23140.5
26200,2553,-64,522,-27,2026-09-28 08:42:04,23140.5
26250,469,113,0,0,2026-09-28 08:42:04,23140.5
26300,1884,192,866,-82,2026-09-28 08:42:04,23140.5
26350,400,271,0,0,2026-09-28 08:42:04,23140.5
26400,260,-43,41,-1,2026-09-28 08:42:04,23140.5
26450,187,12,0,0,2026-09-28 08:42:04,23140.5
26500,8957,-1303,8550,-1074,2026-09-28 08:42:04,23140.5
26550,159,23,0,0,2026-09-28 08:42:04,23140.5
26600,626,26,0,0,2026-09-28 08:42:04,23140.5
26650,144,22,0,0,2026-09-28 08:42:04,23140.5
26700,167,22,0,0,2026-09-28 08:42:04,23140.5
26750,208,-17,1,0,2026-09-28 08:42:04,23140.5
26800,187,8,21,0,2026-09-28 08:42:04,23140.5
26850,203,33,0,0,2026-09-28 08:42:04,23140.5
26900,215,-2,1,0,2026-09-28 08:42:04,23140.5
26950,224,-1,0,0,2026-09-28 08:42:04,23140.5
27000,23546,-1900,16580,-2632,2026-09-28 08:42:04,23140.5
27050,361,10,0,0,2026-09-28 08:42:04,23140.5
27100,748,111,0,0,2026-09-28 08:42:04,23140.5
27150,1210,-56,0,0,2026-09-28 08:42:04,23140.5
27200,3983,732,0,0,2026-09-28 08:42:04,23140.5
28500,5819,-1262,3429,-1612,2026-09-28 08:42:04,23140.5
30000,4111,-178,1405,-480,2026-09-28 08:42:04,23140.5
31500,263,15,0,0,2026-09-28 08:42:04,23140.5
33000,1132,189,0,0,2026-09-28 08:42:04,23140.5
34500,227,24,0,0,2026-09-28 08:42:04,23140.5
15000,0,0,1872,192,2026-09-28 08:42:44,23140.5
16500,0,0,2380,126,2026-09-28 08:42:44,23140.5
18000,12,0,12184,-677,2026-09-28 08:42:44,23140.5
19500,1502,-200,12971,-3012,2026-09-28 08:42:44,23140.5
20800,0,0,6171,6171,2026-09-28 08:42:44,23140.5
20850,0,0,409,399,2026-09-28 08:42:44,23140.5
20900,0,0,1548,1548,2026-09-28 08:42:44,23140.5
20950,0,0,414,414,2026-09-28 08:42:44,23140.5
21000,4872,-1355,147444,-22606,2026-09-28 08:42:44,23140.5
21050,0,0,473,473,2026-09-28 08:42:44,23140.5
21100,0,0,5946,5945,2026-09-28 08:42:44,23140.5
21150,0,0,1148,1118,2026-09-28 08:42:44,23140.5
21200,0,0,2453,2168,2026-09-28 08:42:44,23140.5
21250,0,0,1121,1121,2026-09-28 08:42:44,23140.5
21300,0,0,1998,1187,2026-09-28 08:42:44,23140.5
21350,0,0,28157,-9517,2026-09-28 08:42:44,23140.5
21400,1,0,41677,827,2026-09-28 08:42:44,23140.5
21450,0,0,3499,-341,2026-09-28 08:42:44,23140.5
21500,1,0,61445,-4666,2026-09-28 08:42:44,23140.5
21550,0,0,4571,763,2026-09-28 08:42:44,23140.5
21600,582,-62,17257,-1189,2026-09-28 08:42:44,23140.5
21650,1,0,5293,401,2026-09-28 08:42:44,23140.5
21700,0,0,26462,2957,2026-09-28 08:42:44,23140.5
21750,1,0,10522,5142,2026-09-28 08:42:44,23140.5
21800,1,0,47389,11844,2026-09-28 08:42:44,23140.5
21850,1,0,13126,9182,2026-09-28 08:42:44,23140.5
21900,10,0,26853,11362,2026-09-28 08:42:44,23140.5
21950,2,0,9877,2638,2026-09-28 08:42:44,23140.5
22000,7997,-1767,201855,15199,2026-09-28 08:42:44,23140.5
22050,10,9,7568,-653,2026-09-28 08:42:44,23140.5
22100,24,0,32704,15713,2026-09-28 08:42:44,23140.5
22150,62,0,8130,3109,2026-09-28 08:42:44,23140.5
22200,76,-43,64023,10335,2026-09-28 08:42:44,23140.5
22250,6,-19,16082,6007,2026-09-28 08:42:44,23140.5
22300,60,33,58473,8342,2026-09-28 08:42:44,23140.5
22350,33,0,19701,2361,2026-09-28 08:42:44,23140.5
22400,153,64,63960,15187,2026-09-28 08:42:44,23140.5
22450,306,150,29167,9414,2026-09-28 08:42:44,23140.5
22500,8491,-1640,160880,24158,2026-09-28 08:42:44,23140.5
22550,287,179,32446,12158,2026-09-28 08:42:44,23140.5
22600,895,-18,75365,22601,2026-09-28 08:42:44,23140.5
22650,723,7,44545,10455,2026-09-28 08:42:44,23140.5
22700,1934,772,101127,30351,2026-09-28 08:42:44,23140.5
22750,937,82,56029,23444,2026-09-28 08:42:44,23140.5
22800,6375,394,138127,28040,2026-09-28 08:42:44,23140.5
22850,1577,-15,67167,22797,2026-09-28 08:42:44,23140.5
22900,6972,1179,99807,13059,2026-09-28 08:42:44,23140.5
22950,6181,2074,50943,14763,2026-09-28 08:42:44,23140.5
23000,50441,-9343,222071,41186,2026-09-28 08:42:44,23140.5
23050,36285,15494,97505,54569,2026-09-28 08:42:44,23140.5
23100,139708,30944,168406,51698,2026-09-28 08:42:44,23140.5
23150,56087,5152,61203,34051,2026-09-28 08:42:44,23140.5
23200,144416,-39419,93900,19247,2026-09-28 08:42:44,23140.5
23250,91540,-60448,52569,-1949,2026-09-28 08:42:44,23140.5
23300,148817,-30507,78961,-6409,2026-09-28 08:42:44,23140.5
23350,78850,10526,13649,-3509,2026-09-28 08:42:44,23140.5
23400,151092,-10789,55424,-6553,2026-09-28 08:42:44,23140.5
23450,67620,-4636,13795,-3065,2026-09-28 08:42:44,23140.5
23500,217592,8791,71269,-12578,2026-09-28 08:42:44,23140.5
23550,82436,17911,4824,-697,2026-09-28 08:42:44,23140.5
23600,115603,-8746,14617,-7701,2026-09-28 08:42:44,23140.5
23650,61021,-8919,3544,-360,2026-09-28 08:42:44,23140.5
23700,110910,2100,10546,-1373,2026-09-28 08:42:44,23140.5
23750,37163,-9063,2981,-549,2026-09-28 08:42:44,23140.5
23800,109449,211,12654,-7883,2026-09-28 08:42:44,23140.5
23850,37895,1635,1568,-260,2026-09-28 08:42:44,23140.5
23900,89727,-28242,8831,-3277,2026-09-28 08:42:44,23140.5
23950,29196,-3027,1809,-213,2026-09-28 08:42:44,23140.5
24000,240151,-58462,48540,-22343,2026-09-28 08:42:44,23140.5
24050,23239,-26288,1238,-5,2026-09-28 08:42:44,23140.5
24100,86192,2049,5951,-915,2026-09-28 08:42:44,23140.5
24150,25136,-1777,1752,-146,2026-09-28 08:42:44,23140.5
24200,122282,-16805,14453,-2633,2026-09-28 08:42:44,23140.5
24250,26454,-7425,2193,-11,2026-09-28 08:42:44,23140.5
24300,89644,-34410,31363,-7918,2026-09-28 08:42:44,23140.5
24350,23946,-3171,4446,-152,2026-09-28 08:42:44,23140.5
24400,56001,-6677,17874,-4469,2026-09-28 08:42:44,23140.5
24450,5603,-607,1128,-42,2026-09-28 08:42:44,23140.5
24500,156478,-38870,20505,-10449,2026-09-28 08:42:44,23140.5
24550,18022,-457,686,-6,2026-09-28 08:42:44,23140.5
24600,51310,-2746,7622,-1056,2026-09-28 08:42:44,23140.5
24650,13152,-319,520,-5,2026-09-28 08:42:44,23140.5
24700,55617,-2413,2435,-400,2026-09-28 08:42:44,23140.5
24750,5356,-50,381,0,2026-09-28 08:42:44,23140.5
24800,44540,-10196,3132,-580,2026-09-28 08:42:44,23140.5
24850,2293,-41,161,-11,2026-09-28 08:42:44,23140.5
24900,21311,-6759,837,-35,2026-09-28 08:42:44,23140.5
24950,2904,840,70,-1,2026-09-28 08:42:44,23140.5
25000,130723,-42912,15386,-5587,2026-09-28 08:42:44,23140.5
25050,1402,179,51,-1,2026-09-28 08:42:44,23140.5
25100,9590,-5084,1235,-109,2026-09-28 08:42:44,23140.5
25150,1228,-48,25,0,2026-09-28 08:42:44,23140.5
25200,9675,38,1019,-89,2026-09-28 08:42:44,23140.5
25250,905,-16,34,0,2026-09-28 08:42:44,23140.5
25300,6864,184,361,-40,2026-09-28 08:42:44,23140.5
25350,421,13,16,0,2026-09-28 08:42:44,23140.5
25400,2749,-578,304,-21,2026-09-28 08:42:44,23140.5
25450,583,1,9,0,2026-09-28 08:42:44,23140.5
25500,39808,-3857,9216,-2722,2026-09-28 08:42:44,23140.5
25550,2018,556,6,0,2026-09-28 08:42:44,23140.5
25600,1830,-1393,443,-5,2026-09-28 08:42:44,23140.5
25650,907,24,8,0,2026-09-28 08:42:44,23140.5
25700,4013,-120,131,-34,2026-09-28 08:42:44,23140.5
25750,312,-1,4,0,2026-09-28 08:42:44,23140.5
25800,4975,-816,268,-33,2026-09-28 08:42:44,23140.5
25850,332,46,13,13,2026-09-28 08:42:44,23140.5
25900,3318,69,37,-28,2026-09-28 08:42:44,23140.5
25950,426,21,1,0,2026-09-28 08:42:44,23140.5
26000,45287,-3339,17808,-4722,2026-09-28 08:42:44,23140.5
26050,254,-128,1,0,2026-09-28 08:42:44,23140.5
26100,469,44,67,-51,2026-09-28 08:42:44,23140.5
26150,264,5,1,0,2026-09-28 08:42:44,23140.5
26200,2553,-64,522,-27,2026-09-28 08:42:44,23140.5
26250,469,113,0,0,2026-09-28 08:42:44,23140.5
26300,1884,192,866,-82,2026-09-28 08:42:44,23140.5
26350,400,271,0,0,2026-09-28 08:42:44,23140.5
26400,260,-43,41,-1,2026-09-28 08:42:44,23140.5
26450,187,12,0,0,2026-09-28 08:42:44,23140.5
26500,8957,-1303,8550,-1074,2026-09-28 08:42:44,23140.5
26550,159,23,0,0,2026-09-28 08:42:44,23140.5
26600,626,26,0,0,2026-09-28 08:42:44,23140.5
26650,144,22,0,0,2026-09-28 08:42:44,23140.5
26700,167,22,0,0,2026-09-28 08:42:44,23140.5
26750,208,-17,1,0,2026-09-28 08:42:44,23140.5
26800,187,8,21,0,2026-09-28 08:42:44,23140.5
26850,203,33,0,0,2026-09-28 08:42:44,23140.5
26900,215,-2,1,0,2026-09-28 08:42:44,23140.5
26950,224,-1,0,0,2026-09-28 08:42:44,23140.5
27000,23546,-1900,16580,-2632,2026-09-28 08:42:44,23140.5
27050,361,10,0,0,2026-09-28 08:42:44,23140.5
27100,748,111,0,0,2026-09-28 08:42:44,23140.5
27150,1210,-56,0,0,2026-09-28 08:42:44,23140.5
27200,3983,732,0,0,2026-09-28 08:42:44,23140.5
28500,5819,-1262,3429,-1612,2026-09-28 08:42:44,23140.5
30000,4111,-178,1405,-480,2026-09-28 08:42:44,23140.5
31500,263,15,0,0,2026-09-28 08:42:44,23140.5
33000,1132,189,0,0,2026-09-28 08:42:44,23140.5
34500,227,24,0,0,2026-09-28 08:42:44,23140.5
15000,0,0,1872,192,2026-09-28 08:44:51,23140.5
16500,0,0,2380,126,2026-09-28 08:44:51,23140.5
18000,12,0,12184,-677,2026-09-28 08:44:51,23140.5
19500,1502,-200,12971,-3012,2026-09-28 08:44:51,23140.5
20800,0,0,6171,6171,2026-09-28 08:44:51,23140.5
20850,0,0,409,399,2026-09-28 08:44:51,23140.5
20900,0,0,1548,1548,2026-09-28 08:44:51,23140.5
20950,0,0,414,414,2026-09-28 08:44:51,23140.5
21000,4872,-1355,147444,-22606,2026-09-28 08:44:51,23140.5
21050,0,0,473,473,2026-09-28 08:44:51,23140.5
21100,0,0,5946,5945,2026-09-28 08:44:51,23140.5
21150,0,0,1148,1118,2026-09-28 08:44:51,23140.5
21200,0,0,2453,2168,2026-09-28 08:44:51,23140.5
21250,0,0,1121,1121,2026-09-28 08:44:51,23140.5
21300,0,0,1998,1187,2026-09-28 08:44:51,23140.5
21350,0,0,28157,-9517,2026-09-28 08:44:51,23140.5
21400,1,0,41677,827,2026-09-28 08:44:51,23140.5
21450,0,0,3499,-341,2026-09-28 08:44:51,23140.5
21500,1,0,61445,-4666,2026-09-28 08:44:51,23140.5
21550,0,0,4571,763,2026-09-28 08:44:51,23140.5
21600,582,-62,17257,-1189,2026-09-28 08:44:51,23140.5
21650,1,0,5293,401,2026-09-28 08:44:51,23140.5
21700,0,0,26462,2957,2026-09-28 08:44:51,23140.5
21750,1,0,10522,5142,2026-09-28 08:44:51,23140.5
21800,1,0,47389,11844,2026-09-28 08:44:51,23140.5
21850,1,0,13126,9182,2026-09-28 08:44:51,23140.5
21900,10,0,26853,11362,2026-09-28 08:44:51,23140.5
21950,2,0,9877,2638,2026-09-28 08:44:51,23140.5
22000,7997,-1767,201855,15199,2026-09-28 08:44:51,23140.5
22050,10,9,7568,-653,2026-09-28 08:44:51,23140.5
22100,24,0,32704,15713,2026-09-28 08:44:51,23140.5
22150,62,0,8130,3109,2026-09-28 08:44:51,23140.5
22200,76,-43,64023,10335,2026-09-28 08:44:51,23140.5
22250,6,-19,16082,6007,2026-09-28 08:44:51,23140.5
22300,60,33,58473,8342,2026-09-28 08:44:51,23140.5
22350,33,0,19701,2361,2026-09-28 08:44:51,23140.5
22400,153,64,63960,15187,2026-09-28 08:44:51,23140.5
22450,306,150,29167,9414,2026-09-28 08:44:51,23140.5
22500,8491,-1640,160880,24158,2026-09-28 08:44:51,23140.5
22550,287,179,32446,12158,2026-09-28 08:44:51,23140.5
22600,895,-18,75365,22601,2026-09-28 08:44:51,23140.5
22650,723,7,44545,10455,2026-09-28 08:44:51,23140.5
22700,1934,772,101127,30351,2026-09-28 08:44:51,23140.5
22750,937,82,56029,23444,2026-09-28 08:44:51,23140.5
22800,6375,394,138127,28040,2026-09-28 08:44:51,23140.5
22850,1577,-15,67167,22797,2026-09-28 08:44:51,23140.5
22900,6972,1179,99807,13059,2026-09-28 08:44:51,23140.5
22950,6181,2074,50943,14763,2026-09-28 08:44:51,23140.5
23000,50441,-9343,222071,41186,2026-09-28 08:44:51,23140.5
23050,36285,15494,97505,54569,2026-09-28 08:44:51,23140.5
23100,139708,30944,168406,51698,2026-09-28 08:44:51,23140.5
23150,56087,5152,61203,34051,2026-09-28 08:44:51,23140.5
23200,144416,-39419,93900,19247,2026-09-28 08:44:51,23140.5
23250,91540,-60448,52569,-1949,2026-09-28 08:44:51,23140.5
23300,148817,-30507,78961,-6409,2026-09-28 08:44:51,23140.5
23350,78850,10526,13649,-3509,2026-09-28 08:44:51,23140.5
23400,151092,-10789,55424,-6553,2026-09-28 08:44:51,23140.5
23450,67620,-4636,13795,-3065,2026-09-28 08:44:51,23140.5
23500,217592,8791,71269,-12578,2026-09-28 08:44:51,23140.5
23550,82436,17911,4824,-697,2026-09-28 08:44:51,23140.5
23600,115603,-8746,14617,-7701,2026-09-28 08:44:51,23140.5
23650,61021,-8919,3544,-360,2026-09-28 08:44:51,23140.5
23700,110910,2100,10546,-1373,2026-09-28 08:44:51,23140.5
23750,37163,-9063,2981,-549,2026-09-28 08:44:51,23140.5
23800,109449,211,12654,-7883,2026-09-28 08:44:51,23140.5
23850,37895,1635,1568,-260,2026-09-28 08:44:51,23140.5
23900,89727,-28242,8831,-3277,2026-09-28 08:44:51,23140.5
23950,29196,-3027,1809,-213,2026-09-28 08:44:51,23140.5
24000,240151,-58462,48540,-22343,2026-09-28 08:44:51,23140.5
24050,23239,-26288,1238,-5,2026-09-28 08:44:51,23140.5
24100,86192,2049,5951,-915,2026-09-28 08:44:51,23140.5
24150,25136,-1777,1752,-146,2026-09-28 08:44:51,23140.5
24200,122282,-16805,14453,-2633,2026-09-28 08:44:51,23140.5
24250,26454,-7425,2193,-11,2026-09-28 08:44:51,23140.5
24300,89644,-34410,31363,-7918,2026-09-28 08:44:51,23140.5
24350,23946,-3171,4446,-152,2026-09-28 08:44:51,23140.5
24400,56001,-6677,17874,-4469,2026-09-28 08:44:51,23140.5
24450,5603,-607,1128,-42,2026-09-28 08:44:51,23140.5
24500,156478,-38870,20505,-10449,2026-09-28 08:44:51,23140.5
24550,18022,-457,686,-6,2026-09-28 08:44:51,23140.5
24600,51310,-2746,7622,-1056,2026-09-28 08:44:51,23140.5
24650,13152,-319,520,-5,2026-09-28 08:44:51,23140.5
24700,55617,-2413,2435,-400,2026-09-28 08:44:51,23140.5
24750,5356,-50,381,0,2026-09-28 08:44:51,23140.5
24800,44540,-10196,3132,-580,2026-09-28 08:44:51,23140.5
24850,2293,-41,161,-11,2026-09-28 08:44:51,23140.5
24900,21311,-6759,837,-35,2026-09-28 08:44:51,23140.5
24950,2904,840,70,-1,2026-09-28 08:44:51,23140.5
25000,130723,-42912,15386,-5587,2026-09-28 08:44:51,23140.5
25050,1402,179,51,-1,2026-09-28 08:44:51,23140.5
25100,9590,-5084,1235,-109,2026-09-28 08:44:51,23140.5
25150,1228,-48,25,0,2026-09-28 08:44:51,23140.5
25200,9675,38,1019,-89,2026-09-28 08:44:51,23140.5
25250,905,-16,34,0,2026-09-28 08:44:51,23140.5
25300,6864,184,361,-40,2026-09-28 08:44:51,23140.5
25350,421,13,16,0,2026-09-28 08:44:51,23140.5
25400,2749,-578,304,-21,2026-09-28 08:44:51,23140.5
25450,583,1,9,0,2026-09-28 08:44:51,23140.5
25500,39808,-3857,9216,-2722,2026-09-28 08:44:51,23140.5
25550,2018,556,6,0,2026-09-28 08:44:51,23140.5
25600,1830,-1393,443,-5,2026-09-28 08:44:51,23140.5
25650,907,24,8,0,2026-09-28 08:44:51,23140.5
25700,4013,-120,131,-34,2026-09-28 08:44:51,23140.5
25750,312,-1,4,0,2026-09-28 08:44:51,23140.5
25800,4975,-816,268,-33,2026-09-28 08:44:51,23140.5
25850,332,46,13,13,2026-09-28 08:44:51,23140.5
25900,3318,69,37,-28,2026-09-28 08:44:51,23140.5
25950,426,21,1,0,2026-09-28 08:44:51,23140.5
26000,45287,-3339,17808,-4722,2026-09-28 08:44:51,23140.5
26050,254,-128,1,0,2026-09-28 08:44:51,23140.5
26100,469,44,67,-51,2026-09-28 08:44:51,23140.5
26150,264,5,1,0,2026-09-28 08:44:51,23140.5
26200,2553,-64,522,-27,2026-09-28 08:44:51,23140.5
26250,469,113,0,0,2026-09-28 08:44:51,23140.5
26300,1884,192,866,-82,2026-09-28 08:44:51,23140.5
26350,400,271,0,0,2026-09-28 08:44:51,23140.5
26400,260,-43,41,-1,2026-09-28 08:44:51,23140.5
26450,187,12,0,0,2026-09-28 08:44:51,23140.5
26500,8957,-1303,8550,-1074,2026-09-28 08:44:51,23140.5
26550,159,23,0,0,2026-09-28 08:44:51,23140.5
26600,626,26,0,0,2026-09-28 08:44:51,23140.5
26650,144,22,0,0,2026-09-28 08:44:51,23140.5
26700,167,22,0,0,2026-09-28 08:44:51,23140.5
26750,208,-17,1,0,2026-09-28 08:44:51,23140.5
26800,187,8,21,0,2026-09-28 08:44:51,23140.5
26850,203,33,0,0,2026-09-28 08:44:51,23140.5
26900,215,-2,1,0,2026-09-28 08:44:51,23140.5
26950,224,-1,0,0,2026-09-28 08:44:51,23140.5
27000,23546,-1900,16580,-2632,2026-09-28 08:44:51,23140.5
27050,361,10,0,0,2026-09-28 08:44:51,23140.5
27100,748,111,0,0,2026-09-28 08:44:51,23140.5
27150,1210,-56,0,0,2026-09-28 08:44:51,23140.5
27200,3983,732,0,0,2026-09-28 08:44:51,23140.5
28500,5819,-1262,3429,-1612,2026-09-28 08:44:51,23140.5
30000,4111,-178,1405,-480,2026-09-28 08:44:51,23140.5
31500,263,15,0,0,2026-09-28 08:44:51,23140.5
33000,1132,189,0,0,2026-09-28 08:44:51,23140.5
34500,227,24,0,0,2026-09-28 08:44:51,23140.5
15000,0,0,1872,192,2026-09-28 08:47:57,23140.5
16500,0,0,2380,126,2026-09-28 08:47:57,23140.5
18000,12,0,12184,-677,2026-09-28 08:47:57,23140.5
19500,1502,-200,12971,-3012,2026-09-28 08:47:57,23140.5
20800,0,0,6171,6171,2026-09-28 08:47:57,23140.5
20850,0,0,409,399,2026-09-28 08:47:57,23140.5
20900,0,0,1548,1548,2026-09-28 08:47:57,23140.5
20950,0,0,414,414,2026-09-28 08:47:57,23140.5
21000,4872,-1355,147444,-22606,2026-09-28 08:47:57,23140.5
21050,0,0,473,473,2026-09-28 08:47:57,23140.5
21100,0,0,5946,5945,2026-09-28 08:47:57,23140.5
21150,0,0,1148,1118,2026-09-28 08:47:57,23140.5
21200,0,0,2453,2168,2026-09-28 08:47:57,23140.5
21250,0,0,1121,1121,2026-09-28 08:47:57,23140.5
21300,0,0,1998,1187,2026-09-28 08:47:57,23140.5
21350,0,0,28157,-9517,2026-09-28 08:47:57,23140.5
21400,1,0,41677,827,2026-09-28 08:47:57,23140.5
21450,0,0,3499,-341,2026-09-28 08:47:57,23140.5
21500,1,0,61445,-4666,2026-09-28 08:47:57,23140.5
21550,0,0,4571,763,2026-09-28 08:47:57,23140.5
21600,582,-62,17257,-1189,2026-09-28 08:47:57,23140.5
21650,1,0,5293,401,2026-09-28 08:47:57,23140.5
21700,0,0,26462,2957,2026-09-28 08:47:57,23140.5
21750,1,0,10522,5142,2026-09-28 08:47:57,23140.5
21800,1,0,47389,11844,2026-09-28 08:47:57,23140.5
21850,1,0,13126,9182,2026-09-28 08:47:57,23140.5
21900,10,0,26853,11362,2026-09-28 08:47:57,23140.5
21950,2,0,9877,2638,2026-09-28 08:47:57,23140.5
22000,7997,-1767,201855,15199,2026-09-28 08:47:57,23140.5
22050,10,9,7568,-653,2026-09-28 08:47:57,23140.5
22100,24,0,32704,15713,2026-09-28 08:47:57,23140.5
22150,62,0,8130,3109,2026-09-28 08:47:57,23140.5
22200,76,-43,64023,10335,2026-09-28 08:47:57,23140.5
22250,6,-19,16082,6007,2026-09-28 08:47:57,23140.5
22300,60,33,58473,8342,2026-09-28 08:47:57,23140.5
22350,33,0,19701,2361,2026-09-28 08:47:57,23140.5
22400,153,64,63960,15187,2026-09-28 08:47:57,23140.5
22450,306,150,29167,9414,2026-09-28 08:47:57,23140.5
22500,8491,-1640,160880,24158,2026-09-28 08:47:57,23140.5
22550,287,179,32446,12158,2026-09-28 08:47:57,23140.5
22600,895,-18,75365,22601,2026-09-28 08:47:57,23140.5
22650,723,7,44545,10455,2026-09-28 08:47:57,23140.5
22700,1934,772,101127,30351,2026-09-28 08:47:57,23140.5
22750,937,82,56029,23444,2026-09-28 08:47:57,23140.5
22800,6375,394,138127,28040,2026-09-28 08:47:57,23140.5
22850,1577,-15,67167,22797,2026-09-28 08:47:57,23140.5
22900,6972,1179,99807,13059,2026-09-28 08:47:57,23140.5
22950,6181,2074,50943,14763,2026-09-28 08:47:57,23140.5
23000,50441,-9343,222071,41186,2026-09-28 08:47:57,23140.5
23050,36285,15494,97505,54569,2026-09-28 08:47:57,23140.5
23100,139708,30944,168406,51698,2026-09-28 08:47:57,23140.5
23150,56087,5152,61203,34051,2026-09-28 08:47:57,23140.5
23200,144416,-39419,93900,19247,2026-09-28 08:47:57,23140.5
23250,91540,-60448,52569,-1949,2026-09-28 08:47:57,23140.5
23300,148817,-30507,78961,-6409,2026-09-28 08:47:57,23140.5
23350,78850,10526,13649,-3509,2026-09-28 08:47:57,23140.5
23400,151092,-10789,55424,-6553,2026-09-28 08:47:57,23140.5
23450,67620,-4636,13795,-3065,2026-09-28 08:47:57,23140.5
23500,217592,8791,71269,-12578,2026-09-28 08:47:57,23140.5
23550,82436,17911,4824,-697,2026-09-28 08:47:57,23140.5
23600,115603,-8746,14617,-7701,2026-09-28 08:47:57,23140.5
23650,61021,-8919,3544,-360,2026-09-28 08:47:57,23140.5
23700,110910,2100,10546,-1373,2026-09-28 08:47:57,23140.5
23750,37163,-9063,2981,-549,2026-09-28 08:47:57,23140.5
23800,109449,211,12654,-7883,2026-09-28 08:47:57,23140.5
23850,37895,1635,1568,-260,2026-09-28 08:47:57,23140.5
23900,89727,-28242,8831,-3277,2026-09-28 08:47:57,23140.5
23950,29196,-3027,1809,-213,2026-09-28 08:47:57,23140.5
24000,240151,-58462,48540,-22343,2026-09-28 08:47:57,23140.5
24050,23239,-26288,1238,-5,2026-09-28 08:47:57,23140.5
24100,86192,2049,5951,-915,2026-09-28 08:47:57,23140.5
24150,25136,-1777,1752,-146,2026-09-28 08:47:57,23140.5
24200,122282,-16805,14453,-2633,2026-09-28 08:47:57,23140.5
24250,26454,-7425,2193,-11,2026-09-28 08:47:57,23140.5
24300,89644,-34410,31363,-7918,2026-09-28 08:47:57,23140.5
24350,23946,-3171,4446,-152,2026-09-28 08:47:57,23140.5
24400,56001,-6677,17874,-4469,2026-09-28 08:47:57,23140.5
24450,5603,-607,1128,-42,2026-09-28 08:47:57,23140.5
24500,156478,-38870,20505,-10449,2026-09-28 08:47:57,23140.5
24550,18022,-457,686,-6,2026-09-28 08:47:57,23140.5
24600,51310,-2746,7622,-1056,2026-09-28 08:47:57,23140.5
24650,13152,-319,520,-5,2026-09-28 08:47:57,23140.5
24700,55617,-2413,2435,-400,2026-09-28 08:47:57,23140.5
24750,5356,-50,381,0,2026-09-28 08:47:57,23140.5
24800,44540,-10196,3132,-580,2026-09-28 08:47:57,23140.5
24850,2293,-41,161,-11,2026-09-28 08:47:57,23140.5
24900,21311,-6759,837,-35,2026-09-28 08:47:57,23140.5
24950,2904,840,70,-1,2026-09-28 08:47:57,23140.5
25000,130723,-42912,15386,-5587,2026-09-28 08:47:57,23140.5
25050,1402,179,51,-1,2026-09-28 08:47:57,23140.5
25100,9590,-5084,1235,-109,2026-09-28 08:47:57,23140.5
25150,1228,-48,25,0,2026-09-28 08:47:57,23140.5
25200,9675,38,1019,-89,2026-09-28 08:47:57,23140.5
25250,905,-16,34,0,2026-09-28 08:47:57,23140.5
25300,6864,184,361,-40,2026-09-28 08:47:57,23140.5
25350,421,13,16,0,2026-09-28 08:47:57,23140.5
25400,2749,-578,304,-21,2026-09-28 08:47:57,23140.5
25450,583,1,9,0,2026-09-28 08:47:57,23140.5
25500,39808,-3857,9216,-2722,2026-09-28 08:47:57,23140.5
25550,2018,556,6,0,2026-09-28 08:47:57,23140.5
25600,1830,-1393,443,-5,2026-09-28 08:47:57,23140.5
25650,907,24,8,0,2026-09-28 08:47:57,23140.5
25700,4013,-120,131,-34,2026-09-28 08:47:57,23140.5
25750,312,-1,4,0,2026-09-28 08:47:57,23140.5
25800,4975,-816,268,-33,2026-09-28 08:47:57,23140.5
25850,332,46,13,13,2026-09-28 08:47:57,23140.5
25900,3318,69,37,-28,2026-09-28 08:47:57,23140.5
25950,426,21,1,0,2026-09-28 08:47:57,23140.5
26000,45287,-3339,17808,-4722,2026-09-28 08:47:57,23140.5
26050,254,-128,1,0,2026-09-28 08:47:57,23140.5
26100,469,44,67,-51,2026-09-28 08:47:57,23140.5
26150,264,5,1,0,2026-09-28 08:47:57,23140.5
26200,2553,-64,522,-27,2026-09-28 08:47:57,23140.5
26250,469,113,0,0,2026-09-28 08:47:57,23140.5
26300,1884,192,866,-82,2026-09-28 08:47:57,23140.5
26350,400,271,0,0,2026-09-28 08:47:57,23140.5
26400,260,-43,41,-1,2026-09-28 08:47:57,23140.5
26450,187,12,0,0,2026-09-28 08:47:57,23140.5
26500,8957,-1303,8550,-1074,2026-09-28 08:47:57,23140.5
26550,159,23,0,0,2026-09-28 08:47:57,23140.5
26600,626,26,0,0,2026-09-28 08:47:57,23140.5
26650,144,22,0,0,2026-09-28 08:47:57,23140.5
26700,167,22,0,0,2026-09-28 08:47:57,23140.5
26750,208,-17,1,0,2026-09-28 08:47:57,23140.5
26800,187,8,21,0,2026-09-28 08:47:57,23140.5
26850,203,33,0,0,2026-09-28 08:47:57,23140.5
26900,215,-2,1,0,2026-09-28 08:47:57,23140.5
26950,224,-1,0,0,2026-09-28 08:47:57,23140.5
27000,23546,-1900,16580,-2632,2026-09-28 08:47:57,23140.5
27050,361,10,0,0,2026-09-28 08:47:57,23140.5
27100,748,111,0,0,2026-09-28 08:47:57,23140.5
27150,1210,-56,0,0,2026-09-28 08:47:57,23140.5
27200,3983,732,0,0,2026-09-28 08:47:57,23140.5
28500,5819,-1262,3429,-1612,2026-09-28 08:47:57,23140.5
30000,4111,-178,1405,-480,2026-09-28 08:47:57,23140.5
31500,263,15,0,0,2026-09-28 08:47:57,23140.5
33000,1132,189,0,0,2026-09-28 08:47:57,23140.5
34500,227,24,0,0,2026-09-28 08:47:57,23140.5
15000,0,0,1872,192,2026-09-28 08:51:01,23140.5
16500,0,0,2380,126,2026-09-28 08:51:01,23140.5
18000,12,0,12184,-677,2026-09-28 08:51:01,23140.5
19500,1502,-200,12971,-3012,2026-09-28 08:51:01,23140.5
20800,0,0,6171,6171,2026-09-28 08:51:01,23140.5
20850,0,0,409,399,2026-09-28 08:51:01,23140.5
20900,0,0,1548,1548,2026-09-28 08:51:01,23140.5
20950,0,0,414,414,2026-09-28 08:51:01,23140.5
21000,4872,-1355,147444,-22606,2026-09-28 08:51:01,23140.5
21050,0,0,473,473,2026-09-28 08:51:01,23140.5
21100,0,0,5946,5945,2026-09-28 08:51:01,23140.5
21150,0,0,1148,1118,2026-09-28 08:51:01,23140.5
21200,0,0,2453,2168,2026-09-28 08:51:01,23140.5
21250,0,0,1121,1121,2026-09-28 08:51:01,23140.5
21300,0,0,1998,1187,2026-09-28 08:51:01,23140.5
21350,0,0,28157,-9517,2026-09-28 08:51:01,23140.5
21400,1,0,41677,827,2026-09-28 08:51:01,23140.5
21450,0,0,3499,-341,2026-09-28 08:51:01,23140.5
21500,1,0,61445,-4666,2026-09-28 08:51:01,23140.5
21550,0,0,4571,763,2026-09-28 08:51:01,23140.5
21600,582,-62,17257,-1189,2026-09-28 08:51:01,23140.5
21650,1,0,5293,401,2026-09-28 08:51:01,23140.5
21700,0,0,26462,2957,2026-09-28 08:51:01,23140.5
21750,1,0,10522,5142,2026-09-28 08:51:01,23140.5
21800,1,0,47389,11844,2026-09-28 08:51:01,23140.5
21850,1,0,13126,9182,2026-09-28 08:51:01,23140.5
21900,10,0,26853,11362,2026-09-28 08:51:01,23140.5
21950,2,0,9877,2638,2026-09-28 08:51:01,23140.5
22000,7997,-1767,201855,15199,2026-09-28 08:51:01,23140.5
22050,10,9,7568,-653,2026-09-28 08:51:01,23140.5
22100,24,0,32704,15713,2026-09-28 08:51:01,23140.5
22150,62,0,8130,3109,2026-09-28 08:51:01,23140.5
22200,76,-43,64023,10335,2026-09-28 08:51:01,23140.5
22250,6,-19,16082,6007,2026-09-28 08:51:01,23140.5
22300,60,33,58473,8342,2026-09-28 08:51:01,23140.5
22350,33,0,19701,2361,2026-09-28 08:51:01,23140.5
22400,153,64,63960,15187,2026-09-28 08:51:01,23140.5
22450,306,150,29167,9414,2026-09-28 08:51:01,23140.5
22500,8491,-1640,160880,24158,2026-09-28 08:51:01,23140.5
22550,287,179,32446,12158,2026-09-28 08:51:01,23140.5
22600,895,-18,75365,22601,2026-09-28 08:51:01,23140.5
22650,723,7,44545,10455,2026-09-28 08:51:01,23140.5
22700,1934,772,101127,30351,2026-09-28 08:51:01,23140.5
22750,937,82,56029,23444,2026-09-28 08:51:01,23140.5
22800,6375,394,138127,28040,2026-09-28 08:51:01,23140.5
22850,1577,-15,67167,22797,2026-09-28 08:51:01,23140.5
22900,6972,1179,99807,13059,2026-09-28 08:51:01,23140.5
22950,6181,2074,50943,14763,2026-09-28 08:51:01,23140.5
23000,50441,-9343,222071,41186,2026-09-28 08:51:01,23140.5
23050,36285,15494,97505,54569,2026-09-28 08:51:01,23140.5
23100,139708,30944,168406,51698,2026-09-28 08:51:01,23140.5
23150,56087,5152,61203,34051,2026-09-28 08:51:01,23140.5
23200,144416,-39419,93900,19247,2026-09-28 08:51:01,23140.5
23250,91540,-60448,52569,-1949,2026-09-28 08:51:01,23140.5
23300,148817,-30507,78961,-6409,2026-09-28 08:51:01,23140.5
23350,78850,10526,13649,-3509,2026-09-28 08:51:01,23140.5
23400,151092,-10789,55424,-6553,2026-09-28 08:51:01,23140.5
23450,67620,-4636,13795,-3065,2026-09-28 08:51:01,23140.5
23500,217592,8791,71269,-12578,2026-09-28 08:51:01,23140.5
23550,82436,17911,4824,-697,2026-09-28 08:51:01,23140.5
23600,115603,-8746,14617,-7701,2026-09-28 08:51:01,23140.5
23650,61021,-8919,3544,-360,2026-09-28 08:51:01,23140.5
23700,110910,2100,10546,-1373,2026-09-28 08:51:01,23140.5
23750,37163,-9063,2981,-549,2026-09-28 08:51:01,23140.5
23800,109449,211,12654,-7883,2026-09-28 08:51:01,23140.5
23850,37895,1635,1568,-260,2026-09-28 08:51:01,23140.5
23900,89727,-28242,8831,-3277,2026-09-28 08:51:01,23140.5
23950,29196,-3027,1809,-213,2026-09-28 08:51:01,23140.5
24000,240151,-58462,48540,-22343,2026-09-28 08:51:01,23140.5
24050,23239,-26288,1238,-5,2026-09-28 08:51:01,23140.5
24100,86192,2049,5951,-915,2026-09-28 08:51:01,23140.5
24150,25136,-1777,1752,-146,2026-09-28 08:51:01,23140.5
24200,122282,-16805,14453,-2633,2026-09-28 08:51:01,23140.5
24250,26454,-7425,2193,-11,2026-09-28 08:51:01,23140.5
24300,89644,-34410,31363,-7918,2026-09-28 08:51:01,23140.5
24350,23946,-3171,4446,-152,2026-09-28 08:51:01,23140.5
24400,56001,-6677,17874,-4469,2026-09-28 08:51:01,23140.5
24450,5603,-607,1128,-42,2026-09-28 08:51:01,23140.5
24500,156478,-38870,20505,-10449,2026-09-28 08:51:01,23140.5
24550,18022,-457,686,-6,2026-09-28 08:51:01,23140.5
24600,51310,-2746,7622,-1056,2026-09-28 08:51:01,23140.5
24650,13152,-319,520,-5,2026-09-28 08:51:01,23140.5
24700,55617,-2413,2435,-400,2026-09-28 08:51:01,23140.5
24750,5356,-50,381,0,2026-09-28 08:51:01,23140.5
24800,44540,-10196,3132,-580,2026-09-28 08:51:01,23140.5
24850,2293,-41,161,-11,2026-09-28 08:51:01,23140.5
24900,21311,-6759,837,-35,2026-09-28 08:51:01,23140.5
24950,2904,840,70,-1,2026-09-28 08:51:01,23140.5
25000,130723,-42912,15386,-5587,2026-09-28 08:51:01,23140.5
25050,1402,179,51,-1,2026-09-28 08:51:01,23140.5
25100,9590,-5084,1235,-109,2026-09-28 08:51:01,23140.5
25150,1228,-48,25,0,2026-09-28 08:51:01,23140.5
25200,9675,38,1019,-89,2026-09-28 08:51:01,23140.5
25250,905,-16,34,0,2026-09-28 08:51:01,23140.5
25300,6864,184,361,-40,2026-09-28 08:51:01,23140.5
25350,421,13,16,0,2026-09-28 08:51:01,23140.5
25400,2749,-578,304,-21,2026-09-28 08:51:01,23140.5
25450,583,1,9,0,2026-09-28 08:51:01,23140.5
25500,39808,-3857,9216,-2722,2026-09-28 08:51:01,23140.5
25550,2018,556,6,0,2026-09-28 08:51:01,23140.5
25600,1830,-1393,443,-5,2026-09-28 08:51:01,23140.5
25650,907,24,8,0,2026-09-28 08:51:01,23140.5
25700,4013,-120,131,-34,2026-09-28 08:51:01,23140.5
25750,312,-1,4,0,2026-09-28 08:51:01,23140.5
25800,4975,-816,268,-33,2026-09-28 08:51:01,23140.5
25850,332,46,13,13,2026-09-28 08:51:01,23140.5
25900,3318,69,37,-28,2026-09-28 08:51:01,23140.5
25950,426,21,1,0,2026-09-28 08:51:01,23140.5
26000,45287,-3339,17808,-4722,2026-09-28 08:51:01,23140.5
26050,254,-128,1,0,2026-09-28 08:51:01,23140.5
26100,469,44,67,-51,2026-09-28 08:51:01,23140.5
26150,264,5,1,0,2026-09-28 08:51:01,23140.5
26200,2553,-64,522,-27,2026-09-28 08:51:01,23140.5
26250,469,113,0,0,2026-09-28 08:51:01,23140.5
26300,1884,192,866,-82,2026-09-28 08:51:01,23140.5
26350,400,271,0,0,2026-09-28 08:51:01,23140.5
26400,260,-43,41,-1,2026-09-28 08:51:01,23140.5
26450,187,12,0,0,2026-09-28 08:51:01,23140.5
26500,8957,-1303,8550,-1074,2026-09-28 08:51:01,23140.5
26550,159,23,0,0,2026-09-28 08:51:01,23140.5
26600,626,26,0,0,2026-09-28 08:51:01,23140.5
26650,144,22,0,0,2026-09-28 08:51:01,23140.5
26700,167,22,0,0,2026-09-28 08:51:01,23140.5
26750,208,-17,1,0,2026-09-28 08:51:01,23140.5
26800,187,8,21,0,2026-09-28 08:51:01,23140.5
26850,203,33,0,0,2026-09-28 08:51:01,23140.5
26900,215,-2,1,0,2026-09-28 08:51:01,23140.5
26950,224,-1,0,0,2026-09-28 08:51:01,23140.5
27000,23546,-1900,16580,-2632,2026-09-28 08:51:01,23140.5
27050,361,10,0,0,2026-09-28 08:51:01,23140.5
27100,748,111,0,0,2026-09-28 08:51:01,23140.5
27150,1210,-56,0,0,2026-09-28 08:51:01,23140.5
27200,3983,732,0,0,2026-09-28 08:51:01,23140.5
28500,5819,-1262,3429,-1612,2026-09-28 08:51:01,23140.5
30000,4111,-178,1405,-480,2026-09-28 08:51:01,23140.5
31500,263,15,0,0,2026-09-28 08:51:01,23140.5
33000,1132,189,0,0,2026-09-28 08:51:01,23140.5
34500,227,24,0,0,2026-09-28 08:51:01,23140.5
15000,0,0,1872,192,2026-09-28 08:54:04,23140.5
16500,0,0,2380,126,2026-09-28 08:54:04,23140.5
18000,12,0,12184,-677,2026-09-28 08:54:04,23140.5
19500,1502,-200,12971,-3012,2026-09-28 08:54:04,23140.5
20800,0,0,6171,6171,2026-09-28 08:54:04,23140.5
20850,0,0,409,399,2026-09-28 08:54:04,23140.5
20900,0,0,1548,1548,2026-09-28 08:54:04,23140.5
20950,0,0,414,414,2026-09-28 08:54:04,23140.5
21000,4872,-1355,147444,-22606,2026-09-28 08:54:04,23140.5
21050,0,0,473,473,2026-09-28 08:54:04,23140.5
21100,0,0,5946,5945,2026-09-28 08:54:04,23140.5
21150,0,0,1148,1118,2026-09-28 08:54:04,23140.5
21200,0,0,2453,2168,2026-09-28 08:54:04,23140.5
21250,0,0,1121,1121,2026-09-28 08:54:04,23140.5
21300,0,0,1998,1187,2026-09-28 08:54:04,23140.5
21350,0,0,28157,-9517,2026-09-28 08:54:04,23140.5
21400,1,0,41677,827,2026-09-28 08:54:04,23140.5
21450,0,0,3499,-341,2026-09-28 08:54:04,23140.5
21500,1,0,61445,-4666,2026-09-28 08:54:04,23140.5
21550,0,0,4571,763,2026-09-28 08:54:04,23140.5
21600,582,-62,17257,-1189,2026-09-28 08:54:04,23140.5
21650,1,0,5293,401,2026-09-28 08:54:04,23140.5
21700,0,0,26462,2957,2026-09-28 08:54:04,23140.5
21750,1,0,10522,5142,2026-09-28 08:54:04,23140.5
21800,1,0,47389,11844,2026-09-28 08:54:04,23140.5
21850,1,0,13126,9182,2026-09-28 08:54:04,23140.5
21900,10,0,26853,11362,2026-09-28 08:54:04,23140.5
21950,2,0,9877,2638,2026-09-28 08:54:04,23140.5
22000,7997,-1767,201855,15199,2026-09-28 08:54:04,23140.5
22050,10,9,7568,-653,2026-09-28 08:54:04,23140.5
22100,24,0,32704,15713,2026-09-28 08:54:04,23140.5
22150,62,0,8130,3109,2026-09-28 08:54:04,23140.5
22200,76,-43,64023,10335,2026-09-28 08:54:04,23140.5
22250,6,-19,16082,6007,2026-09-28 08:54:04,23140.5
22300,60,33,58473,8342,2026-09-28 08:54:04,23140.5
22350,33,0,19701,2361,2026-09-28 08:54:04,23140.5
22400,153,64,63960,15187,2026-09-28 08:54:04,23140.5
22450,306,150,29167,9414,2026-09-28 08:54:04,23140.5
22500,8491,-1640,160880,24158,2026-09-28 08:54:04,23140.5
22550,287,179,32446,12158,2026-09-28 08:54:04,23140.5
22600,895,-18,75365,22601,2026-09-28 08:54:04,23140.5
22650,723,7,44545,10455,2026-09-28 08:54:04,23140.5
22700,1934,772,101127,30351,2026-09-28 08:54:04,23140.5
22750,937,82,56029,23444,2026-09-28 08:54:04,23140.5
22800,6375,394,138127,28040,2026-09-28 08:54:04,23140.5
22850,1577,-15,67167,22797,2026-09-28 08:54:04,23140.5
22900,6972,1179,99807,13059,2026-09-28 08:54:04,23140.5
22950,6181,2074,50943,14763,2026-09-28 08:54:04,23140.5
23000,50441,-9343,222071,41186,2026-09-28 08:54:04,23140.5
23050,36285,15494,97505,54569,2026-09-28 08:54:04,23140.5
23100,139708,30944,168406,51698,2026-09-28 08:54:04,23140.5
23150,56087,5152,61203,34051,2026-09-28 08:54:04,23140.5
23200,144416,-39419,93900,19247,2026-09-28 08:54:04,23140.5
23250,91540,-60448,52569,-1949,2026-09-28 08:54:04,23140.5
23300,148817,-30507,78961,-6409,2026-09-28 08:54:04,23140.5
23350,78850,10526,13649,-3509,2026-09-28 08:54:04,23140.5
23400,151092,-10789,55424,-6553,2026-09-28 08:54:04,23140.5
23450,67620,-4636,13795,-3065,2026-09-28 08:54:04,23140.5
23500,217592,8791,71269,-12578,2026-09-28 08:54:04,23140.5
23550,82436,17911,4824,-697,2026-09-28 08:54:04,23140.5
23600,115603,-8746,14617,-7701,2026-09-28 08:54:04,23140.5
23650,61021,-8919,3544,-360,2026-09-28 08:54:04,23140.5
23700,110910,2100,10546,-1373,2026-09-28 08:54:04,23140.5
23750,37163,-9063,2981,-549,2026-09-28 08:54:04,23140.5
23800,109449,211,12654,-7883,2026-09-28 08:54:04,23140.5
23850,37895,1635,1568,-260,2026-09-28 08:54:04,23140.5
23900,89727,-28242,8831,-3277,2026-09-28 08:54:04,23140.5
23950,29196,-3027,1809,-213,2026-09-28 08:54:04,23140.5
24000,240151,-58462,48540,-22343,2026-09-28 08:54:04,23140.5
24050,23239,-26288,1238,-5,2026-09-28 08:54:04,23140.5
24100,86192,2049,5951,-915,2026-09-28 08:54:04,23140.5
24150,25136,-1777,1752,-146,2026-09-28 08:54:04,23140.5
24200,122282,-16805,14453,-2633,2026-09-28 08:54:04,23140.5
24250,26454,-7425,2193,-11,2026-09-28 08:54:04,23140.5
24300,89644,-34410,31363,-7918,2026-09-28 08:54:04,23140.5
24350,23946,-3171,4446,-152,2026-09-28 08:54:04,23140.5
24400,56001,-6677,17874,-4469,2026-09-28 08:54:04,23140.5
24450,5603,-607,1128,-42,2026-09-28 08:54:04,23140.5
24500,156478,-38870,20505,-10449,2026-09-28 08:54:04,23140.5
24550,18022,-457,686,-6,2026-09-28 08:54:04,23140.5
24600,51310,-2746,7622,-1056,2026-09-28 08:54:04,23140.5
24650,13152,-319,520,-5,2026-09-28 08:54:04,23140.5
24700,55617,-2413,2435,-400,2026-09-28 08:54:04,23140.5
24750,5356,-50,381,0,2026-09-28 08:54:04,23140.5
24800,44540,-10196,3132,-580,2026-09-28 08:54:04,23140.5
24850,2293,-41,161,-11,2026-09-28 08:54:04,23140.5
24900,21311,-6759,837,-35,2026-09-28 08:54:04,23140.5
24950,2904,840,70,-1,2026-09-28 08:54:04,23140.5
25000,130723,-42912,15386,-5587,2026-09-28 08:54:04,23140.5
25050,1402,179,51,-1,2026-09-28 08:54:04,23140.5
25100,9590,-5084,1235,-109,2026-09-28 08:54:04,23140.5
25150,1228,-48,25,0,2026-09-28 08:54:04,23140.5
25200,9675,38,1019,-89,2026-09-28 08:54:04,23140.5
25250,905,-16,34,0,2026-09-28 08:54:04,23140.5
25300,6864,184,361,-40,2026-09-28 08:54:04,23140.5
25350,421,13,16,0,2026-09-28 08:54:04,23140.5
25400,2749,-578,304,-21,2026-09-28 08:54:04,23140.5
25450,583,1,9,0,2026-09-28 08:54:04,23140.5
25500,39808,-3857,9216,-2722,2026-09-28 08:54:04,23140.5
25550,2018,556,6,0,2026-09-28 08:54:04,23140.5
25600,1830,-1393,443,-5,2026-09-28 08:54:04,23140.5
25650,907,24,8,0,2026-09-28 08:54:04,23140.5
25700,4013,-120,131,-34,2026-09-28 08:54:04,23140.5
25750,312,-1,4,0,2026-09-28 08:54:04,23140.5
25800,4975,-816,268,-33,2026-09-28 08:54:04,23140.5
25850,332,46,13,13,2026-09-28 08:54:04,23140.5
25900,3318,69,37,-28,2026-09-28 08:54:04,23140.5
25950,426,21,1,0,2026-09-28 08:54:04,23140.5
26000,45287,-3339,17808,-4722,2026-09-28 08:54:04,23140.5
26050,254,-128,1,0,2026-09-28 08:54:04,23140.5
26100,469,44,67,-51,2026-09-28 08:54:04,23140.5
26150,264,5,1,0,2026-09-28 08:54:04,23140.5
26200,2553,-64,522,-27,2026-09-28 08:54:04,23140.5
26250,469,113,0,0,2026-09-28 08:54:04,23140.5
26300,1884,192,866,-82,2026-09-28 08:54:04,23140.5
26350,400,271,0,0,2026-09-28 08:54:04,23140.5
26400,260,-43,41,-1,2026-09-28 08:54:04,23140.5
26450,187,12,0,0,2026-09-28 08:54:04,23140.5
26500,8957,-1303,8550,-1074,2026-09-28 08:54:04,23140.5
26550,159,23,0,0,2026-09-28 08:54:04,23140.5
26600,626,26,0,0,2026-09-28 08:54:04,23140.5
26650,144,22,0,0,2026-09-28 08:54:04,23140.5
26700,167,22,0,0,2026-09-28 08:54:04,23140.5
26750,208,-17,1,0,2026-09-28 08:54:04,23140.5
26800,187,8,21,0,2026-09-28 08:54:04,23140.5
26850,203,33,0,0,2026-09-28 08:54:04,23140.5
26900,215,-2,1,0,2026-09-28 08:54:04,23140.5
26950,224,-1,0,0,2026-09-28 08:54:04,23140.5
27000,23546,-1900,16580,-2632,2026-09-28 08:54:04,23140.5
27050,361,10,0,0,2026-09-28 08:54:04,23140.5
27100,748,111,0,0,2026-09-28 08:54:04,23140.5
27150,1210,-56,0,0,2026-09-28 08:54:04,23140.5
27200,3983,732,0,0,2026-09-28 08:54:04,23140.5
28500,5819,-1262,3429,-1612,2026-09-28 08:54:04,23140.5
30000,4111,-178,1405,-480,2026-09-28 08:54:04,23140.5
31500,263,15,0,0,2026-09-28 08:54:04,23140.5
33000,1132,189,0,0,2026-09-28 08:54:04,23140.5
34500,227,24,0,0,2026-09-28 08:54:04,23140.5
15000,0,0,1872,192,2026-09-28 08:56:31,23140.5
16500,0,0,2380,126,2026-09-28 08:56:31,23140.5
18000,12,0,12184,-677,2026-09-28 08:56:31,23140.5
19500,1502,-200,12971,-3012,2026-09-28 08:56:31,23140.5
20800,0,0,6171,6171,2026-09-28 08:56:31,23140.5
20850,0,0,409,399,2026-09-28 08:56:31,23140.5
20900,0,0,1548,1548,2026-09-28 08:56:31,23140.5
20950,0,0,414,414,2026-09-28 08:56:31,23140.5
21000,4872,-1355,147444,-22606,2026-09-28 08:56:31,23140.5
21050,0,0,473,473,2026-09-28 08:56:31,23140.5
21100,0,0,5946,5945,2026-09-28 08:56:31,23140.5
21150,0,0,1148,1118,2026-09-28 08:56:31,23140.5
21200,0,0,2453,2168,2026-09-28 08:56:31,23140.5
21250,0,0,1121,1121,2026-09-28 08:56:31,23140.5
21300,0,0,1998,1187,2026-09-28 08:56:31,23140.5
21350,0,0,28157,-9517,2026-09-28 08:56:31,23140.5
21400,1,0,41677,827,2026-09-28 08:56:31,23140.5
21450,0,0,3499,-341,2026-09-28 08:56:31,23140.5
21500,1,0,61445,-4666,2026-09-28 08:56:31,23140.5
21550,0,0,4571,763,2026-09-28 08:56:31,23140.5
21600,582,-62,17257,-1189,2026-09-28 08:56:31,23140.5
21650,1,0,5293,401,2026-09-28 08:56:31,23140.5
21700,0,0,26462,2957,2026-09-28 08:56:31,23140.5
21750,1,0,10522,5142,2026-09-28 08:56:31,23140.5
21800,1,0,47389,11844,2026-09-28 08:56:31,23140.5
21850,1,0,13126,9182,2026-09-28 08:56:31,23140.5
21900,10,0,26853,11362,2026-09-28 08:56:31,23140.5
21950,2,0,9877,2638,2026-09-28 08:56:31,23140.5
22000,7997,-1767,201855,15199,2026-09-28 08:56:31,23140.5
22050,10,9,7568,-653,2026-09-28 08:56:31,23140.5
22100,24,0,32704,15713,2026-09-28 08:56:31,23140.5
22150,62,0,8130,3109,2026-09-28 08:56:31,23140.5
22200,76,-43,64023,10335,2026-09-28 08:56:31,23140.5
22250,6,-19,16082,6007,2026-09-28 08:56:31,23140.5
22300,60,33,58473,8342,2026-09-28 08:56:31,23140.5
22350,33,0,19701,2361,2026-09-28 08:56:31,23140.5
22400,153,64,63960,15187,2026-09-28 08:56:31,23140.5
22450,306,150,29167,9414,2026-09-28 08:56:31,23140.5
22500,8491,-1640,160880,24158,2026-09-28 08:56:31,23140.5
22550,287,179,32446,12158,2026-09-28 08:56:31,23140.5
22600,895,-18,75365,22601,2026-09-28 08:56:31,23140.5
22650,723,7,44545,10455,2026-09-28 08:56:31,23140.5
22700,1934,772,101127,30351,2026-09-28 08:56:31,23140.5
22750,937,82,56029,23444,2026-09-28 08:56:31,23140.5
22800,6375,394,138127,28040,2026-09-28 08:56:31,23140.5
22850,1577,-15,67167,22797,2026-09-28 08:56:31,23140.5
22900,6972,1179,99807,13059,2026-09-28 08:56:31,23140.5
22950,6181,2074,50943,14763,2026-09-28 08:56:31,23140.5
23000,50441,-9343,222071,41186,2026-09-28 08:56:31,23140.5
23050,36285,15494,97505,54569,2026-09-28 08:56:31,23140.5
23100,139708,30944,168406,51698,2026-09-28 08:56:31,23140.5
23150,56087,5152,61203,34051,2026-09-28 08:56:31,23140.5
23200,144416,-39419,93900,19247,2026-09-28 08:56:31,23140.5
23250,91540,-60448,52569,-1949,2026-09-28 08:56:31,23140.5
23300,148817,-30507,78961,-6409,2026-09-28 08:56:31,23140.5
23350,78850,10526,13649,-3509,2026-09-28 08:56:31,23140.5
23400,151092,-10789,55424,-6553,2026-09-28 08:56:31,23140.5
23450,67620,-4636,13795,-3065,2026-09-28 08:56:31,23140.5
23500,217592,8791,71269,-12578,2026-09-28 08:56:31,23140.5
23550,82436,17911,4824,-697,2026-09-28 08:56:31,23140.5
23600,115603,-8746,14617,-7701,2026-09-28 08:56:31,23140.5
23650,61021,-8919,3544,-360,2026-09-28 08:56:31,23140.5
23700,110910,2100,10546,-1373,2026-09-28 08:56:31,23140.5
23750,37163,-9063,2981,-549,2026-09-28 08:56:31,23140.5
23800,109449,211,12654,-7883,2026-09-28 08:56:31,23140.5
23850,37895,1635,1568,-260,2026-09-28 08:56:31,23140.5
23900,89727,-28242,8831,-3277,2026-09-28 08:56:31,23140.5
23950,29196,-3027,1809,-213,2026-09-28 08:56:31,23140.5
24000,240151,-58462,48540,-22343,2026-09-28 08:56:31,23140.5
24050,23239,-26288,1238,-5,2026-09-28 08:56:31,23140.5
24100,86192,2049,5951,-915,2026-09-28 08:56:31,23140.5
24150,25136,-1777,1752,-146,2026-09-28 08:56:31,23140.5
24200,122282,-16805,14453,-2633,2026-09-28 08:56:31,23140.5
24250,26454,-7425,2193,-11,2026-09-28 08:56:31,23140.5
24300,89644,-34410,31363,-7918,2026-09-28 08:56:31,23140.5
24350,23946,-3171,4446,-152,2026-09-28 08:56:31,23140.5
24400,56001,-6677,17874,-4469,2026-09-28 08:56:31,23140.5
24450,5603,-607,1128,-42,2026-09-28 08:56:31,23140.5
24500,156478,-38870,20505,-10449,2026-09-28 08:56:31,23140.5
24550,18022,-457,686,-6,2026-09-28 08:56:31,23140.5
24600,51310,-2746,7622,-1056,2026-09-28 08:56:31,23140.5
24650,13152,-319,520,-5,2026-09-28 08:56:31,23140.5
24700,55617,-2413,2435,-400,2026-09-28 08:56:31,23140.5
24750,5356,-50,381,0,2026-09-28 08:56:31,23140.5
24800,44540,-10196,3132,-580,2026-09-28 08:56:31,23140.5
24850,2293,-41,161,-11,2026-09-28 08:56:31,23140.5
24900,21311,-6759,837,-35,2026-09-28 08:56:31,23140.5
24950,2904,840,70,-1,2026-09-28 08:56:31,23140.5
25000,130723,-42912,15386,-5587,2026-09-28 08:56:31,23140.5
25050,1402,179,51,-1,2026-09-28 08:56:31,23140.5
25100,9590,-5084,1235,-109,2026-09-28 08:56:31,23140.5
25150,1228,-48,25,0,2026-09-28 08:56:31,23140.5
25200,9675,38,1019,-89,2026-09-28 08:56:31,23140.5
25250,905,-16,34,0,2026-09-28 08:56:31,23140.5
25300,6864,184,361,-40,2026-09-28 08:56:31,23140.5
25350,421,13,16,0,2026-09-28 08:56:31,23140.5
25400,2749,-578,304,-21,2026-09-28 08:56:31,23140.5
25450,583,1,9,0,2026-09-28 08:56:31,23140.5
25500,39808,-3857,9216,-2722,2026-09-28 08:56:31,23140.5
25550,2018,556,6,0,2026-09-28 08:56:31,23140.5
25600,1830,-1393,443,-5,2026-09-28 08:56:31,23140.5
25650,907,24,8,0,2026-09-28 08:56:31,23140.5
25700,4013,-120,131,-34,2026-09-28 08:56:31,23140.5
25750,312,-1,4,0,2026-09-28 08:56:31,23140.5
25800,4975,-816,268,-33,2026-09-28 08:56:31,23140.5
25850,332,46,13,13,2026-09-28 08:56:31,23140.5
25900,3318,69,37,-28,2026-09-28 08:56:31,23140.5
25950,426,21,1,0,2026-09-28 08:56:31,23140.5
26000,45287,-3339,17808,-4722,2026-09-28 08:56:31,23140.5
26050,254,-128,1,0,2026-09-28 08:56:31,23140.5
26100,469,44,67,-51,2026-09-28 08:56:31,23140.5
26150,264,5,1,0,2026-09-28 08:56:31,23140.5
26200,2553,-64,522,-27,2026-09-28 08:56:31,23140.5
26250,469,113,0,0,2026-09-28 08:56:31,23140.5
26300,1884,192,866,-82,2026-09-28 08:56:31,23140.5
26350,400,271,0,0,2026-09-28 08:56:31,23140.5
26400,260,-43,41,-1,2026-09-28 08:56:31,23140.5
26450,187,12,0,0,2026-09-28 08:56:31,23140.5
26500,8957,-1303,8550,-1074,2026-09-28 08:56:31,23140.5
26550,159,23,0,0,2026-09-28 08:56:31,23140.5
26600,626,26,0,0,2026-09-28 08:56:31,23140.5
26650,144,22,0,0,2026-09-28 08:56:31,23140.5
26700,167,22,0,0,2026-09-28 08:56:31,23140.5
26750,208,-17,1,0,2026-09-28 08:56:31,23140.5
26800,187,8,21,0,2026-09-28 08:56:31,23140.5
26850,203,33,0,0,2026-09-28 08:56:31,23140.5
26900,215,-2,1,0,2026-09-28 08:56:31,23140.5
26950,224,-1,0,0,2026-09-28 08:56:31,23140.5
27000,23546,-1900,16580,-2632,2026-09-28 08:56:31,23140.5
27050,361,10,0,0,2026-09-28 08:56:31,23140.5
27100,748,111,0,0,2026-09-28 08:56:31,23140.5
27150,1210,-56,0,0,2026-09-28 08:56:31,23140.5
27200,3983,732,0,0,2026-09-28 08:56:31,23140.5
28500,5819,-1262,3429,-1612,2026-09-28 08:56:31,23140.5
30000,4111,-178,1405,-480,2026-09-28 08:56:31,23140.5
31500,263,15,0,0,2026-09-28 08:56:31,23140.5
33000,1132,189,0,0,2026-09-28 08:56:31,23140.5
34500,227,24,0,0,2026-09-28 08:56:31,23140.5
15000,0,0,1872,192,2026-09-28 08:59:35,23140.5
16500,0,0,2380,126,2026-09-28 08:59:35,23140.5
18000,12,0,12184,-677,2026-09-28 08:59:35,23140.5
19500,1502,-200,12971,-3012,2026-09-28 08:59:35,23140.5
20800,0,0,6171,6171,2026-09-28 08:59:35,23140.5
20850,0,0,409,399,2026-09-28 08:59:35,23140.5
20900,0,0,1548,1548,2026-09-28 08:59:35,23140.5
20950,0,0,414,414,2026-09-28 08:59:35,23140.5
21000,4872,-1355,147444,-22606,2026-09-28 08:59:35,23140.5
21050,0,0,473,473,2026-09-28 08:59:35,23140.5
21100,0,0,5946,5945,2026-09-28 08:59:35,23140.5
21150,0,0,1148,1118,2026-09-28 08:59:35,23140.5
21200,0,0,2453,2168,2026-09-28 08:59:35,23140.5
21250,0,0,1121,1121,2026-09-28 08:59:35,23140.5
21300,0,0,1998,1187,2026-09-28 08:59:35,23140.5
21350,0,0,28157,-9517,2026-09-28 08:59:35,23140.5
21400,1,0,41677,827,2026-09-28 08:59:35,23140.5
21450,0,0,3499,-341,2026-09-28 08:59:35,23140.5
21500,1,0,61445,-4666,2026-09-28 08:59:35,23140.5
21550,0,0,4571,763,2026-09-28 08:59:35,23140.5
21600,582,-62,17257,-1189,2026-09-28 08:59:35,23140.5
21650,1,0,5293,401,2026-09-28 08:59:35,23140.5
21700,0,0,26462,2957,2026-09-28 08:59:35,23140.5
21750,1,0,10522,5142,2026-09-28 08:59:35,23140.5
21800,1,0,47389,11844,2026-09-28 08:59:35,23140.5
21850,1,0,13126,9182,2026-09-28 08:59:35,23140.5
21900,10,0,26853,11362,2026-09-28 08:59:35,23140.5
21950,2,0,9877,2638,2026-09-28 08:59:35,23140.5
22000,7997,-1767,201855,15199,2026-09-28 08:59:35,23140.5
22050,10,9,7568,-653,2026-09-28 08:59:35,23140.5
22100,24,0,32704,15713,2026-09-28 08:59:35,23140.5
22150,62,0,8130,3109,2026-09-28 08:59:35,23140.5
22200,76,-43,64023,10335,2026-09-28 08:59:35,23140.5
22250,6,-19,16082,6007,2026-09-28 08:59:35,23140.5
22300,60,33,58473,8342,2026-09-28 08:59:35,23140.5
22350,33,0,19701,2361,2026-09-28 08:59:35,23140.5
22400,153,64,63960,15187,2026-09-28 08:59:35,23140.5
22450,306,150,29167,9414,2026-09-28 08:59:35,23140.5
22500,8491,-1640,160880,24158,2026-09-28 08:59:35,23140.5
22550,287,179,32446,12158,2026-09-28 08:59:35,23140.5
22600,895,-18,75365,22601,2026-09-28 08:59:35,23140.5
22650,723,7,44545,10455,2026-09-28 08:59:35,23140.5
22700,1934,772,101127,30351,2026-09-28 08:59:35,23140.5
22750,937,82,56029,23444,2026-09-28 08:59:35,23140.5
22800,6375,394,138127,28040,2026-09-28 08:59:35,23140.5
22850,1577,-15,67167,22797,2026-09-28 08:59:35,23140.5
22900,6972,1179,99807,13059,2026-09-28 08:59:35,23140.5
22950,6181,2074,50943,14763,2026-09-28 08:59:35,23140.5
23000,50441,-9343,222071,41186,2026-09-28 08:59:35,23140.5
23050,36285,15494,97505,54569,2026-09-28 08:59:35,23140.5
23100,139708,30944,168406,51698,2026-09-28 08:59:35,23140.5
23150,56087,5152,61203,34051,2026-09-28 08:59:35,23140.5
23200,144416,-39419,93900,19247,2026-09-28 08:59:35,23140.5
23250,91540,-60448,52569,-1949,2026-09-28 08:59:35,23140.5
23300,148817,-30507,78961,-6409,2026-09-28 08:59:35,23140.5
23350,78850,10526,13649,-3509,2026-09-28 08:59:35,23140.5
23400,151092,-10789,55424,-6553,2026-09-28 08:59:35,23140.5
23450,67620,-4636,13795,-3065,2026-09-28 08:59:35,23140.5
23500,217592,8791,71269,-12578,2026-09-28 08:59:35,23140.5
23550,82436,17911,4824,-697,2026-09-28 08:59:35,23140.5
23600,115603,-8746,14617,-7701,2026-09-28 08:59:35,23140.5
23650,61021,-8919,3544,-360,2026-09-28 08:59:35,23140.5
23700,110910,2100,10546,-1373,2026-09-28 08:59:35,23140.5
23750,37163,-9063,2981,-549,2026-09-28 08:59:35,23140.5
23800,109449,211,12654,-7883,2026-09-28 08:59:35,23140.5
23850,37895,1635,1568,-260,2026-09-28 08:59:35,23140.5
23900,89727,-28242,8831,-3277,2026-09-28 08:59:35,23140.5
23950,29196,-3027,1809,-213,2026-09-28 08:59:35,23140.5
24000,240151,-58462,48540,-22343,2026-09-28 08:59:35,23140.5
24050,23239,-26288,1238,-5,2026-09-28 08:59:35,23140.5
24100,86192,2049,5951,-915,2026-09-28 08:59:35,23140.5
24150,25136,-1777,1752,-146,2026-09-28 08:59:35,23140.5
24200,122282,-16805,14453,-2633,2026-09-28 08:59:35,23140.5
24250,26454,-7425,2193,-11,2026-09-28 08:59:35,23140.5
24300,89644,-34410,31363,-7918,2026-09-28 08:59:35,23140.5
24350,23946,-3171,4446,-152,2026-09-28 08:59:35,23140.5
24400,56001,-6677,17874,-4469,2026-09-28 08:59:35,23140.5
24450,5603,-607,1128,-42,2026-09-28 08:59:35,23140.5
24500,156478,-38870,20505,-10449,2026-09-28 08:59:35,23140.5
24550,18022,-457,686,-6,2026-09-28 08:59:35,23140.5
24600,51310,-2746,7622,-1056,2026-09-28 08:59:35,23140.5
24650,13152,-319,520,-5,2026-09-28 08:59:35,23140.5
24700,55617,-2413,2435,-400,2026-09-28 08:59:35,23140.5
24750,5356,-50,381,0,2026-09-28 08:59:35,23140.5
24800,44540,-10196,3132,-580,2026-09-28 08:59:35,23140.5
24850,2293,-41,161,-11,2026-09-28 08:59:35,23140.5
24900,21311,-6759,837,-35,2026-09-28 08:59:35,23140.5
24950,2904,840,70,-1,2026-09-28 08:59:35,23140.5
25000,130723,-42912,15386,-5587,2026-09-28 08:59:35,23140.5
25050,1402,179,51,-1,2026-09-28 08:59:35,23140.5
25100,9590,-5084,1235,-109,2026-09-28 08:59:35,23140.5
25150,1228,-48,25,0,2026-09-28 08:59:35,23140.5
25200,9675,38,1019,-89,2026-09-28 08:59:35,23140.5
25250,905,-16,34,0,2026-09-28 08:59:35,23140.5
25300,6864,184,361,-40,2026-09-28 08:59:35,23140.5
25350,421,13,16,0,2026-09-28 08:59:35,23140.5
25400,2749,-578,304,-21,2026-09-28 08:59:35,23140.5
25450,583,1,9,0,2026-09-28 08:59:35,23140.5
25500,39808,-3857,9216,-2722,2026-09-28 08:59:35,23140.5
25550,2018,556,6,0,2026-09-28 08:59:35,23140.5
25600,1830,-1393,443,-5,2026-09-28 08:59:35,23140.5
25650,907,24,8,0,2026-09-28 08:59:35,23140.5
25700,4013,-120,131,-34,2026-09-28 08:59:35,23140.5
25750,312,-1,4,0,2026-09-28 08:59:35,23140.5
25800,4975,-816,268,-33,2026-09-28 08:59:35,23140.5
25850,332,46,13,13,2026-09-28 08:59:35,23140.5
25900,3318,69,37,-28,2026-09-28 08:59:35,23140.5
25950,426,21,1,0,2026-09-28 08:59:35,23140.5
26000,45287,-3339,17808,-4722,2026-09-28 08:59:35,23140.5
26050,254,-128,1,0,2026-09-28 08:59:35,23140.5
26100,469,44,67,-51,2026-09-28 08:59:35,23140.5
26150,264,5,1,0,2026-09-28 08:59:35,23140.5
26200,2553,-64,522,-27,2026-09-28 08:59:35,23140.5
26250,469,113,0,0,2026-09-28 08:59:35,23140.5
26300,1884,192,866,-82,2026-09-28 08:59:35,23140.5
26350,400,271,0,0,2026-09-28 08:59:35,23140.5
26400,260,-43,41,-1,2026-09-28 08:59:35,23140.5
26450,187,12,0,0,2026-09-28 08:59:35,23140.5
26500,8957,-1303,8550,-1074,2026-09-28 08:59:35,23140.5
26550,159,23,0,0,2026-09-28 08:59:35,23140.5
26600,626,26,0,0,2026-09-28 08:59:35,23140.5
26650,144,22,0,0,2026-09-28 08:59:35,23140.5
26700,167,22,0,0,2026-09-28 08:59:35,23140.5
26750,208,-17,1,0,2026-09-28 08:59:35,23140.5
26800,187,8,21,0,2026-09-28 08:59:35,23140.5
26850,203,33,0,0,2026-09-28 08:59:35,23140.5
26900,215,-2,1,0,2026-09-28 08:59:35,23140.5
26950,224,-1,0,0,2026-09-28 08:59:35,23140.5
27000,23546,-1900,16580,-2632,2026-09-28 08:59:35,23140.5
27050,361,10,0,0,2026-09-28 08:59:35,23140.5
27100,748,111,0,0,2026-09-28 08:59:35,23140.5
27150,1210,-56,0,0,2026-09-28 08:59:35,23140.5
27200,3983,732,0,0,2026-09-28 08:59:35,23140.5
28500,5819,-1262,3429,-1612,2026-09-28 08:59:35,23140.5
30000,4111,-178,1405,-480,2026-09-28 08:59:35,23140.5
31500,263,15,0,0,2026-09-28 08:59:35,23140.5
33000,1132,189,0,0,2026-09-28 08:59:35,23140.5
34500,227,24,0,0,2026-09-28 08:59:35,23140.5
15000,0,0,1872,192,2026-09-28 08:59:46,23140.5
16500,0,0,2380,126,2026-09-28 08:59:46,23140.5
18000,12,0,12184,-677,2026-09-28 08:59:46,23140.5
19500,1502,-200,12971,-3012,2026-09-28 08:59:46,23140.5
20800,0,0,6171,6171,2026-09-28 08:59:46,23140.5
20850,0,0,409,399,2026-09-28 08:59:46,23140.5
20900,0,0,1548,1548,2026-09-28 08:59:46,23140.5
20950,0,0,414,414,2026-09-28 08:59:46,23140.5
21000,4872,-1355,147444,-22606,2026-09-28 08:59:46,23140.5
21050,0,0,473,473,2026-09-28 08:59:46,23140.5
21100,0,0,5946,5945,2026-09-28 08:59:46,23140.5
21150,0,0,1148,1118,2026-09-28 08:59:46,23140.5
21200,0,0,2453,2168,2026-09-28 08:59:46,23140.5
21250,0,0,1121,1121,2026-09-28 08:59:46,23140.5
21300,0,0,1998,1187,2026-09-28 08:59:46,23140.5
21350,0,0,28157,-9517,2026-09-28 08:59:46,23140.5
21400,1,0,41677,827,2026-09-28 08:59:46,23140.5
21450,0,0,3499,-341,2026-09-28 08:59:46,23140.5
21500,1,0,61445,-4666,2026-09-28 08:59:46,23140.5
21550,0,0,4571,763,2026-09-28 08:59:46,23140.5
21600,582,-62,17257,-1189,2026-09-28 08:59:46,23140.5
21650,1,0,5293,401,2026-09-28 08:59:46,23140.5
21700,0,0,26462,2957,2026-09-28 08:59:46,23140.5
21750,1,0,10522,5142,2026-09-28 08:59:46,23140.5
21800,1,0,47389,11844,2026-09-28 08:59:46,23140.5
21850,1,0,13126,9182,2026-09-28 08:59:46,23140.5
21900,10,0,26853,11362,2026-09-28 08:59:46,23140.5
21950,2,0,9877,2638,2026-09-28 08:59:46,23140.5
22000,7997,-1767,201855,15199,2026-09-28 08:59:46,23140.5
22050,10,9,7568,-653,2026-09-28 08:59:46,23140.5
22100,24,0,32704,15713,2026-09-28 08:59:46,23140.5
22150,62,0,8130,3109,2026-09-28 08:59:46,23140.5
22200,76,-43,64023,10335,2026-09-28 08:59:46,23140.5
22250,6,-19,16082,6007,2026-09-28 08:59:46,23140.5
22300,60,33,58473,8342,2026-09-28 08:59:46,23140.5
22350,33,0,19701,2361,2026-09-28 08:59:46,23140.5
22400,153,64,63960,15187,2026-09-28 08:59:46,23140.5
22450,306,150,29167,9414,2026-09-28 08:59:46,23140.5
22500,8491,-1640,160880,24158,2026-09-28 08:59:46,23140.5
22550,287,179,32446,12158,2026-09-28 08:59:46,23140.5
22600,895,-18,75365,22601,2026-09-28 08:59:46,23140.5
22650,723,7,44545,10455,2026-09-28 08:59:46,23140.5
22700,1934,772,101127,30351,2026-09-28 08:59:46,23140.5
22750,937,82,56029,23444,2026-09-28 08:59:46,23140.5
22800,6375,394,138127,28040,2026-09-28 08:59:46,23140.5
22850,1577,-15,67167,22797,2026-09-28 08:59:46,23140.5
22900,6972,1179,99807,13059,2026-09-28 08:59:46,23140.5
22950,6181,2074,50943,14763,2026-09-28 08:59:46,23140.5
23000,50441,-9343,222071,41186,2026-09-28 08:59:46,23140.5
23050,36285,15494,97505,54569,2026-09-28 08:59:46,23140.5
23100,139708,30944,168406,51698,2026-09-28 08:59:46,23140.5
23150,56087,5152,61203,34051,2026-09-28 08:59:46,23140.5
23200,144416,-39419,93900,19247,2026-09-28 08:59:46,23140.5
23250,91540,-60448,52569,-1949,2026-09-28 08:59:46,23140.5
23300,148817,-30507,78961,-6409,2026-09-28 08:59:46,23140.5
23350,78850,10526,13649,-3509,2026-09-28 08:59:46,23140.5
23400,151092,-10789,55424,-6553,2026-09-28 08:59:46,23140.5
23450,67620,-4636,13795,-3065,2026-09-28 08:59:46,23140.5
23500,217592,8791,71269,-12578,2026-09-28 08:59:46,23140.5
23550,82436,17911,4824,-697,2026-09-28 08:59:46,23140.5
23600,115603,-8746,14617,-7701,2026-09-28 08:59:46,23140.5
23650,61021,-8919,3544,-360,2026-09-28 08:59:46,23140.5
23700,110910,2100,10546,-1373,2026-09-28 08:59:46,23140.5
23750,37163,-9063,2981,-549,2026-09-28 08:59:46,23140.5
23800,109449,211,12654,-7883,2026-09-28 08:59:46,23140.5
23850,37895,1635,1568,-260,2026-09-28 08:59:46,23140.5
23900,89727,-28242,8831,-3277,2026-09-28 08:59:46,23140.5
23950,29196,-3027,1809,-213,2026-09-28 08:59:46,23140.5
24000,240151,-58462,48540,-22343,2026-09-28 08:59:46,23140.5
24050,23239,-26288,1238,-5,2026-09-28 08:59:46,23140.5
24100,86192,2049,5951,-915,2026-09-28 08:59:46,23140.5
24150,25136,-1777,1752,-146,2026-09-28 08:59:46,23140.5
24200,122282,-16805,14453,-2633,2026-09-28 08:59:46,23140.5
24250,26454,-7425,2193,-11,2026-09-28 08:59:46,23140.5
24300,89644,-34410,31363,-7918,2026-09-28 08:59:46,23140.5
24350,23946,-3171,4446,-152,2026-09-28 08:59:46,23140.5
24400,56001,-6677,17874,-4469,2026-09-28 08:59:46,23140.5
24450,5603,-607,1128,-42,2026-09-28 08:59:46,23140.5
24500,156478,-38870,20505,-10449,2026-09-28 08:59:46,23140.5
24550,18022,-457,686,-6,2026-09-28 08:59:46,23140.5
24600,51310,-2746,7622,-1056,2026-09-28 08:59:46,23140.5
24650,13152,-319,520,-5,2026-09-28 08:59:46,23140.5
24700,55617,-2413,2435,-400,2026-09-28 08:59:46,23140.5
24750,5356,-50,381,0,2026-09-28 08:59:46,23140.5
24800,44540,-10196,3132,-580,2026-09-28 08:59:46,23140.5
24850,2293,-41,161,-11,2026-09-28 08:59:46,23140.5
24900,21311,-6759,837,-35,2026-09-28 08:59:46,23140.5
24950,2904,840,70,-1,2026-09-28 08:59:46,23140.5
25000,130723,-42912,15386,-5587,2026-09-28 08:59:46,23140.5
25050,1402,179,51,-1,2026-09-28 08:59:46,23140.5
25100,9590,-5084,1235,-109,2026-09-28 08:59:46,23140.5
25150,1228,-48,25,0,2026-09-28 08:59:46,23140.5
25200,9675,38,1019,-89,2026-09-28 08:59:46,23140.5
25250,905,-16,34,0,2026-09-28 08:59:46,23140.5
25300,6864,184,361,-40,2026-09-28 08:59:46,23140.5
25350,421,13,16,0,2026-09-28 08:59:46,23140.5
25400,2749,-578,304,-21,2026-09-28 08:59:46,23140.5
25450,583,1,9,0,2026-09-28 08:59:46,23140.5
25500,39808,-3857,9216,-2722,2026-09-28 08:59:46,23140.5
25550,2018,556,6,0,2026-09-28 08:59:46,23140.5
25600,1830,-1393,443,-5,2026-09-28 08:59:46,23140.5
25650,907,24,8,0,2026-09-28 08:59:46,23140.5
25700,4013,-120,131,-34,2026-09-28 08:59:46,23140.5
25750,312,-1,4,0,2026-09-28 08:59:46,23140.5
25800,4975,-816,268,-33,2026-09-28 08:59:46,23140.5
25850,332,46,13,13,2026-09-28 08:59:46,23140.5
25900,3318,69,37,-28,2026-09-28 08:59:46,23140.5
25950,426,21,1,0,2026-09-28 08:59:46,23140.5
26000,45287,-3339,17808,-4722,2026-09-28 08:59:46,23140.5
26050,254,-128,1,0,2026-09-28 08:59:46,23140.5
26100,469,44,67,-51,2026-09-28 08:59:46,23140.5
26150,264,5,1,0,2026-09-28 08:59:46,23140.5
26200,2553,-64,522,-27,2026-09-28 08:59:46,23140.5
26250,469,113,0,0,2026-09-28 08:59:46,23140.5
26300,1884,192,866,-82,2026-09-28 08:59:46,23140.5
26350,400,271,0,0,2026-09-28 08:59:46,23140.5
26400,260,-43,41,-1,2026-09-28 08:59:46,23140.5
26450,187,12,0,0,2026-09-28 08:59:46,23140.5
26500,8957,-1303,8550,-1074,2026-09-28 08:59:46,23140.5
26550,159,23,0,0,2026-09-28 08:59:46,23140.5
26600,626,26,0,0,2026-09-28 08:59:46,23140.5
26650,144,22,0,0,2026-09-28 08:59:46,23140.5
26700,167,22,0,0,2026-09-28 08:59:46,23140.5
26750,208,-17,1,0,2026-09-28 08:59:46,23140.5
26800,187,8,21,0,2026-09-28 08:59:46,23140.5
26850,203,33,0,0,2026-09-28 08:59:46,23140.5
26900,215,-2,1,0,2026-09-28 08:59:46,23140.5
26950,224,-1,0,0,2026-09-28 08:59:46,23140.5
27000,23546,-1900,16580,-2632,2026-09-28 08:59:46,23140.5
27050,361,10,0,0,2026-09-28 08:59:46,23140.5
27100,748,111,0,0,2026-09-28 08:59:46,23140.5
27150,1210,-56,0,0,2026-09-28 08:59:46,23140.5
27200,3983,732,0,0,2026-09-28 08:59:46,23140.5
28500,5819,-1262,3429,-1612,2026-09-28 08:59:46,23140.5
30000,4111,-178,1405,-480,2026-09-28 08:59:46,23140.5
31500,263,15,0,0,2026-09-28 08:59:46,23140.5
33000,1132,189,0,0,2026-09-28 08:59:46,23140.5
34500,227,24,0,0,2026-09-28 08:59:46,23140.5
15000,0,0,1872,192,2026-09-28 09:00:37,23140.5
16500,0,0,2380,126,2026-09-28 09:00:37,23140.5
18000,12,0,12184,-677,2026-09-28 09:00:37,23140.5
19500,1502,-200,12971,-3012,2026-09-28 09:00:37,23140.5
20800,0,0,6171,6171,2026-09-28 09:00:37,23140.5
20850,0,0,409,399,2026-09-28 09:00:37,23140.5
20900,0,0,1548,1548,2026-09-28 09:00:37,23140.5
20950,0,0,414,414,2026-09-28 09:00:37,23140.5
21000,4872,-1355,147444,-22606,2026-09-28 09:00:37,23140.5
21050,0,0,473,473,2026-09-28 09:00:37,23140.5
21100,0,0,5946,5945,2026-09-28 09:00:37,23140.5
21150,0,0,1148,1118,2026-09-28 09:00:37,23140.5
21200,0,0,2453,2168,2026-09-28 09:00:37,23140.5
21250,0,0,1121,1121,2026-09-28 09:00:37,23140.5
21300,0,0,1998,1187,2026-09-28 09:00:37,23140.5
21350,0,0,28157,-9517,2026-09-28 09:00:37,23140.5
21400,1,0,41677,827,2026-09-28 09:00:37,23140.5
21450,0,0,3499,-341,2026-09-28 09:00:37,23140.5
21500,1,0,61445,-4666,2026-09-28 09:00:37,23140.5
21550,0,0,4571,763,2026-09-28 09:00:37,23140.5
21600,582,-62,17257,-1189,2026-09-28 09:00:37,23140.5
21650,1,0,5293,401,2026-09-28 09:00:37,23140.5
21700,0,0,26462,2957,2026-09-28 09:00:37,23140.5
21750,1,0,10522,5142,2026-09-28 09:00:37,23140.5
21800,1,0,47389,11844,2026-09-28 09:00:37,23140.5
21850,1,0,13126,9182,2026-09-28 09:00:37,23140.5
21900,10,0,26853,11362,2026-09-28 09:00:37,23140.5
21950,2,0,9877,2638,2026-09-28 09:00:37,23140.5
22000,7997,-1767,201855,15199,2026-09-28 09:00:37,23140.5
22050,10,9,7568,-653,2026-09-28 09:00:37,23140.5
22100,24,0,32704,15713,2026-09-28 09:00:37,23140.5
22150,62,0,8130,3109,2026-09-28 09:00:37,23140.5
22200,76,-43,64023,10335,2026-09-28 09:00:37,23140.5
22250,6,-19,16082,6007,2026-09-28 09:00:37,23140.5
22300,60,33,58473,8342,2026-09-28 09:00:37,23140.5
22350,33,0,19701,2361,2026-09-28 09:00:37,23140.5
22400,153,64,63960,15187,2026-09-28 09:00:37,23140.5
22450,306,150,29167,9414,2026-09-28 09:00:37,23140.5
22500,8491,-1640,160880,24158,2026-09-28 09:00:37,23140.5
22550,287,179,32446,12158,2026-09-28 09:00:37,23140.5
22600,895,-18,75365,22601,2026-09-28 09:00:37,23140.5
22650,723,7,44545,10455,2026-09-28 09:00:37,23140.5
22700,1934,772,101127,30351,2026-09-28 09:00:37,23140.5
22750,937,82,56029,23444,2026-09-28 09:00:37,23140.5
22800,6375,394,138127,28040,2026-09-28 09:00:37,23140.5
22850,1577,-15,67167,22797,2026-09-28 09:00:37,23140.5
22900,6972,1179,99807,13059,2026-09-28 09:00:37,23140.5
22950,6181,2074,50943,14763,2026-09-28 09:00:37,23140.5
23000,50441,-9343,222071,41186,2026-09-28 09:00:37,23140.5
23050,36285,15494,97505,54569,2026-09-28 09:00:37,23140.5
23100,139708,30944,168406,51698,2026-09-28 09:00:37,23140.5
23150,56087,5152,61203,34051,2026-09-28 09:00:37,23140.5
23200,144416,-39419,93900,19247,2026-09-28 09:00:37,23140.5
23250,91540,-60448,52569,-1949,2026-09-28 09:00:37,23140.5
23300,148817,-30507,78961,-6409,2026-09-28 09:00:37,23140.5
23350,78850,10526,13649,-3509,2026-09-28 09:00:37,23140.5
23400,151092,-10789,55424,-6553,2026-09-28 09:00:37,23140.5
23450,67620,-4636,13795,-3065,2026-09-28 09:00:37,23140.5
23500,217592,8791,71269,-12578,2026-09-28 09:00:37,23140.5
23550,82436,17911,4824,-697,2026-09-28 09:00:37,23140.5
23600,115603,-8746,14617,-7701,2026-09-28 09:00:37,23140.5
23650,61021,-8919,3544,-360,2026-09-28 09:00:37,23140.5
23700,110910,2100,10546,-1373,2026-09-28 09:00:37,23140.5
23750,37163,-9063,2981,-549,2026-09-28 09:00:37,23140.5
23800,109449,211,12654,-7883,2026-09-28 09:00:37,23140.5
23850,37895,1635,1568,-260,2026-09-28 09:00:37,23140.5
23900,89727,-28242,8831,-3277,2026-09-28 09:00:37,23140.5
23950,29196,-3027,1809,-213,2026-09-28 09:00:37,23140.5
24000,240151,-58462,48540,-22343,2026-09-28 09:00:37,23140.5
24050,23239,-26288,1238,-5,2026-09-28 09:00:37,23140.5
24100,86192,2049,5951,-915,2026-09-28 09:00:37,23140.5
24150,25136,-1777,1752,-146,2026-09-28 09:00:37,23140.5
24200,122282,-16805,14453,-2633,2026-09-28 09:00:37,23140.5
24250,26454,-7425,2193,-11,2026-09-28 09:00:37,23140.5
24300,89644,-34410,31363,-7918,2026-09-28 09:00:37,23140.5
24350,23946,-3171,4446,-152,2026-09-28 09:00:37,23140.5
24400,56001,-6677,17874,-4469,2026-09-28 09:00:37,23140.5
24450,5603,-607,1128,-42,2026-09-28 09:00:37,23140.5
24500,156478,-38870,20505,-10449,2026-09-28 09:00:37,23140.5
24550,18022,-457,686,-6,2026-09-28 09:00:37,23140.5
24600,51310,-2746,7622,-1056,2026-09-28 09:00:37,23140.5
24650,13152,-319,520,-5,2026-09-28 09:00:37,23140.5
24700,55617,-2413,2435,-400,2026-09-28 09:00:37,23140.5
24750,5356,-50,381,0,2026-09-28 09:00:37,23140.5
24800,44540,-10196,3132,-580,2026-09-28 09:00:37,23140.5
24850,2293,-41,161,-11,2026-09-28 09:00:37,23140.5
24900,21311,-6759,837,-35,2026-09-28 09:00:37,23140.5
24950,2904,840,70,-1,2026-09-28 09:00:37,23140.5
25000,130723,-42912,15386,-5587,2026-09-28 09:00:37,23140.5
25050,1402,179,51,-1,2026-09-28 09:00:37,23140.5
25100,9590,-5084,1235,-109,2026-09-28 09:00:37,23140.5
25150,1228,-48,25,0,2026-09-28 09:00:37,23140.5
25200,9675,38,1019,-89,2026-09-28 09:00:37,23140.5
25250,905,-16,34,0,2026-09-28 09:00:37,23140.5
25300,6864,184,361,-40,2026-09-28 09:00:37,23140.5
25350,421,13,16,0,2026-09-28 09:00:37,23140.5
25400,2749,-578,304,-21,2026-09-28 09:00:37,23140.5
25450,583,1,9,0,2026-09-28 09:00:37,23140.5
25500,39808,-3857,9216,-2722,2026-09-28 09:00:37,23140.5
25550,2018,556,6,0,2026-09-28 09:00:37,23140.5
25600,1830,-1393,443,-5,2026-09-28 09:00:37,23140.5
25650,907,24,8,0,2026-09-28 09:00:37,23140.5
25700,4013,-120,131,-34,2026-09-28 09:00:37,23140.5
25750,312,-1,4,0,2026-09-28 09:00:37,23140.5
25800,4975,-816,268,-33,2026-09-28 09:00:37,23140.5
25850,332,46,13,13,2026-09-28 09:00:37,23140.5
25900,3318,69,37,-28,2026-09-28 09:00:37,23140.5
25950,426,21,1,0,2026-09-28 09:00:37,23140.5
26000,45287,-3339,17808,-4722,2026-09-28 09:00:37,23140.5
26050,254,-128,1,0,2026-09-28 09:00:37,23140.5
26100,469,44,67,-51,2026-09-28 09:00:37,23140.5
26150,264,5,1,0,2026-09-28 09:00:37,23140.5
26200,2553,-64,522,-27,2026-09-28 09:00:37,23140.5
26250,469,113,0,0,2026-09-28 09:00:37,23140.5
26300,1884,192,866,-82,2026-09-28 09:00:37,23140.5
26350,400,271,0,0,2026-09-28 09:00:37,23140.5
26400,260,-43,41,-1,2026-09-28 09:00:37,23140.5
26450,187,12,0,0,2026-09-28 09:00:37,23140.5
26500,8957,-1303,8550,-1074,2026-09-28 09:00:37,23140.5
26550,159,23,0,0,2026-09-28 09:00:37,23140.5
26600,626,26,0,0,2026-09-28 09:00:37,23140.5
26650,144,22,0,0,2026-09-28 09:00:37,23140.5
26700,167,22,0,0,2026-09-28 09:00:37,23140.5
26750,208,-17,1,0,2026-09-28 09:00:37,23140.5
26800,187,8,21,0,2026-09-28 09:00:37,23140.5
26850,203,33,0,0,2026-09-28 09:00:37,23140.5
26900,215,-2,1,0,2026-09-28 09:00:37,23140.5
26950,224,-1,0,0,2026-09-28 09:00:37,23140.5
27000,23546,-1900,16580,-2632,2026-09-28 09:00:37,23140.5
27050,361,10,0,0,2026-09-28 09:00:37,23140.5
27100,748,111,0,0,2026-09-28 09:00:37,23140.5
27150,1210,-56,0,0,2026-09-28 09:00:37,23140.5
27200,3983,732,0,0,2026-09-28 09:00:37,23140.5
28500,5819,-1262,3429,-1612,2026-09-28 09:00:37,23140.5
30000,4111,-178,1405,-480,2026-09-28 09:00:37,23140.5
31500,263,15,0,0,2026-09-28 09:00:37,23140.5
33000,1132,189,0,0,2026-09-28 09:00:37,23140.5
34500,227,24,0,0,2026-09-28 09:00:37,23140.5
15000,0,0,1872,192,2026-09-28 09:02:40,22992.5
16500,0,0,2380,126,2026-09-28 09:02:40,22992.5
18000,12,0,12184,-677,2026-09-28 09:02:40,22992.5
19500,1502,-200,12971,-3012,2026-09-28 09:02:40,22992.5
20800,0,0,6171,6171,2026-09-28 09:02:40,22992.5
20850,0,0,409,399,2026-09-28 09:02:40,22992.5
20900,0,0,1548,1548,2026-09-28 09:02:40,22992.5
20950,0,0,414,414,2026-09-28 09:02:40,22992.5
21000,4872,-1355,147444,-22606,2026-09-28 09:02:40,22992.5
21050,0,0,473,473,2026-09-28 09:02:40,22992.5
21100,0,0,5946,5945,2026-09-28 09:02:40,22992.5
21150,0,0,1148,1118,2026-09-28 09:02:40,22992.5
21200,0,0,2453,2168,2026-09-28 09:02:40,22992.5
21250,0,0,1121,1121,2026-09-28 09:02:40,22992.5
21300,0,0,1998,1187,2026-09-28 09:02:40,22992.5
21350,0,0,28157,-9517,2026-09-28 09:02:40,22992.5
21400,1,0,41677,827,2026-09-28 09:02:40,22992.5
21450,0,0,3499,-341,2026-09-28 09:02:40,22992.5
21500,1,0,61445,-4666,2026-09-28 09:02:40,22992.5
21550,0,0,4571,763,2026-09-28 09:02:40,22992.5
21600,582,-62,17257,-1189,2026-09-28 09:02:40,22992.5
21650,1,0,5293,401,2026-09-28 09:02:40,22992.5
21700,0,0,26462,2957,2026-09-28 09:02:40,22992.5
21750,1,0,10522,5142,2026-09-28 09:02:40,22992.5
21800,1,0,47389,11844,2026-09-28 09:02:40,22992.5
21850,1,0,13126,9182,2026-09-28 09:02:40,22992.5
21900,10,0,26853,11362,2026-09-28 09:02:40,22992.5
21950,2,0,9877,2638,2026-09-28 09:02:40,22992.5
22000,7997,-1767,201855,15199,2026-09-28 09:02:40,22992.5
22050,10,9,7568,-653,2026-09-28 09:02:40,22992.5
22100,24,0,32704,15713,2026-09-28 09:02:40,22992.5
22150,62,0,8130,3109,2026-09-28 09:02:40,22992.5
22200,76,-43,64023,10335,2026-09-28 09:02:40,22992.5
22250,6,-19,16082,6007,2026-09-28 09:02:40,22992.5
22300,60,33,58473,8342,2026-09-28 09:02:40,22992.5
22350,33,0,19701,2361,2026-09-28 09:02:40,22992.5
22400,153,64,63960,15187,2026-09-28 09:02:40,22992.5
22450,306,150,29167,9414,2026-09-28 09:02:40,22992.5
22500,8491,-1640,160880,24158,2026-09-28 09:02:40,22992.5
22550,287,179,32446,12158,2026-09-28 09:02:40,22992.5
22600,895,-18,75365,22601,2026-09-28 09:02:40,22992.5
22650,723,7,44545,10455,2026-09-28 09:02:40,22992.5
22700,1934,772,101127,30351,2026-09-28 09:02:40,22992.5
22750,937,82,56029,23444,2026-09-28 09:02:40,22992.5
22800,6375,394,138127,28040,2026-09-28 09:02:40,22992.5
22850,1577,-15,67167,22797,2026-09-28 09:02:40,22992.5
22900,6972,1179,99807,13059,2026-09-28 09:02:40,22992.5
22950,6181,2074,50943,14763,2026-09-28 09:02:40,22992.5
23000,50441,-9343,222071,41186,2026-09-28 09:02:40,22992.5
23050,36285,15494,97505,54569,2026-09-28 09:02:40,22992.5
23100,139708,30944,168406,51698,2026-09-28 09:02:40,22992.5
23150,56087,5152,61203,34051,2026-09-28 09:02:40,22992.5
23200,144416,-39419,93900,19247,2026-09-28 09:02:40,22992.5
23250,91540,-60448,52569,-1949,2026-09-28 09:02:40,22992.5
23300,148817,-30507,78961,-6409,2026-09-28 09:02:40,22992.5
23350,78850,10526,13649,-3509,2026-09-28 09:02:40,22992.5
23400,151092,-10789,55424,-6553,2026-09-28 09:02:40,22992.5
23450,67620,-4636,13795,-3065,2026-09-28 09:02:40,22992.5
23500,217592,8791,71269,-12578,2026-09-28 09:02:40,22992.5
23550,82436,17911,4824,-697,2026-09-28 09:02:40,22992.5
23600,115603,-8746,14617,-7701,2026-09-28 09:02:40,22992.5
23650,61021,-8919,3544,-360,2026-09-28 09:02:40,22992.5
23700,110910,2100,10546,-1373,2026-09-28 09:02:40,22992.5
23750,37163,-9063,2981,-549,2026-09-28 09:02:40,22992.5
23800,109449,211,12654,-7883,2026-09-28 09:02:40,22992.5
23850,37895,1635,1568,-260,2026-09-28 09:02:40,22992.5
23900,89727,-28242,8831,-3277,2026-09-28 09:02:40,22992.5
23950,29196,-3027,1809,-213,2026-09-28 09:02:40,22992.5
24000,240151,-58462,48540,-22343,2026-09-28 09:02:40,22992.5
24050,23239,-26288,1238,-5,2026-09-28 09:02:40,22992.5
24100,86192,2049,5951,-915,2026-09-28 09:02:40,22992.5
24150,25136,-1777,1752,-146,2026-09-28 09:02:40,22992.5
24200,122282,-16805,14453,-2633,2026-09-28 09:02:40,22992.5
24250,26454,-7425,2193,-11,2026-09-28 09:02:40,22992.5
24300,89644,-34410,31363,-7918,2026-09-28 09:02:40,22992.5
24350,23946,-3171,4446,-152,2026-09-28 09:02:40,22992.5
24400,56001,-6677,17874,-4469,2026-09-28 09:02:40,22992.5
24450,5603,-607,1128,-42,2026-09-28 09:02:40,22992.5
24500,156478,-38870,20505,-10449,2026-09-28 09:02:40,22992.5
24550,18022,-457,686,-6,2026-09-28 09:02:40,22992.5
24600,51310,-2746,7622,-1056,2026-09-28 09:02:40,22992.5
24650,13152,-319,520,-5,2026-09-28 09:02:40,22992.5
24700,55617,-2413,2435,-400,2026-09-28 09:02:40,22992.5
24750,5356,-50,381,0,2026-09-28 09:02:40,22992.5
24800,44540,-10196,3132,-580,2026-09-28 09:02:40,22992.5
24850,2293,-41,161,-11,2026-09-28 09:02:40,22992.5
24900,21311,-6759,837,-35,2026-09-28 09:02:40,22992.5
24950,2904,840,70,-1,2026-09-28 09:02:40,22992.5
25000,130723,-42912,15386,-5587,2026-09-28 09:02:40,22992.5
25050,1402,179,51,-1,2026-09-28 09:02:40,22992.5
25100,9590,-5084,1235,-109,2026-09-28 09:02:40,22992.5
25150,1228,-48,25,0,2026-09-28 09:02:40,22992.5
25200,9675,38,1019,-89,2026-09-28 09:02:40,22992.5
25250,905,-16,34,0,2026-09-28 09:02:40,22992.5
25300,6864,184,361,-40,2026-09-28 09:02:40,22992.5
25350,421,13,16,0,2026-09-28 09:02:40,22992.5
25400,2749,-578,304,-21,2026-09-28 09:02:40,22992.5
25450,583,1,9,0,2026-09-28 09:02:40,22992.5
25500,39808,-3857,9216,-2722,2026-09-28 09:02:40,22992.5
25550,2018,556,6,0,2026-09-28 09:02:40,22992.5
25600,1830,-1393,443,-5,2026-09-28 09:02:40,22992.5
25650,907,24,8,0,2026-09-28 09:02:40,22992.5
25700,4013,-120,131,-34,2026-09-28 09:02:40,22992.5
25750,312,-1,4,0,2026-09-28 09:02:40,22992.5
25800,4975,-816,268,-33,2026-09-28 09:02:40,22992.5
25850,332,46,13,13,2026-09-28 09:02:40,22992.5
25900,3318,69,37,-28,2026-09-28 09:02:40,22992.5
25950,426,21,1,0,2026-09-28 09:02:40,22992.5
26000,45287,-3339,17808,-4722,2026-09-28 09:02:40,22992.5
26050,254,-128,1,0,2026-09-28 09:02:40,22992.5
26100,469,44,67,-51,2026-09-28 09:02:40,22992.5
26150,264,5,1,0,2026-09-28 09:02:40,22992.5
26200,2553,-64,522,-27,2026-09-28 09:02:40,22992.5
26250,469,113,0,0,2026-09-28 09:02:40,22992.5
26300,1884,192,866,-82,2026-09-28 09:02:40,22992.5
26350,400,271,0,0,2026-09-28 09:02:40,22992.5
26400,260,-43,41,-1,2026-09-28 09:02:40,22992.5
26450,187,12,0,0,2026-09-28 09:02:40,22992.5
26500,8957,-1303,8550,-1074,2026-09-28 09:02:40,22992.5
26550,159,23,0,0,2026-09-28 09:02:40,22992.5
26600,626,26,0,0,2026-09-28 09:02:40,22992.5
26650,144,22,0,0,2026-09-28 09:02:40,22992.5
26700,167,22,0,0,2026-09-28 09:02:40,22992.5
26750,208,-17,1,0,2026-09-28 09:02:40,22992.5
26800,187,8,21,0,2026-09-28 09:02:40,22992.5
26850,203,33,0,0,2026-09-28 09:02:40,22992.5
26900,215,-2,1,0,2026-09-28 09:02:40,22992.5
26950,224,-1,0,0,2026-09-28 09:02:40,22992.5
27000,23546,-1900,16580,-2632,2026-09-28 09:02:40,22992.5
27050,361,10,0,0,2026-09-28 09:02:40,22992.5
27100,748,111,0,0,2026-09-28 09:02:40,22992.5
27150,1210,-56,0,0,2026-09-28 09:02:40,22992.5
27200,3983,732,0,0,2026-09-28 09:02:40,22992.5
28500,5819,-1262,3429,-1612,2026-09-28 09:02:40,22992.5
30000,4111,-178,1405,-480,2026-09-28 09:02:40,22992.5
31500,263,15,0,0,2026-09-28 09:02:40,22992.5
33000,1132,189,0,0,2026-09-28 09:02:40,22992.5
34500,227,24,0,0,2026-09-28 09:02:40,22992.5
15000,0,0,1872,192,2026-09-28 09:05:44,23103.8
16500,0,0,2380,126,2026-09-28 09:05:44,23103.8
18000,12,0,12184,-677,2026-09-28 09:05:44,23103.8
19500,1502,-200,12971,-3012,2026-09-28 09:05:44,23103.8
20800,0,0,6171,6171,2026-09-28 09:05:44,23103.8
20850,0,0,409,399,2026-09-28 09:05:44,23103.8
20900,0,0,1548,1548,2026-09-28 09:05:44,23103.8
20950,0,0,414,414,2026-09-28 09:05:44,23103.8
21000,4872,-1355,147444,-22606,2026-09-28 09:05:44,23103.8
21050,0,0,473,473,2026-09-28 09:05:44,23103.8
21100,0,0,5946,5945,2026-09-28 09:05:44,23103.8
21150,0,0,1148,1118,2026-09-28 09:05:44,23103.8
21200,0,0,2453,2168,2026-09-28 09:05:44,23103.8
21250,0,0,1121,1121,2026-09-28 09:05:44,23103.8
21300,0,0,1998,1187,2026-09-28 09:05:44,23103.8
21350,0,0,28157,-9517,2026-09-28 09:05:44,23103.8
21400,1,0,41677,827,2026-09-28 09:05:44,23103.8
21450,0,0,3499,-341,2026-09-28 09:05:44,23103.8
21500,1,0,61445,-4666,2026-09-28 09:05:44,23103.8
21550,0,0,4571,763,2026-09-28 09:05:44,23103.8
21600,582,-62,17257,-1189,2026-09-28 09:05:44,23103.8
21650,1,0,5293,401,2026-09-28 09:05:44,23103.8
21700,0,0,26462,2957,2026-09-28 09:05:44,23103.8
21750,1,0,10522,5142,2026-09-28 09:05:44,23103.8
21800,1,0,47389,11844,2026-09-28 09:05:44,23103.8
21850,1,0,13126,9182,2026-09-28 09:05:44,23103.8
21900,10,0,26853,11362,2026-09-28 09:05:44,23103.8
21950,2,0,9877,2638,2026-09-28 09:05:44,23103.8
22000,7997,-1767,201855,15199,2026-09-28 09:05:44,23103.8
22050,10,9,7568,-653,2026-09-28 09:05:44,23103.8
22100,24,0,32704,15713,2026-09-28 09:05:44,23103.8
22150,62,0,8130,3109,2026-09-28 09:05:44,23103.8
22200,76,-43,64023,10335,2026-09-28 09:05:44,23103.8
22250,6,-19,16082,6007,2026-09-28 09:05:44,23103.8
22300,60,33,58473,8342,2026-09-28 09:05:44,23103.8
22350,33,0,19701,2361,2026-09-28 09:05:44,23103.8
22400,153,64,63960,15187,2026-09-28 09:05:44,23103.8
22450,306,150,29167,9414,2026-09-28 09:05:44,23103.8
22500,8491,-1640,160880,24158,2026-09-28 09:05:44,23103.8
22550,287,179,32446,12158,2026-09-28 09:05:44,23103.8
22600,895,-18,75365,22601,2026-09-28 09:05:44,23103.8
22650,723,7,44545,10455,2026-09-28 09:05:44,23103.8
22700,1934,772,101127,30351,2026-09-28 09:05:44,23103.8
22750,937,82,56029,23444,2026-09-28 09:05:44,23103.8
22800,6375,394,138127,28040,2026-09-28 09:05:44,23103.8
22850,1577,-15,67167,22797,2026-09-28 09:05:44,23103.8
22900,6972,1179,99807,13059,2026-09-28 09:05:44,23103.8
22950,6181,2074,50943,14763,2026-09-28 09:05:44,23103.8
23000,50441,-9343,222071,41186,2026-09-28 09:05:44,23103.8
23050,36285,15494,97505,54569,2026-09-28 09:05:44,23103.8
23100,139708,30944,168406,51698,2026-09-28 09:05:44,23103.8
23150,56087,5152,61203,34051,2026-09-28 09:05:44,23103.8
23200,144416,-39419,93900,19247,2026-09-28 09:05:44,23103.8
23250,91540,-60448,52569,-1949,2026-09-28 09:05:44,23103.8
23300,148817,-30507,78961,-6409,2026-09-28 09:05:44,23103.8
23350,78850,10526,13649,-3509,2026-09-28 09:05:44,23103.8
23400,151092,-10789,55424,-6553,2026-09-28 09:05:44,23103.8
23450,67620,-4636,13795,-3065,2026-09-28 09:05:44,23103.8
23500,217592,8791,71269,-12578,2026-09-28 09:05:44,23103.8
23550,82436,17911,4824,-697,2026-09-28 09:05:44,23103.8
23600,115603,-8746,14617,-7701,2026-09-28 09:05:44,23103.8
23650,61021,-8919,3544,-360,2026-09-28 09:05:44,23103.8
23700,110910,2100,10546,-1373,2026-09-28 09:05:44,23103.8
23750,37163,-9063,2981,-549,2026-09-28 09:05:44,23103.8
23800,109449,211,12654,-7883,2026-09-28 09:05:44,23103.8
23850,37895,1635,1568,-260,2026-09-28 09:05:44,23103.8
23900,89727,-28242,8831,-3277,2026-09-28 09:05:44,23103.8
23950,29196,-3027,1809,-213,2026-09-28 09:05:44,23103.8
24000,240151,-58462,48540,-22343,2026-09-28 09:05:44,23103.8
24050,23239,-26288,1238,-5,2026-09-28 09:05:44,23103.8
24100,86192,2049,5951,-915,2026-09-28 09:05:44,23103.8
24150,25136,-1777,1752,-146,2026-09-28 09:05:44,23103.8
24200,122282,-16805,14453,-2633,2026-09-28 09:05:44,23103.8
24250,26454,-7425,2193,-11,2026-09-28 09:05:44,23103.8
24300,89644,-34410,31363,-7918,2026-09-28 09:05:44,23103.8
24350,23946,-3171,4446,-152,2026-09-28 09:05:44,23103.8
24400,56001,-6677,17874,-4469,2026-09-28 09:05:44,23103.8
24450,5603,-607,1128,-42,2026-09-28 09:05:44,23103.8
24500,156478,-38870,20505,-10449,2026-09-28 09:05:44,23103.8
24550,18022,-457,686,-6,2026-09-28 09:05:44,23103.8
24600,51310,-2746,7622,-1056,2026-09-28 09:05:44,23103.8
24650,13152,-319,520,-5,2026-09-28 09:05:44,23103.8
24700,55617,-2413,2435,-400,2026-09-28 09:05:44,23103.8
24750,5356,-50,381,0,2026-09-28 09:05:44,23103.8
24800,44540,-10196,3132,-580,2026-09-28 09:05:44,23103.8
24850,2293,-41,161,-11,2026-09-28 09:05:44,23103.8
24900,21311,-6759,837,-35,2026-09-28 09:05:44,23103.8
24950,2904,840,70,-1,2026-09-28 09:05:44,23103.8
25000,130723,-42912,15386,-5587,2026-09-28 09:05:44,23103.8
25050,1402,179,51,-1,2026-09-28 09:05:44,23103.8
25100,9590,-5084,1235,-109,2026-09-28 09:05:44,23103.8
25150,1228,-48,25,0,2026-09-28 09:05:44,23103.8
25200,9675,38,1019,-89,2026-09-28 09:05:44,23103.8
25250,905,-16,34,0,2026-09-28 09:05:44,23103.8
25300,6864,184,361,-40,2026-09-28 09:05:44,23103.8
25350,421,13,16,0,2026-09-28 09:05:44,23103.8
25400,2749,-578,304,-21,2026-09-28 09:05:44,23103.8
25450,583,1,9,0,2026-09-28 09:05:44,23103.8
25500,39808,-3857,9216,-2722,2026-09-28 09:05:44,23103.8
25550,2018,556,6,0,2026-09-28 09:05:44,23103.8
25600,1830,-1393,443,-5,2026-09-28 09:05:44,23103.8
25650,907,24,8,0,2026-09-28 09:05:44,23103.8
25700,4013,-120,131,-34,2026-09-28 09:05:44,23103.8
25750,312,-1,4,0,2026-09-28 09:05:44,23103.8
25800,4975,-816,268,-33,2026-09-28 09:05:44,23103.8
25850,332,46,13,13,2026-09-28 09:05:44,23103.8
25900,3318,69,37,-28,2026-09-28 09:05:44,23103.8
25950,426,21,1,0,2026-09-28 09:05:44,23103.8
26000,45287,-3339,17808,-4722,2026-09-28 09:05:44,23103.8
26050,254,-128,1,0,2026-09-28 09:05:44,23103.8
26100,469,44,67,-51,2026-09-28 09:05:44,23103.8
26150,264,5,1,0,2026-09-28 09:05:44,23103.8
26200,2553,-64,522,-27,2026-09-28 09:05:44,23103.8
26250,469,113,0,0,2026-09-28 09:05:44,23103.8
26300,1884,192,866,-82,2026-09-28 09:05:44,23103.8
26350,400,271,0,0,2026-09-28 09:05:44,23103.8
26400,260,-43,41,-1,2026-09-28 09:05:44,23103.8
26450,187,12,0,0,2026-09-28 09:05:44,23103.8
26500,8957,-1303,8550,-1074,2026-09-28 09:05:44,23103.8
26550,159,23,0,0,2026-09-28 09:05:44,23103.8
26600,626,26,0,0,2026-09-28 09:05:44,23103.8
26650,144,22,0,0,2026-09-28 09:05:44,23103.8
26700,167,22,0,0,2026-09-28 09:05:44,23103.8
26750,208,-17,1,0,2026-09-28 09:05:44,23103.8
26800,187,8,21,0,2026-09-28 09:05:44,23103.8
26850,203,33,0,0,2026-09-28 09:05:44,23103.8
26900,215,-2,1,0,2026-09-28 09:05:44,23103.8
26950,224,-1,0,0,2026-09-28 09:05:44,23103.8
27000,23546,-1900,16580,-2632,2026-09-28 09:05:44,23103.8
27050,361,10,0,0,2026-09-28 09:05:44,23103.8
27100,748,111,0,0,2026-09-28 09:05:44,23103.8
27150,1210,-56,0,0,2026-09-28 09:05:44,23103.8
27200,3983,732,0,0,2026-09-28 09:05:44,23103.8
28500,5819,-1262,3429,-1612,2026-09-28 09:05:44,23103.8
30000,4111,-178,1405,-480,2026-09-28 09:05:44,23103.8
31500,263,15,0,0,2026-09-28 09:05:44,23103.8
33000,1132,189,0,0,2026-09-28 09:05:44,23103.8
34500,227,24,0,0,2026-09-28 09:05:44,23103.8
15000,0,0,1872,192,2026-09-28 09:08:47,23062.3
16500,0,0,2380,126,2026-09-28 09:08:47,23062.3
18000,12,0,12184,-677,2026-09-28 09:08:47,23062.3
19500,1502,-200,12971,-3012,2026-09-28 09:08:47,23062.3
20800,0,0,6171,6171,2026-09-28 09:08:47,23062.3
20850,0,0,409,399,2026-09-28 09:08:47,23062.3
20900,0,0,1548,1548,2026-09-28 09:08:47,23062.3
20950,0,0,414,414,2026-09-28 09:08:47,23062.3
21000,4872,-1355,147444,-22606,2026-09-28 09:08:47,23062.3
21050,0,0,473,473,2026-09-28 09:08:47,23062.3
21100,0,0,5946,5945,2026-09-28 09:08:47,23062.3
21150,0,0,1148,1118,2026-09-28 09:08:47,23062.3
21200,0,0,2453,2168,2026-09-28 09:08:47,23062.3
21250,0,0,1121,1121,2026-09-28 09:08:47,23062.3
21300,0,0,1998,1187,2026-09-28 09:08:47,23062.3
21350,0,0,28157,-9517,2026-09-28 09:08:47,23062.3
21400,1,0,41677,827,2026-09-28 09:08:47,23062.3
21450,0,0,3499,-341,2026-09-28 09:08:47,23062.3
21500,1,0,61445,-4666,2026-09-28 09:08:47,23062.3
21550,0,0,4571,763,2026-09-28 09:08:47,23062.3
21600,582,-62,17257,-1189,2026-09-28 09:08:47,23062.3
21650,1,0,5293,401,2026-09-28 09:08:47,23062.3
21700,0,0,26462,2957,2026-09-28 09:08:47,23062.3
21750,1,0,10522,5142,2026-09-28 09:08:47,23062.3
21800,1,0,47389,11844,2026-09-28 09:08:47,23062.3
21850,1,0,13126,9182,2026-09-28 09:08:47,23062.3
21900,10,0,26853,11362,2026-09-28 09:08:47,23062.3
21950,2,0,9877,2638,2026-09-28 09:08:47,23062.3
22000,7997,-1767,201855,15199,2026-09-28 09:08:47,23062.3
22050,10,9,7568,-653,2026-09-28 09:08:47,23062.3
22100,24,0,32704,15713,2026-09-28 09:08:47,23062.3
22150,62,0,8130,3109,2026-09-28 09:08:47,23062.3
22200,76,-43,64023,10335,2026-09-28 09:08:47,23062.3
22250,6,-19,16082,6007,2026-09-28 09:08:47,23062.3
22300,60,33,58473,8342,2026-09-28 09:08:47,23062.3
22350,33,0,19701,2361,2026-09-28 09:08:47,23062.3
22400,153,64,63960,15187,2026-09-28 09:08:47,23062.3
22450,306,150,29167,9414,2026-09-28 09:08:47,23062.3
22500,8491,-1640,160880,24158,2026-09-28 09:08:47,23062.3
22550,287,179,32446,12158,2026-09-28 09:08:47,23062.3
22600,895,-18,75365,22601,2026-09-28 09:08:47,23062.3
22650,723,7,44545,10455,2026-09-28 09:08:47,23062.3
22700,1934,772,101127,30351,2026-09-28 09:08:47,23062.3
22750,937,82,56029,23444,2026-09-28 09:08:47,23062.3
22800,6375,394,138127,28040,2026-09-28 09:08:47,23062.3
22850,1577,-15,67167,22797,2026-09-28 09:08:47,23062.3
22900,6972,1179,99807,13059,2026-09-28 09:08:47,23062.3
22950,6181,2074,50943,14763,2026-09-28 09:08:47,23062.3
23000,50441,-9343,222071,41186,2026-09-28 09:08:47,23062.3
23050,36285,15494,97505,54569,2026-09-28 09:08:47,23062.3
23100,139708,30944,168406,51698,2026-09-28 09:08:47,23062.3
23150,56087,5152,61203,34051,2026-09-28 09:08:47,23062.3
23200,144416,-39419,93900,19247,2026-09-28 09:08:47,23062.3
23250,91540,-60448,52569,-1949,2026-09-28 09:08:47,23062.3
23300,148817,-30507,78961,-6409,2026-09-28 09:08:47,23062.3
23350,78850,10526,13649,-3509,2026-09-28 09:08:47,23062.3
23400,151092,-10789,55424,-6553,2026-09-28 09:08:47,23062.3
23450,67620,-4636,13795,-3065,2026-09-28 09:08:47,23062.3
23500,217592,8791,71269,-12578,2026-09-28 09:08:47,23062.3
23550,82436,17911,4824,-697,2026-09-28 09:08:47,23062.3
23600,115603,-8746,14617,-7701,2026-09-28 09:08:47,23062.3
23650,61021,-8919,3544,-360,2026-09-28 09:08:47,23062.3
23700,110910,2100,10546,-1373,2026-09-28 09:08:47,23062.3
23750,37163,-9063,2981,-549,2026-09-28 09:08:47,23062.3
23800,109449,211,12654,-7883,2026-09-28 09:08:47,23062.3
23850,37895,1635,1568,-260,2026-09-28 09:08:47,23062.3
23900,89727,-28242,8831,-3277,2026-09-28 09:08:47,23062.3
23950,29196,-3027,1809,-213,2026-09-28 09:08:47,23062.3
24000,240151,-58462,48540,-22343,2026-09-28 09:08:47,23062.3
24050,23239,-26288,1238,-5,2026-09-28 09:08:47,23062.3
24100,86192,2049,5951,-915,2026-09-28 09:08:47,23062.3
24150,25136,-1777,1752,-146,2026-09-28 09:08:47,23062.3
24200,122282,-16805,14453,-2633,2026-09-28 09:08:47,23062.3
24250,26454,-7425,2193,-11,2026-09-28 09:08:47,23062.3
24300,89644,-34410,31363,-7918,2026-09-28 09:08:47,23062.3
24350,23946,-3171,4446,-152,2026-09-28 09:08:47,23062.3
24400,56001,-6677,17874,-4469,2026-09-28 09:08:47,23062.3
24450,5603,-607,1128,-42,2026-09-28 09:08:47,23062.3
24500,156478,-38870,20505,-10449,2026-09-28 09:08:47,23062.3
24550,18022,-457,686,-6,2026-09-28 09:08:47,23062.3
24600,51310,-2746,7622,-1056,2026-09-28 09:08:47,23062.3
24650,13152,-319,520,-5,2026-09-28 09:08:47,23062.3
24700,55617,-2413,2435,-400,2026-09-28 09:08:47,23062.3
24750,5356,-50,381,0,2026-09-28 09:08:47,23062.3
24800,44540,-10196,3132,-580,2026-09-28 09:08:47,23062.3
24850,2293,-41,161,-11,2026-09-28 09:08:47,23062.3
24900,21311,-6759,837,-35,2026-09-28 09:08:47,23062.3
24950,2904,840,70,-1,2026-09-28 09:08:47,23062.3
25000,130723,-42912,15386,-5587,2026-09-28 09:08:47,23062.3
25050,1402,179,51,-1,2026-09-28 09:08:47,23062.3
25100,9590,-5084,1235,-109,2026-09-28 09:08:47,23062.3
25150,1228,-48,25,0,2026-09-28 09:08:47,23062.3
25200,9675,38,1019,-89,2026-09-28 09:08:47,23062.3
25250,905,-16,34,0,2026-09-28 09:08:47,23062.3
25300,6864,184,361,-40,2026-09-28 09:08:47,23062.3
25350,421,13,16,0,2026-09-28 09:08:47,23062.3
25400,2749,-578,304,-21,2026-09-28 09:08:47,23062.3
25450,583,1,9,0,2026-09-28 09:08:47,23062.3
25500,39808,-3857,9216,-2722,2026-09-28 09:08:47,23062.3
25550,2018,556,6,0,2026-09-28 09:08:47,23062.3
25600,1830,-1393,443,-5,2026-09-28 09:08:47,23062.3
25650,907,24,8,0,2026-09-28 09:08:47,23062.3
25700,4013,-120,131,-34,2026-09-28 09:08:47,23062.3
25750,312,-1,4,0,2026-09-28 09:08:47,23062.3
25800,4975,-816,268,-33,2026-09-28 09:08:47,23062.3
25850,332,46,13,13,2026-09-28 09:08:47,23062.3
25900,3318,69,37,-28,2026-09-28 09:08:47,23062.3
25950,426,21,1,0,2026-09-28 09:08:47,23062.3
26000,45287,-3339,17808,-4722,2026-09-28 09:08:47,23062.3
26050,254,-128,1,0,2026-09-28 09:08:47,23062.3
26100,469,44,67,-51,2026-09-28 09:08:47,23062.3
26150,264,5,1,0,2026-09-28 09:08:47,23062.3
26200,2553,-64,522,-27,2026-09-28 09:08:47,23062.3
26250,469,113,0,0,2026-09-28 09:08:47,23062.3
26300,1884,192,866,-82,2026-09-28 09:08:47,23062.3
26350,400,271,0,0,2026-09-28 09:08:47,23062.3
26400,260,-43,41,-1,2026-09-28 09:08:47,23062.3
26450,187,12,0,0,2026-09-28 09:08:47,23062.3
26500,8957,-1303,8550,-1074,2026-09-28 09:08:47,23062.3
26550,159,23,0,0,2026-09-28 09:08:47,23062.3
26600,626,26,0,0,2026-09-28 09:08:47,23062.3
26650,144,22,0,0,2026-09-28 09:08:47,23062.3
26700,167,22,0,0,2026-09-28 09:08:47,23062.3
26750,208,-17,1,0,2026-09-28 09:08:47,23062.3
26800,187,8,21,0,2026-09-28 09:08:47,23062.3
26850,203,33,0,0,2026-09-28 09:08:47,23062.3
26900,215,-2,1,0,2026-09-28 09:08:47,23062.3
26950,224,-1,0,0,2026-09-28 09:08:47,23062.3
27000,23546,-1900,16580,-2632,2026-09-28 09:08:47,23062.3
27050,361,10,0,0,2026-09-28 09:08:47,23062.3
27100,748,111,0,0,2026-09-28 09:08:47,23062.3
27150,1210,-56,0,0,2026-09-28 09:08:47,23062.3
27200,3983,732,0,0,2026-09-28 09:08:47,23062.3
28500,5819,-1262,3429,-1612,2026-09-28 09:08:47,23062.3
30000,4111,-178,1405,-480,2026-09-28 09:08:47,23062.3
31500,263,15,0,0,2026-09-28 09:08:47,23062.3
33000,1132,189,0,0,2026-09-28 09:08:47,23062.3
34500,227,24,0,0,2026-09-28 09:08:47,23062.3
15000,0,0,1872,192,2026-09-28 09:11:51,23064.9
16500,0,0,2380,126,2026-09-28 09:11:51,23064.9
18000,12,0,12184,-677,2026-09-28 09:11:51,23064.9
19500,1502,-200,12971,-3012,2026-09-28 09:11:51,23064.9
20800,0,0,6171,6171,2026-09-28 09:11:51,23064.9
20850,0,0,409,399,2026-09-28 09:11:51,23064.9
20900,0,0,1548,1548,2026-09-28 09:11:51,23064.9
20950,0,0,414,414,2026-09-28 09:11:51,23064.9
21000,4872,-1355,147444,-22606,2026-09-28 09:11:51,23064.9
21050,0,0,473,473,2026-09-28 09:11:51,23064.9
21100,0,0,5946,5945,2026-09-28 09:11:51,23064.9
21150,0,0,1148,1118,2026-09-28 09:11:51,23064.9
21200,0,0,2453,2168,2026-09-28 09:11:51,23064.9
21250,0,0,1121,1121,2026-09-28 09:11:51,23064.9
21300,0,0,1998,1187,2026-09-28 09:11:51,23064.9
21350,0,0,28157,-9517,2026-09-28 09:11:51,23064.9
21400,1,0,41677,827,2026-09-28 09:11:51,23064.9
21450,0,0,3499,-341,2026-09-28 09:11:51,23064.9
21500,1,0,61445,-4666,2026-09-28 09:11:51,23064.9
21550,0,0,4571,763,2026-09-28 09:11:51,23064.9
21600,582,-62,17257,-1189,2026-09-28 09:11:51,23064.9
21650,1,0,5293,401,2026-09-28 09:11:51,23064.9
21700,0,0,26462,2957,2026-09-28 09:11:51,23064.9
21750,1,0,10522,5142,2026-09-28 09:11:51,23064.9
21800,1,0,47389,11844,2026-09-28 09:11:51,23064.9
21850,1,0,13126,9182,2026-09-28 09:11:51,23064.9
21900,10,0,26853,11362,2026-09-28 09:11:51,23064.9
21950,2,0,9877,2638,2026-09-28 09:11:51,23064.9
22000,7997,-1767,201855,15199,2026-09-28 09:11:51,23064.9
22050,10,9,7568,-653,2026-09-28 09:11:51,23064.9
22100,24,0,32704,15713,2026-09-28 09:11:51,23064.9
22150,62,0,8130,3109,2026-09-28 09:11:51,23064.9
22200,76,-43,64023,10335,2026-09-28 09:11:51,23064.9
22250,6,-19,16082,6007,2026-09-28 09:11:51,23064.9
22300,60,33,58473,8342,2026-09-28 09:11:51,23064.9
22350,33,0,19701,2361,2026-09-28 09:11:51,23064.9
22400,153,64,63960,15187,2026-09-28 09:11:51,23064.9
22450,306,150,29167,9414,2026-09-28 09:11:51,23064.9
22500,8491,-1640,160880,24158,2026-09-28 09:11:51,23064.9
22550,287,179,32446,12158,2026-09-28 09:11:51,23064.9
22600,895,-18,75365,22601,2026-09-28 09:11:51,23064.9
22650,723,7,44545,10455,2026-09-28 09:11:51,23064.9
22700,1934,772,101127,30351,2026-09-28 09:11:51,23064.9
22750,937,82,56029,23444,2026-09-28 09:11:51,23064.9
22800,6375,394,138127,28040,2026-09-28 09:11:51,23064.9
22850,1577,-15,67167,22797,2026-09-28 09:11:51,23064.9
22900,6972,1179,99807,13059,2026-09-28 09:11:51,23064.9
22950,6181,2074,50943,14763,2026-09-28 09:11:51,23064.9
23000,50441,-9343,222071,41186,2026-09-28 09:11:51,23064.9
23050,36285,15494,97505,54569,2026-09-28 09:11:51,23064.9
23100,139708,30944,168406,51698,2026-09-28 09:11:51,23064.9
23150,56087,5152,61203,34051,2026-09-28 09:11:51,23064.9
23200,144416,-39419,93900,19247,2026-09-28 09:11:51,23064.9
23250,91540,-60448,52569,-1949,2026-09-28 09:11:51,23064.9
23300,148817,-30507,78961,-6409,2026-09-28 09:11:51,23064.9
23350,78850,10526,13649,-3509,2026-09-28 09:11:51,23064.9
23400,151092,-10789,55424,-6553,2026-09-28 09:11:51,23064.9
23450,67620,-4636,13795,-3065,2026-09-28 09:11:51,23064.9
23500,217592,8791,71269,-12578,2026-09-28 09:11:51,23064.9
23550,82436,17911,4824,-697,2026-09-28 09:11:51,23064.9
23600,115603,-8746,14617,-7701,2026-09-28 09:11:51,23064.9
23650,61021,-8919,3544,-360,2026-09-28 09:11:51,23064.9
23700,110910,2100,10546,-1373,2026-09-28 09:11:51,23064.9
23750,37163,-9063,2981,-549,2026-09-28 09:11:51,23064.9
23800,109449,211,12654,-7883,2026-09-28 09:11:51,23064.9
23850,37895,1635,1568,-260,2026-09-28 09:11:51,23064.9
23900,89727,-28242,8831,-3277,2026-09-28 09:11:51,23064.9
23950,29196,-3027,1809,-213,2026-09-28 09:11:51,23064.9
24000,240151,-58462,48540,-22343,2026-09-28 09:11:51,23064.9
24050,23239,-26288,1238,-5,2026-09-28 09:11:51,23064.9
24100,86192,2049,5951,-915,2026-09-28 09:11:51,23064.9
24150,25136,-1777,1752,-146,2026-09-28 09:11:51,23064.9
24200,122282,-16805,14453,-2633,2026-09-28 09:11:51,23064.9
24250,26454,-7425,2193,-11,2026-09-28 09:11:51,23064.9
24300,89644,-34410,31363,-7918,2026-09-28 09:11:51,23064.9
24350,23946,-3171,4446,-152,2026-09-28 09:11:51,23064.9
24400,56001,-6677,17874,-4469,2026-09-28 09:11:51,23064.9
24450,5603,-607,1128,-42,2026-09-28 09:11:51,23064.9
24500,156478,-38870,20505,-10449,2026-09-28 09:11:51,23064.9
24550,18022,-457,686,-6,2026-09-28 09:11:51,23064.9
24600,51310,-2746,7622,-1056,2026-09-28 09:11:51,23064.9
24650,13152,-319,520,-5,2026-09-28 09:11:51,23064.9
24700,55617,-2413,2435,-400,2026-09-28 09:11:51,23064.9
24750,5356,-50,381,0,2026-09-28 09:11:51,23064.9
24800,44540,-10196,3132,-580,2026-09-28 09:11:51,23064.9
24850,2293,-41,161,-11,2026-09-28 09:11:51,23064.9
24900,21311,-6759,837,-35,2026-09-28 09:11:51,23064.9
24950,2904,840,70,-1,2026-09-28 09:11:51,23064.9
25000,130723,-42912,15386,-5587,2026-09-28 09:11:51,23064.9
25050,1402,179,51,-1,2026-09-28 09:11:51,23064.9
25100,9590,-5084,1235,-109,2026-09-28 09:11:51,23064.9
25150,1228,-48,25,0,2026-09-28 09:11:51,23064.9
25200,9675,38,1019,-89,2026-09-28 09:11:51,23064.9
25250,905,-16,34,0,2026-09-28 09:11:51,23064.9
25300,6864,184,361,-40,2026-09-28 09:11:51,23064.9
25350,421,13,16,0,2026-09-28 09:11:51,23064.9
25400,2749,-578,304,-21,2026-09-28 09:11:51,23064.9
25450,583,1,9,0,2026-09-28 09:11:51,23064.9
25500,39808,-3857,9216,-2722,2026-09-28 09:11:51,23064.9
25550,2018,556,6,0,2026-09-28 09:11:51,23064.9
25600,1830,-1393,443,-5,2026-09-28 09:11:51,23064.9
25650,907,24,8,0,2026-09-28 09:11:51,23064.9
25700,4013,-120,131,-34,2026-09-28 09:11:51,23064.9
25750,312,-1,4,0,2026-09-28 09:11:51,23064.9
25800,4975,-816,268,-33,2026-09-28 09:11:51,23064.9
25850,332,46,13,13,2026-09-28 09:11:51,23064.9
25900,3318,69,37,-28,2026-09-28 09:11:51,23064.9
25950,426,21,1,0,2026-09-28 09:11:51,23064.9
26000,45287,-3339,17808,-4722,2026-09-28 09:11:51,23064.9
26050,254,-128,1,0,2026-09-28 09:11:51,23064.9
26100,469,44,67,-51,2026-09-28 09:11:51,23064.9
26150,264,5,1,0,2026-09-28 09:11:51,23064.9
26200,2553,-64,522,-27,2026-09-28 09:11:51,23064.9
26250,469,113,0,0,2026-09-28 09:11:51,23064.9
26300,1884,192,866,-82,2026-09-28 09:11:51,23064.9
26350,400,271,0,0,2026-09-28 09:11:51,23064.9
26400,260,-43,41,-1,2026-09-28 09:11:51,23064.9
26450,187,12,0,0,2026-09-28 09:11:51,23064.9
26500,8957,-1303,8550,-1074,2026-09-28 09:11:51,23064.9
26550,159,23,0,0,2026-09-28 09:11:51,23064.9
26600,626,26,0,0,2026-09-28 09:11:51,23064.9
26650,144,22,0,0,2026-09-28 09:11:51,23064.9
26700,167,22,0,0,2026-09-28 09:11:51,23064.9
26750,208,-17,1,0,2026-09-28 09:11:51,23064.9
26800,187,8,21,0,2026-09-28 09:11:51,23064.9
26850,203,33,0,0,2026-09-28 09:11:51,23064.9
26900,215,-2,1,0,2026-09-28 09:11:51,23064.9
26950,224,-1,0,0,2026-09-28 09:11:51,23064.9
27000,23546,-1900,16580,-2632,2026-09-28 09:11:51,23064.9
27050,361,10,0,0,2026-09-28 09:11:51,23064.9
27100,748,111,0,0,2026-09-28 09:11:51,23064.9
27150,1210,-56,0,0,2026-09-28 09:11:51,23064.9
27200,3983,732,0,0,2026-09-28 09:11:51,23064.9
28500,5819,-1262,3429,-1612,2026-09-28 09:11:51,23064.9
30000,4111,-178,1405,-480,2026-09-28 09:11:51,23064.9
31500,263,15,0,0,2026-09-28 09:11:51,23064.9
33000,1132,189,0,0,2026-09-28 09:11:51,23064.9
34500,227,24,0,0,2026-09-28 09:11:51,23064.9
15000,0,0,1872,0,2026-09-28 09:14:54,23064.9
16500,0,0,2380,0,2026-09-28 09:14:54,23064.9
18000,12,0,12184,0,2026-09-28 09:14:54,23064.9
19500,1502,0,12971,0,2026-09-28 09:14:54,23064.9
20800,0,0,6171,0,2026-09-28 09:14:54,23064.9
20850,0,0,409,0,2026-09-28 09:14:54,23064.9
20900,0,0,1548,0,2026-09-28 09:14:54,23064.9
20950,0,0,414,0,2026-09-28 09:14:54,23064.9
21000,4872,0,147444,0,2026-09-28 09:14:54,23064.9
21050,0,0,473,0,2026-09-28 09:14:54,23064.9
21100,0,0,5946,0,2026-09-28 09:14:54,23064.9
21150,0,0,1148,0,2026-09-28 09:14:54,23064.9
21200,0,0,2453,0,2026-09-28 09:14:54,23064.9
21250,0,0,1121,0,2026-09-28 09:14:54,23064.9
21300,0,0,1998,0,2026-09-28 09:14:54,23064.9
21350,0,0,28157,0,2026-09-28 09:14:54,23064.9
21400,1,0,41677,0,2026-09-28 09:14:54,23064.9
21450,0,0,3499,0,2026-09-28 09:14:54,23064.9
21500,1,0,61445,0,2026-09-28 09:14:54,23064.9
21550,0,0,4571,0,2026-09-28 09:14:54,23064.9
21600,582,0,17257,0,2026-09-28 09:14:54,23064.9
21650,1,0,5293,0,2026-09-28 09:14:54,23064.9
21700,0,0,26462,0,2026-09-28 09:14:54,23064.9
21750,1,0,10522,0,2026-09-28 09:14:54,23064.9
21800,1,0,47389,0,2026-09-28 09:14:54,23064.9
21850,1,0,13126,0,2026-09-28 09:14:54,23064.9
21900,10,0,26853,0,2026-09-28 09:14:54,23064.9
21950,2,0,9877,0,2026-09-28 09:14:54,23064.9
22000,7997,0,201855,0,2026-09-28 09:14:54,23064.9
22050,10,0,7568,0,2026-09-28 09:14:54,23064.9
22100,24,0,32704,0,2026-09-28 09:14:54,23064.9
22150,62,0,8130,0,2026-09-28 09:14:54,23064.9
22200,76,0,64023,0,2026-09-28 09:14:54,23064.9
22250,6,0,16082,0,2026-09-28 09:14:54,23064.9
22300,60,0,58473,0,2026-09-28 09:14:54,23064.9
22350,33,0,19701,0,2026-09-28 09:14:54,23064.9
22400,153,0,63960,0,2026-09-28 09:14:54,23064.9
22450,306,0,29167,0,2026-09-28 09:14:54,23064.9
22500,8491,0,160880,0,2026-09-28 09:14:54,23064.9
22550,287,0,32446,0,2026-09-28 09:14:54,23064.9
22600,895,0,75365,0,2026-09-28 09:14:54,23064.9
22650,723,0,44545,0,2026-09-28 09:14:54,23064.9
22700,1934,0,101127,0,2026-09-28 09:14:54,23064.9
22750,937,0,56029,0,2026-09-28 09:14:54,23064.9
22800,6375,0,138127,0,2026-09-28 09:14:54,23064.9
22850,1577,0,67167,0,2026-09-28 09:14:54,23064.9
22900,6972,0,99807,0,2026-09-28 09:14:54,23064.9
22950,6181,0,50943,0,2026-09-28 09:14:54,23064.9
23000,50441,0,222071,0,2026-09-28 09:14:54,23064.9
23050,36285,0,97505,0,2026-09-28 09:14:54,23064.9
23100,139708,0,168406,0,2026-09-28 09:14:54,23064.9
23150,56087,0,61203,0,2026-09-28 09:14:54,23064.9
23200,144416,0,93900,0,2026-09-28 09:14:54,23064.9
23250,91540,0,52569,0,2026-09-28 09:14:54,23064.9
23300,148817,0,78961,0,2026-09-28 09:14:54,23064.9
23350,78850,0,13649,0,2026-09-28 09:14:54,23064.9
23400,151092,0,55424,0,2026-09-28 09:14:54,23064.9
23450,67620,0,13795,0,2026-09-28 09:14:54,23064.9
23500,217592,0,71269,0,2026-09-28 09:14:54,23064.9
23550,82436,0,4824,0,2026-09-28 09:14:54,23064.9
23600,115603,0,14617,0,2026-09-28 09:14:54,23064.9
23650,61021,0,3544,0,2026-09-28 09:14:54,23064.9
23700,110910,0,10546,0,2026-09-28 09:14:54,23064.9
23750,37163,0,2981,0,2026-09-28 09:14:54,23064.9
23800,109449,0,12654,0,2026-09-28 09:14:54,23064.9
23850,37895,0,1568,0,2026-09-28 09:14:54,23064.9
23900,89727,0,8831,0,2026-09-28 09:14:54,23064.9
23950,29196,0,1809,0,2026-09-28 09:14:54,23064.9
24000,240151,0,48540,0,2026-09-28 09:14:54,23064.9
24050,23239,0,1238,0,2026-09-28 09:14:54,23064.9
24100,86192,0,5951,0,2026-09-28 09:14:54,23064.9
24150,25136,0,1752,0,2026-09-28 09:14:54,23064.9
24200,122282,0,14453,0,2026-09-28 09:14:54,23064.9
24250,26454,0,2193,0,2026-09-28 09:14:54,23064.9
24300,89644,0,31363,0,2026-09-28 09:14:54,23064.9
24350,23946,0,4446,0,2026-09-28 09:14:54,23064.9
24400,56001,0,17874,0,2026-09-28 09:14:54,23064.9
24450,5603,0,1128,0,2026-09-28 09:14:54,23064.9
24500,156478,0,20505,0,2026-09-28 09:14:54,23064.9
24550,18022,0,686,0,2026-09-28 09:14:54,23064.9
24600,51310,0,7622,0,2026-09-28 09:14:54,23064.9
24650,13152,0,520,0,2026-09-28 09:14:54,23064.9
24700,55617,0,2435,0,2026-09-28 09:14:54,23064.9
24750,5356,0,381,0,2026-09-28 09:14:54,23064.9
24800,44540,0,3132,0,2026-09-28 09:14:54,23064.9
24850,2293,0,161,0,2026-09-28 09:14:54,23064.9
24900,21311,0,837,0,2026-09-28 09:14:54,23064.9
24950,2904,0,70,0,2026-09-28 09:14:54,23064.9
25000,130723,0,15386,0,2026-09-28 09:14:54,23064.9
25050,1402,0,51,0,2026-09-28 09:14:54,23064.9
25100,9590,0,1235,0,2026-09-28 09:14:54,23064.9
25150,1228,0,25,0,2026-09-28 09:14:54,23064.9
25200,9675,0,1019,0,2026-09-28 09:14:54,23064.9
25250,905,0,34,0,2026-09-28 09:14:54,23064.9
25300,6864,0,361,0,2026-09-28 09:14:54,23064.9
25350,421,0,16,0,2026-09-28 09:14:54,23064.9
25400,2749,0,304,0,2026-09-28 09:14:54,23064.9
25450,583,0,9,0,2026-09-28 09:14:54,23064.9
25500,39808,0,9216,0,2026-09-28 09:14:54,23064.9
25550,2018,0,6,0,2026-09-28 09:14:54,23064.9
25600,1830,0,443,0,2026-09-28 09:14:54,23064.9
25650,907,0,8,0,2026-09-28 09:14:54,23064.9
25700,4013,0,131,0,2026-09-28 09:14:54,23064.9
25750,312,0,4,0,2026-09-28 09:14:54,23064.9
25800,4975,0,268,0,2026-09-28 09:14:54,23064.9
25850,332,0,13,0,2026-09-28 09:14:54,23064.9
25900,3318,0,37,0,2026-09-28 09:14:54,23064.9
25950,426,0,1,0,2026-09-28 09:14:54,23064.9
26000,45287,0,17808,0,2026-09-28 09:14:54,23064.9
26050,254,0,1,0,2026-09-28 09:14:54,23064.9
26100,469,0,67,0,2026-09-28 09:14:54,23064.9
26150,264,0,1,0,2026-09-28 09:14:54,23064.9
26200,2553,0,522,0,2026-09-28 09:14:54,23064.9
26250,469,0,0,0,2026-09-28 09:14:54,23064.9
26300,1884,0,866,0,2026-09-28 09:14:54,23064.9
26350,400,0,0,0,2026-09-28 09:14:54,23064.9
26400,260,0,41,0,2026-09-28 09:14:54,23064.9
26450,187,0,0,0,2026-09-28 09:14:54,23064.9
26500,8957,0,8550,0,2026-09-28 09:14:54,23064.9
26550,159,0,0,0,2026-09-28 09:14:54,23064.9
26600,626,0,0,0,2026-09-28 09:14:54,23064.9
26650,144,0,0,0,2026-09-28 09:14:54,23064.9
26700,167,0,0,0,2026-09-28 09:14:54,23064.9
26750,208,0,1,0,2026-09-28 09:14:54,23064.9
26800,187,0,21,0,2026-09-28 09:14:54,23064.9
26850,203,0,0,0,2026-09-28 09:14:54,23064.9
26900,215,0,1,0,2026-09-28 09:14:54,23064.9
26950,224,0,0,0,2026-09-28 09:14:54,23064.9
27000,23546,0,16580,0,2026-09-28 09:14:54,23064.9
27050,361,0,0,0,2026-09-28 09:14:54,23064.9
27100,748,0,0,0,2026-09-28 09:14:54,23064.9
27150,1210,0,0,0,2026-09-28 09:14:54,23064.9
27200,3983,0,0,0,2026-09-28 09:14:54,23064.9
28500,5819,0,3429,0,2026-09-28 09:14:54,23064.9
30000,4111,0,1405,0,2026-09-28 09:14:54,23064.9
31500,263,0,0,0,2026-09-28 09:14:54,23064.9
33000,1132,0,0,0,2026-09-28 09:14:54,23064.9
34500,227,0,0,0,2026-09-28 09:14:54,23064.9
15000,0,0,1872,0,2026-09-28 09:14:59,23064.9
16500,0,0,2380,0,2026-09-28 09:14:59,23064.9
18000,12,0,12184,0,2026-09-28 09:14:59,23064.9
19500,1502,0,12971,0,2026-09-28 09:14:59,23064.9
20800,0,0,6171,0,2026-09-28 09:14:59,23064.9
20850,0,0,409,0,2026-09-28 09:14:59,23064.9
20900,0,0,1548,0,2026-09-28 09:14:59,23064.9
20950,0,0,414,0,2026-09-28 09:14:59,23064.9
21000,4872,0,147444,0,2026-09-28 09:14:59,23064.9
21050,0,0,473,0,2026-09-28 09:14:59,23064.9
21100,0,0,5946,0,2026-09-28 09:14:59,23064.9
21150,0,0,1148,0,2026-09-28 09:14:59,23064.9
21200,0,0,2453,0,2026-09-28 09:14:59,23064.9
21250,0,0,1121,0,2026-09-28 09:14:59,23064.9
21300,0,0,1998,0,2026-09-28 09:14:59,23064.9
21350,0,0,28157,0,2026-09-28 09:14:59,23064.9
21400,1,0,41677,0,2026-09-28 09:14:59,23064.9
21450,0,0,3499,0,2026-09-28 09:14:59,23064.9
21500,1,0,61445,0,2026-09-28 09:14:59,23064.9
21550,0,0,4571,0,2026-09-28 09:14:59,23064.9
21600,582,0,17257,0,2026-09-28 09:14:59,23064.9
21650,1,0,5293,0,2026-09-28 09:14:59,23064.9
21700,0,0,26462,0,2026-09-28 09:14:59,23064.9
21750,1,0,10522,0,2026-09-28 09:14:59,23064.9
21800,1,0,47389,0,2026-09-28 09:14:59,23064.9
21850,1,0,13126,0,2026-09-28 09:14:59,23064.9
21900,10,0,26853,0,2026-09-28 09:14:59,23064.9
21950,2,0,9877,0,2026-09-28 09:14:59,23064.9
22000,7997,0,201855,0,2026-09-28 09:14:59,23064.9
22050,10,0,7568,0,2026-09-28 09:14:59,23064.9
22100,24,0,32704,0,2026-09-28 09:14:59,23064.9
22150,62,0,8130,0,2026-09-28 09:14:59,23064.9
22200,76,0,64023,0,2026-09-28 09:14:59,23064.9
22250,6,0,16082,0,2026-09-28 09:14:59,23064.9
22300,60,0,58473,0,2026-09-28 09:14:59,23064.9
22350,33,0,19701,0,2026-09-28 09:14:59,23064.9
22400,153,0,63960,0,2026-09-28 09:14:59,23064.9
22450,306,0,29167,0,2026-09-28 09:14:59,23064.9
22500,8491,0,160880,0,2026-09-28 09:14:59,23064.9
22550,287,0,32446,0,2026-09-28 09:14:59,23064.9
22600,895,0,75365,0,2026-09-28 09:14:59,23064.9
22650,723,0,44545,0,2026-09-28 09:14:59,23064.9
22700,1934,0,101127,0,2026-09-28 09:14:59,23064.9
22750,937,0,56029,0,2026-09-28 09:14:59,23064.9
22800,6375,0,138127,0,2026-09-28 09:14:59,23064.9
22850,1577,0,67167,0,2026-09-28 09:14:59,23064.9
22900,6972,0,99807,0,2026-09-28 09:14:59,23064.9
22950,6181,0,50943,0,2026-09-28 09:14:59,23064.9
23000,50441,0,222071,0,2026-09-28 09:14:59,23064.9
23050,36285,0,97505,0,2026-09-28 09:14:59,23064.9
23100,139708,0,168406,0,2026-09-28 09:14:59,23064.9
23150,56087,0,61203,0,2026-09-28 09:14:59,23064.9
23200,144416,0,93900,0,2026-09-28 09:14:59,23064.9
23250,91540,0,52569,0,2026-09-28 09:14:59,23064.9
23300,148817,0,78961,0,2026-09-28 09:14:59,23064.9
23350,78850,0,13649,0,2026-09-28 09:14:59,23064.9
23400,151092,0,55424,0,2026-09-28 09:14:59,23064.9
23450,67620,0,13795,0,2026-09-28 09:14:59,23064.9
23500,217592,0,71269,0,2026-09-28 09:14:59,23064.9
23550,82436,0,4824,0,2026-09-28 09:14:59,23064.9
23600,115603,0,14617,0,2026-09-28 09:14:59,23064.9
23650,61021,0,3544,0,2026-09-28 09:14:59,23064.9
23700,110910,0,10546,0,2026-09-28 09:14:59,23064.9
23750,37163,0,2981,0,2026-09-28 09:14:59,23064.9
23800,109449,0,12654,0,2026-09-28 09:14:59,23064.9
23850,37895,0,1568,0,2026-09-28 09:14:59,23064.9
23900,89727,0,8831,0,2026-09-28 09:14:59,23064.9
23950,29196,0,1809,0,2026-09-28 09:14:59,23064.9
24000,240151,0,48540,0,2026-09-28 09:14:59,23064.9
24050,23239,0,1238,0,2026-09-28 09:14:59,23064.9
24100,86192,0,5951,0,2026-09-28 09:14:59,23064.9
24150,25136,0,1752,0,2026-09-28 09:14:59,23064.9
24200,122282,0,14453,0,2026-09-28 09:14:59,23064.9
24250,26454,0,2193,0,2026-09-28 09:14:59,23064.9
24300,89644,0,31363,0,2026-09-28 09:14:59,23064.9
24350,23946,0,4446,0,2026-09-28 09:14:59,23064.9
24400,56001,0,17874,0,2026-09-28 09:14:59,23064.9
24450,5603,0,1128,0,2026-09-28 09:14:59,23064.9
24500,156478,0,20505,0,2026-09-28 09:14:59,23064.9
24550,18022,0,686,0,2026-09-28 09:14:59,23064.9
24600,51310,0,7622,0,2026-09-28 09:14:59,23064.9
24650,13152,0,520,0,2026-09-28 09:14:59,23064.9
24700,55617,0,2435,0,2026-09-28 09:14:59,23064.9
24750,5356,0,381,0,2026-09-28 09:14:59,23064.9
24800,44540,0,3132,0,2026-09-28 09:14:59,23064.9
24850,2293,0,161,0,2026-09-28 09:14:59,23064.9
24900,21311,0,837,0,2026-09-28 09:14:59,23064.9
24950,2904,0,70,0,2026-09-28 09:14:59,23064.9
25000,130723,0,15386,0,2026-09-28 09:14:59,23064.9
25050,1402,0,51,0,2026-09-28 09:14:59,23064.9
25100,9590,0,1235,0,2026-09-28 09:14:59,23064.9
25150,1228,0,25,0,2026-09-28 09:14:59,23064.9
25200,9675,0,1019,0,2026-09-28 09:14:59,23064.9
25250,905,0,34,0,2026-09-28 09:14:59,23064.9
25300,6864,0,361,0,2026-09-28 09:14:59,23064.9
25350,421,0,16,0,2026-09-28 09:14:59,23064.9
25400,2749,0,304,0,2026-09-28 09:14:59,23064.9
25450,583,0,9,0,2026-09-28 09:14:59,23064.9
25500,39808,0,9216,0,2026-09-28 09:14:59,23064.9
25550,2018,0,6,0,2026-09-28 09:14:59,23064.9
25600,1830,0,443,0,2026-09-28 09:14:59,23064.9
25650,907,0,8,0,2026-09-28 09:14:59,23064.9
25700,4013,0,131,0,2026-09-28 09:14:59,23064.9
25750,312,0,4,0,2026-09-28 09:14:59,23064.9
25800,4975,0,268,0,2026-09-28 09:14:59,23064.9
25850,332,0,13,0,2026-09-28 09:14:59,23064.9
25900,3318,0,37,0,2026-09-28 09:14:59,23064.9
25950,426,0,1,0,2026-09-28 09:14:59,23064.9
26000,45287,0,17808,0,2026-09-28 09:14:59,23064.9
26050,254,0,1,0,2026-09-28 09:14:59,23064.9
26100,469,0,67,0,2026-09-28 09:14:59,23064.9
26150,264,0,1,0,2026-09-28 09:14:59,23064.9
26200,2553,0,522,0,2026-09-28 09:14:59,23064.9
26250,469,0,0,0,2026-09-28 09:14:59,23064.9
26300,1884,0,866,0,2026-09-28 09:14:59,23064.9
26350,400,0,0,0,2026-09-28 09:14:59,23064.9
26400,260,0,41,0,2026-09-28 09:14:59,23064.9
26450,187,0,0,0,2026-09-28 09:14:59,23064.9
26500,8957,0,8550,0,2026-09-28 09:14:59,23064.9
26550,159,0,0,0,2026-09-28 09:14:59,23064.9
26600,626,0,0,0,2026-09-28 09:14:59,23064.9
26650,144,0,0,0,2026-09-28 09:14:59,23064.9
26700,167,0,0,0,2026-09-28 09:14:59,23064.9
26750,208,0,1,0,2026-09-28 09:14:59,23064.9
26800,187,0,21,0,2026-09-28 09:14:59,23064.9
26850,203,0,0,0,2026-09-28 09:14:59,23064.9
26900,215,0,1,0,2026-09-28 09:14:59,23064.9
26950,224,0,0,0,2026-09-28 09:14:59,23064.9
27000,23546,0,16580,0,2026-09-28 09:14:59,23064.9
27050,361,0,0,0,2026-09-28 09:14:59,23064.9
27100,748,0,0,0,2026-09-28 09:14:59,23064.9
27150,1210,0,0,0,2026-09-28 09:14:59,23064.9
27200,3983,0,0,0,2026-09-28 09:14:59,23064.9
28500,5819,0,3429,0,2026-09-28 09:14:59,23064.9
30000,4111,0,1405,0,2026-09-28 09:14:59,23064.9
31500,263,0,0,0,2026-09-28 09:14:59,23064.9
33000,1132,0,0,0,2026-09-28 09:14:59,23064.9
34500,227,0,0,0,2026-09-28 09:14:59,23064.9
15000,0,0,1872,0,2026-09-28 09:15:49,23064.9
16500,0,0,2380,0,2026-09-28 09:15:49,23064.9
18000,12,0,12184,0,2026-09-28 09:15:49,23064.9
19500,1502,0,12971,0,2026-09-28 09:15:49,23064.9
20800,0,0,6171,0,2026-09-28 09:15:49,23064.9
20850,0,0,409,0,2026-09-28 09:15:49,23064.9
20900,0,0,1548,0,2026-09-28 09:15:49,23064.9
20950,0,0,414,0,2026-09-28 09:15:49,23064.9
21000,4872,0,147444,0,2026-09-28 09:15:49,23064.9
21050,0,0,473,0,2026-09-28 09:15:49,23064.9
21100,0,0,5946,0,2026-09-28 09:15:49,23064.9
21150,0,0,1148,0,2026-09-28 09:15:49,23064.9
21200,0,0,2453,0,2026-09-28 09:15:49,23064.9
21250,0,0,1121,0,2026-09-28 09:15:49,23064.9
21300,0,0,1998,0,2026-09-28 09:15:49,23064.9
21350,0,0,28157,0,2026-09-28 09:15:49,23064.9
21400,1,0,41677,0,2026-09-28 09:15:49,23064.9
21450,0,0,3499,0,2026-09-28 09:15:49,23064.9
21500,1,0,61445,0,2026-09-28 09:15:49,23064.9
21550,0,0,4571,0,2026-09-28 09:15:49,23064.9
21600,582,0,17257,0,2026-09-28 09:15:49,23064.9
21650,1,0,5293,0,2026-09-28 09:15:49,23064.9
21700,0,0,26462,0,2026-09-28 09:15:49,23064.9
21750,1,0,10522,0,2026-09-28 09:15:49,23064.9
21800,1,0,47389,0,2026-09-28 09:15:49,23064.9
21850,1,0,13126,0,2026-09-28 09:15:49,23064.9
21900,10,0,26853,0,2026-09-28 09:15:49,23064.9
21950,2,0,9877,0,2026-09-28 09:15:49,23064.9
22000,7997,0,201855,0,2026-09-28 09:15:49,23064.9
22050,10,0,7568,0,2026-09-28 09:15:49,23064.9
22100,24,0,32704,0,2026-09-28 09:15:49,23064.9
22150,62,0,8130,0,2026-09-28 09:15:49,23064.9
22200,76,0,64023,0,2026-09-28 09:15:49,23064.9
22250,6,0,16082,0,2026-09-28 09:15:49,23064.9
22300,60,0,58473,0,2026-09-28 09:15:49,23064.9
22350,33,0,19701,0,2026-09-28 09:15:49,23064.9
22400,153,0,63960,0,2026-09-28 09:15:49,23064.9
22450,306,0,29167,0,2026-09-28 09:15:49,23064.9
22500,8491,0,160880,0,2026-09-28 09:15:49,23064.9
22550,287,0,32446,0,2026-09-28 09:15:49,23064.9
22600,895,0,75365,0,2026-09-28 09:15:49,23064.9
22650,723,0,44545,0,2026-09-28 09:15:49,23064.9
22700,1934,0,101127,0,2026-09-28 09:15:49,23064.9
22750,937,0,56029,0,2026-09-28 09:15:49,23064.9
22800,6375,0,138127,0,2026-09-28 09:15:49,23064.9
22850,1577,0,67167,0,2026-09-28 09:15:49,23064.9
22900,6972,0,99807,0,2026-09-28 09:15:49,23064.9
22950,6181,0,50943,0,2026-09-28 09:15:49,23064.9
23000,50441,0,222071,0,2026-09-28 09:15:49,23064.9
23050,36285,0,97505,0,2026-09-28 09:15:49,23064.9
23100,139708,0,168406,0,2026-09-28 09:15:49,23064.9
23150,56087,0,61203,0,2026-09-28 09:15:49,23064.9
23200,144416,0,93900,0,2026-09-28 09:15:49,23064.9
23250,91540,0,52569,0,2026-09-28 09:15:49,23064.9
23300,148817,0,78961,0,2026-09-28 09:15:49,23064.9
23350,78850,0,13649,0,2026-09-28 09:15:49,23064.9
23400,151092,0,55424,0,2026-09-28 09:15:49,23064.9
23450,67620,0,13795,0,2026-09-28 09:15:49,23064.9
23500,217592,0,71269,0,2026-09-28 09:15:49,23064.9
23550,82436,0,4824,0,2026-09-28 09:15:49,23064.9
23600,115603,0,14617,0,2026-09-28 09:15:49,23064.9
23650,61021,0,3544,0,2026-09-28 09:15:49,23064.9
23700,110910,0,10546,0,2026-09-28 09:15:49,23064.9
23750,37163,0,2981,0,2026-09-28 09:15:49,23064.9
23800,109449,0,12654,0,2026-09-28 09:15:49,23064.9
23850,37895,0,1568,0,2026-09-28 09:15:49,23064.9
23900,89727,0,8831,0,2026-09-28 09:15:49,23064.9
23950,29196,0,1809,0,2026-09-28 09:15:49,23064.9
24000,240151,0,48540,0,2026-09-28 09:15:49,23064.9
24050,23239,0,1238,0,2026-09-28 09:15:49,23064.9
24100,86192,0,5951,0,2026-09-28 09:15:49,23064.9
24150,25136,0,1752,0,2026-09-28 09:15:49,23064.9
24200,122282,0,14453,0,2026-09-28 09:15:49,23064.9
24250,26454,0,2193,0,2026-09-28 09:15:49,23064.9
24300,89644,0,31363,0,2026-09-28 09:15:49,23064.9
24350,23946,0,4446,0,2026-09-28 09:15:49,23064.9
24400,56001,0,17874,0,2026-09-28 09:15:49,23064.9
24450,5603,0,1128,0,2026-09-28 09:15:49,23064.9
24500,156478,0,20505,0,2026-09-28 09:15:49,23064.9
24550,18022,0,686,0,2026-09-28 09:15:49,23064.9
24600,51310,0,7622,0,2026-09-28 09:15:49,23064.9
24650,13152,0,520,0,2026-09-28 09:15:49,23064.9
24700,55617,0,2435,0,2026-09-28 09:15:49,23064.9
24750,5356,0,381,0,2026-09-28 09:15:49,23064.9
24800,44540,0,3132,0,2026-09-28 09:15:49,23064.9
24850,2293,0,161,0,2026-09-28 09:15:49,23064.9
24900,21311,0,837,0,2026-09-28 09:15:49,23064.9
24950,2904,0,70,0,2026-09-28 09:15:49,23064.9
25000,130723,0,15386,0,2026-09-28 09:15:49,23064.9
25050,1402,0,51,0,2026-09-28 09:15:49,23064.9
25100,9590,0,1235,0,2026-09-28 09:15:49,23064.9
25150,1228,0,25,0,2026-09-28 09:15:49,23064.9
25200,9675,0,1019,0,2026-09-28 09:15:49,23064.9
25250,905,0,34,0,2026-09-28 09:15:49,23064.9
25300,6864,0,361,0,2026-09-28 09:15:49,23064.9
25350,421,0,16,0,2026-09-28 09:15:49,23064.9
25400,2749,0,304,0,2026-09-28 09:15:49,23064.9
25450,583,0,9,0,2026-09-28 09:15:49,23064.9
25500,39808,0,9216,0,2026-09-28 09:15:49,23064.9
25550,2018,0,6,0,2026-09-28 09:15:49,23064.9
25600,1830,0,443,0,2026-09-28 09:15:49,23064.9
25650,907,0,8,0,2026-09-28 09:15:49,23064.9
25700,4013,0,131,0,2026-09-28 09:15:49,23064.9
25750,312,0,4,0,2026-09-28 09:15:49,23064.9
25800,4975,0,268,0,2026-09-28 09:15:49,23064.9
25850,332,0,13,0,2026-09-28 09:15:49,23064.9
25900,3318,0,37,0,2026-09-28 09:15:49,23064.9
25950,426,0,1,0,2026-09-28 09:15:49,23064.9
26000,45287,0,17808,0,2026-09-28 09:15:49,23064.9
26050,254,0,1,0,2026-09-28 09:15:49,23064.9
26100,469,0,67,0,2026-09-28 09:15:49,23064.9
26150,264,0,1,0,2026-09-28 09:15:49,23064.9
26200,2553,0,522,0,2026-09-28 09:15:49,23064.9
26250,469,0,0,0,2026-09-28 09:15:49,23064.9
26300,1884,0,866,0,2026-09-28 09:15:49,23064.9
26350,400,0,0,0,2026-09-28 09:15:49,23064.9
26400,260,0,41,0,2026-09-28 09:15:49,23064.9
26450,187,0,0,0,2026-09-28 09:15:49,23064.9
26500,8957,0,8550,0,2026-09-28 09:15:49,23064.9
26550,159,0,0,0,2026-09-28 09:15:49,23064.9
26600,626,0,0,0,2026-09-28 09:15:49,23064.9
26650,144,0,0,0,2026-09-28 09:15:49,23064.9
26700,167,0,0,0,2026-09-28 09:15:49,23064.9
26750,208,0,1,0,2026-09-28 09:15:49,23064.9
26800,187,0,21,0,2026-09-28 09:15:49,23064.9
26850,203,0,0,0,2026-09-28 09:15:49,23064.9
26900,215,0,1,0,2026-09-28 09:15:49,23064.9
26950,224,0,0,0,2026-09-28 09:15:49,23064.9
27000,23546,0,16580,0,2026-09-28 09:15:49,23064.9
27050,361,0,0,0,2026-09-28 09:15:49,23064.9
27100,748,0,0,0,2026-09-28 09:15:49,23064.9
27150,1210,0,0,0,2026-09-28 09:15:49,23064.9
27200,3983,0,0,0,2026-09-28 09:15:49,23064.9
28500,5819,0,3429,0,2026-09-28 09:15:49,23064.9
30000,4111,0,1405,0,2026-09-28 09:15:49,23064.9
31500,263,0,0,0,2026-09-28 09:15:49,23064.9
33000,1132,0,0,0,2026-09-28 09:15:49,23064.9
34500,227,0,0,0,2026-09-28 09:15:49,23064.9
