strike,ce_oi,ce_coi_day,pe_oi,pe_coi_day,timestamp,spot_price
21350,0,0,71738,-25680,2026-09-22 00:47:56,23414.3
21400,0,0,44652,-12333,2026-09-22 00:47:56,23414.3
21450,0,0,10825,1196,2026-09-22 00:47:56,23414.3
21500,0,0,49411,-21658,2026-09-22 00:47:56,23414.3
21550,0,0,5193,1399,2026-09-22 00:47:56,23414.3
21600,0,0,6820,-835,2026-09-22 00:47:56,23414.3
21650,0,0,9718,-4694,2026-09-22 00:47:56,23414.3
21700,24,0,26734,-17473,2026-09-22 00:47:56,23414.3
21750,0,0,5467,-411,2026-09-22 00:47:56,23414.3
21800,1,0,34162,-13356,2026-09-22 00:47:56,23414.3
21850,0,0,7350,601,2026-09-22 00:47:56,23414.3
21900,0,0,23587,-5974,2026-09-22 00:47:56,23414.3
21950,0,0,8004,98,2026-09-22 00:47:56,23414.3
22000,298,-48,152809,-12445,2026-09-22 00:47:56,23414.3
22050,5,0,5979,-5066,2026-09-22 00:47:56,23414.3
22100,18,0,29981,-6454,2026-09-22 00:47:56,23414.3
22150,4,0,14601,-3078,2026-09-22 00:47:56,23414.3
22200,40,-1,68722,-8308,2026-09-22 00:47:56,23414.3
22250,8,0,19892,4128,2026-09-22 00:47:56,23414.3
22300,114,-15,66407,-12789,2026-09-22 00:47:56,23414.3
22350,11,0,28233,2921,2026-09-22 00:47:56,23414.3
22400,38,0,76074,10806,2026-09-22 00:47:56,23414.3
22450,7,0,42632,12636,2026-09-22 00:47:56,23414.3
22500,899,-394,191934,53126,2026-09-22 00:47:56,23414.3
22550,42,0,30314,2501,2026-09-22 00:47:56,23414.3
22600,575,-52,88578,7879,2026-09-22 00:47:56,23414.3
22650,262,1,34743,7892,2026-09-22 00:47:56,23414.3
22700,820,12,112418,15388,2026-09-22 00:47:56,23414.3
22750,506,-23,41224,-21923,2026-09-22 00:47:56,23414.3
22800,1278,-557,137166,26270,2026-09-22 00:47:56,23414.3
22850,741,-73,40773,-7998,2026-09-22 00:47:56,23414.3
22900,1928,-173,133484,56979,2026-09-22 00:47:56,23414.3
22950,1314,-32,67465,10659,2026-09-22 00:47:56,23414.3
23000,6470,-3096,189739,20598,2026-09-22 00:47:56,23414.3
23050,2291,-79,73191,29028,2026-09-22 00:47:56,23414.3
23100,7428,-1717,144841,45920,2026-09-22 00:47:56,23414.3
23150,3858,-1521,95207,35155,2026-09-22 00:47:56,23414.3
23200,31633,-9375,172908,25187,2026-09-22 00:47:56,23414.3
23250,19263,-8610,121877,22020,2026-09-22 00:47:56,23414.3
23300,59836,-54313,243496,48318,2026-09-22 00:47:56,23414.3
23350,39503,-36737,155256,76132,2026-09-22 00:47:56,23414.3
23400,132358,-2538,247382,173731,2026-09-22 00:47:56,23414.3
23450,98924,39541,97810,87093,2026-09-22 00:47:56,23414.3
23500,178853,36912,77732,40728,2026-09-22 00:47:56,23414.3
23550,95921,39685,13183,9144,2026-09-22 00:47:56,23414.3
23600,164756,43079,18565,7184,2026-09-22 00:47:56,23414.3
23650,119469,57289,3682,658,2026-09-22 00:47:56,23414.3
23700,145155,-933,8964,706,2026-09-22 00:47:56,23414.3
23750,80044,13833,1318,-246,2026-09-22 00:47:56,23414.3
23800,126555,180,5378,-1680,2026-09-22 00:47:56,23414.3
23850,55095,9300,1022,-96,2026-09-22 00:47:56,23414.3
23900,98069,8157,3535,-3186,2026-09-22 00:47:56,23414.3
23950,22057,-14376,1014,-140,2026-09-22 00:47:56,23414.3
24000,140005,-37819,11350,-2827,2026-09-22 00:47:56,23414.3
24050,29826,2111,333,-37,2026-09-22 00:47:56,23414.3
24100,66847,-12596,1545,-579,2026-09-22 00:47:56,23414.3
24150,19767,-17667,304,-67,2026-09-22 00:47:56,23414.3
24200,101906,4081,1412,-1154,2026-09-22 00:47:56,23414.3
24250,26254,6244,334,-45,2026-09-22 00:47:56,23414.3
24300,52584,-10416,758,-692,2026-09-22 00:47:56,23414.3
24350,17020,-1443,159,-66,2026-09-22 00:47:56,23414.3
24400,37119,-6935,806,-936,2026-09-22 00:47:56,23414.3
24450,9291,-436,127,-63,2026-09-22 00:47:56,23414.3
24500,109713,-44907,1786,-2444,2026-09-22 00:47:56,23414.3
24550,13597,-404,161,-206,2026-09-22 00:47:56,23414.3
24600,23581,-12111,405,-305,2026-09-22 00:47:56,23414.3
24650,3362,-3037,29,-49,2026-09-22 00:47:56,23414.3
24700,13752,-21246,66,-23,2026-09-22 00:47:56,23414.3
24750,2384,-537,0,0,2026-09-22 00:47:56,23414.3
24800,33389,-8909,100,-255,2026-09-22 00:47:56,23414.3
24850,4300,-3603,0,0,2026-09-22 00:47:56,23414.3
24900,7300,-9929,143,-3,2026-09-22 00:47:56,23414.3
24950,2070,-1002,0,0,2026-09-22 00:47:56,23414.3
25000,36357,-32030,535,-477,2026-09-22 00:47:56,23414.3
25050,1445,-1278,1,0,2026-09-22 00:47:56,23414.3
25100,4523,-8963,12,-4,2026-09-22 00:47:56,23414.3
25150,2111,-832,5,0,2026-09-22 00:47:56,23414.3
25200,3925,-1482,35,-25,2026-09-22 00:47:56,23414.3
25250,1673,-812,8,0,2026-09-22 00:47:56,23414.3
25300,2553,-152,8,-1,2026-09-22 00:47:56,23414.3
25350,445,153,0,0,2026-09-22 00:47:56,23414.3
25400,1705,-864,27,-4,2026-09-22 00:47:56,23414.3
25450,333,0,8,0,2026-09-22 00:47:56,23414.3
25500,8620,-5417,372,-498,2026-09-22 00:47:56,23414.3
25550,428,28,2,1,2026-09-22 00:47:56,23414.3
25600,1303,-608,3,0,2026-09-22 00:47:56,23414.3
25650,414,-11,8,0,2026-09-22 00:47:56,23414.3
25700,2049,-606,0,0,2026-09-22 00:47:56,23414.3
25750,619,-126,0,0,2026-09-22 00:47:56,23414.3
25800,9418,-3893,5,-2,2026-09-22 00:47:56,23414.3
25850,607,43,0,0,2026-09-22 00:47:56,23414.3
25900,1566,-560,0,0,2026-09-22 00:47:56,23414.3
25950,615,194,0,0,2026-09-22 00:47:56,23414.3
26000,11030,-11253,451,-606,2026-09-22 00:47:56,23414.3
26050,1220,-132,0,0,2026-09-22 00:47:56,23414.3
26100,7313,-1921,0,0,2026-09-22 00:47:56,23414.3
21350,0,0,71738,-25680,2026-09-22 00:48:01,23414.3
21400,0,0,44652,-12333,2026-09-22 00:48:01,23414.3
21450,0,0,10825,1196,2026-09-22 00:48:01,23414.3
21500,0,0,49411,-21658,2026-09-22 00:48:01,23414.3
21550,0,0,5193,1399,2026-09-22 00:48:01,23414.3
21600,0,0,6820,-835,2026-09-22 00:48:01,23414.3
21650,0,0,9718,-4694,2026-09-22 00:48:01,23414.3
21700,24,0,26734,-17473,2026-09-22 00:48:01,23414.3
21750,0,0,5467,-411,2026-09-22 00:48:01,23414.3
21800,1,0,34162,-13356,2026-09-22 00:48:01,23414.3
21850,0,0,7350,601,2026-09-22 00:48:01,23414.3
21900,0,0,23587,-5974,2026-09-22 00:48:01,23414.3
21950,0,0,8004,98,2026-09-22 00:48:01,23414.3
22000,298,-48,152809,-12445,2026-09-22 00:48:01,23414.3
22050,5,0,5979,-5066,2026-09-22 00:48:01,23414.3
22100,18,0,29981,-6454,2026-09-22 00:48:01,23414.3
22150,4,0,14601,-3078,2026-09-22 00:48:01,23414.3
22200,40,-1,68722,-8308,2026-09-22 00:48:01,23414.3
22250,8,0,19892,4128,2026-09-22 00:48:01,23414.3
22300,114,-15,66407,-12789,2026-09-22 00:48:01,23414.3
22350,11,0,28233,2921,2026-09-22 00:48:01,23414.3
22400,38,0,76074,10806,2026-09-22 00:48:01,23414.3
22450,7,0,42632,12636,2026-09-22 00:48:01,23414.3
22500,899,-394,191934,53126,2026-09-22 00:48:01,23414.3
22550,42,0,30314,2501,2026-09-22 00:48:01,23414.3
22600,575,-52,88578,7879,2026-09-22 00:48:01,23414.3
22650,262,1,34743,7892,2026-09-22 00:48:01,23414.3
22700,820,12,112418,15388,2026-09-22 00:48:01,23414.3
22750,506,-23,41224,-21923,2026-09-22 00:48:01,23414.3
22800,1278,-557,137166,26270,2026-09-22 00:48:01,23414.3
22850,741,-73,40773,-7998,2026-09-22 00:48:01,23414.3
22900,1928,-173,133484,56979,2026-09-22 00:48:01,23414.3
22950,1314,-32,67465,10659,2026-09-22 00:48:01,23414.3
23000,6470,-3096,189739,20598,2026-09-22 00:48:01,23414.3
23050,2291,-79,73191,29028,2026-09-22 00:48:01,23414.3
23100,7428,-1717,144841,45920,2026-09-22 00:48:01,23414.3
23150,3858,-1521,95207,35155,2026-09-22 00:48:01,23414.3
23200,31633,-9375,172908,25187,2026-09-22 00:48:01,23414.3
23250,19263,-8610,121877,22020,2026-09-22 00:48:01,23414.3
23300,59836,-54313,243496,48318,2026-09-22 00:48:01,23414.3
23350,39503,-36737,155256,76132,2026-09-22 00:48:01,23414.3
23400,132358,-2538,247382,173731,2026-09-22 00:48:01,23414.3
23450,98924,39541,97810,87093,2026-09-22 00:48:01,23414.3
23500,178853,36912,77732,40728,2026-09-22 00:48:01,23414.3
23550,95921,39685,13183,9144,2026-09-22 00:48:01,23414.3
23600,164756,43079,18565,7184,2026-09-22 00:48:01,23414.3
23650,119469,57289,3682,658,2026-09-22 00:48:01,23414.3
23700,145155,-933,8964,706,2026-09-22 00:48:01,23414.3
23750,80044,13833,1318,-246,2026-09-22 00:48:01,23414.3
23800,126555,180,5378,-1680,2026-09-22 00:48:01,23414.3
23850,55095,9300,1022,-96,2026-09-22 00:48:01,23414.3
23900,98069,8157,3535,-3186,2026-09-22 00:48:01,23414.3
23950,22057,-14376,1014,-140,2026-09-22 00:48:01,23414.3
24000,140005,-37819,11350,-2827,2026-09-22 00:48:01,23414.3
24050,29826,2111,333,-37,2026-09-22 00:48:01,23414.3
24100,66847,-12596,1545,-579,2026-09-22 00:48:01,23414.3
24150,19767,-17667,304,-67,2026-09-22 00:48:01,23414.3
24200,101906,4081,1412,-1154,2026-09-22 00:48:01,23414.3
24250,26254,6244,334,-45,2026-09-22 00:48:01,23414.3
24300,52584,-10416,758,-692,2026-09-22 00:48:01,23414.3
24350,17020,-1443,159,-66,2026-09-22 00:48:01,23414.3
24400,37119,-6935,806,-936,2026-09-22 00:48:01,23414.3
24450,9291,-436,127,-63,2026-09-22 00:48:01,23414.3
24500,109713,-44907,1786,-2444,2026-09-22 00:48:01,23414.3
24550,13597,-404,161,-206,2026-09-22 00:48:01,23414.3
24600,23581,-12111,405,-305,2026-09-22 00:48:01,23414.3
24650,3362,-3037,29,-49,2026-09-22 00:48:01,23414.3
24700,13752,-21246,66,-23,2026-09-22 00:48:01,23414.3
24750,2384,-537,0,0,2026-09-22 00:48:01,23414.3
24800,33389,-8909,100,-255,2026-09-22 00:48:01,23414.3
24850,4300,-3603,0,0,2026-09-22 00:48:01,23414.3
24900,7300,-9929,143,-3,2026-09-22 00:48:01,23414.3
24950,2070,-1002,0,0,2026-09-22 00:48:01,23414.3
25000,36357,-32030,535,-477,2026-09-22 00:48:01,23414.3
25050,1445,-1278,1,0,2026-09-22 00:48:01,23414.3
25100,4523,-8963,12,-4,2026-09-22 00:48:01,23414.3
25150,2111,-832,5,0,2026-09-22 00:48:01,23414.3
25200,3925,-1482,35,-25,2026-09-22 00:48:01,23414.3
25250,1673,-812,8,0,2026-09-22 00:48:01,23414.3
25300,2553,-152,8,-1,2026-09-22 00:48:01,23414.3
25350,445,153,0,0,2026-09-22 00:48:01,23414.3
25400,1705,-864,27,-4,2026-09-22 00:48:01,23414.3
25450,333,0,8,0,2026-09-22 00:48:01,23414.3
25500,8620,-5417,372,-498,2026-09-22 00:48:01,23414.3
25550,428,28,2,1,2026-09-22 00:48:01,23414.3
25600,1303,-608,3,0,2026-09-22 00:48:01,23414.3
25650,414,-11,8,0,2026-09-22 00:48:01,23414.3
25700,2049,-606,0,0,2026-09-22 00:48:01,23414.3
25750,619,-126,0,0,2026-09-22 00:48:01,23414.3
25800,9418,-3893,5,-2,2026-09-22 00:48:01,23414.3
25850,607,43,0,0,2026-09-22 00:48:01,23414.3
25900,1566,-560,0,0,2026-09-22 00:48:01,23414.3
25950,615,194,0,0,2026-09-22 00:48:01,23414.3
26000,11030,-11253,451,-606,2026-09-22 00:48:01,23414.3
26050,1220,-132,0,0,2026-09-22 00:48:01,23414.3
26100,7313,-1921,0,0,2026-09-22 00:48:01,23414.3
21350,0,0,71738,-25680,2026-09-22 00:48:20,23414.3
21400,0,0,44652,-12333,2026-09-22 00:48:20,23414.3
21450,0,0,10825,1196,2026-09-22 00:48:20,23414.3
21500,0,0,49411,-21658,2026-09-22 00:48:20,23414.3
21550,0,0,5193,1399,2026-09-22 00:48:20,23414.3
21600,0,0,6820,-835,2026-09-22 00:48:20,23414.3
21650,0,0,9718,-4694,2026-09-22 00:48:20,23414.3
21700,24,0,26734,-17473,2026-09-22 00:48:20,23414.3
21750,0,0,5467,-411,2026-09-22 00:48:20,23414.3
21800,1,0,34162,-13356,2026-09-22 00:48:20,23414.3
21850,0,0,7350,601,2026-09-22 00:48:20,23414.3
21900,0,0,23587,-5974,2026-09-22 00:48:20,23414.3
21950,0,0,8004,98,2026-09-22 00:48:20,23414.3
22000,298,-48,152809,-12445,2026-09-22 00:48:20,23414.3
22050,5,0,5979,-5066,2026-09-22 00:48:20,23414.3
22100,18,0,29981,-6454,2026-09-22 00:48:20,23414.3
22150,4,0,14601,-3078,2026-09-22 00:48:20,23414.3
22200,40,-1,68722,-8308,2026-09-22 00:48:20,23414.3
22250,8,0,19892,4128,2026-09-22 00:48:20,23414.3
22300,114,-15,66407,-12789,2026-09-22 00:48:20,23414.3
22350,11,0,28233,2921,2026-09-22 00:48:20,23414.3
22400,38,0,76074,10806,2026-09-22 00:48:20,23414.3
22450,7,0,42632,12636,2026-09-22 00:48:20,23414.3
22500,899,-394,191934,53126,2026-09-22 00:48:20,23414.3
22550,42,0,30314,2501,2026-09-22 00:48:20,23414.3
22600,575,-52,88578,7879,2026-09-22 00:48:20,23414.3
22650,262,1,34743,7892,2026-09-22 00:48:20,23414.3
22700,820,12,112418,15388,2026-09-22 00:48:20,23414.3
22750,506,-23,41224,-21923,2026-09-22 00:48:20,23414.3
22800,1278,-557,137166,26270,2026-09-22 00:48:20,23414.3
22850,741,-73,40773,-7998,2026-09-22 00:48:20,23414.3
22900,1928,-173,133484,56979,2026-09-22 00:48:20,23414.3
22950,1314,-32,67465,10659,2026-09-22 00:48:20,23414.3
23000,6470,-3096,189739,20598,2026-09-22 00:48:20,23414.3
23050,2291,-79,73191,29028,2026-09-22 00:48:20,23414.3
23100,7428,-1717,144841,45920,2026-09-22 00:48:20,23414.3
23150,3858,-1521,95207,35155,2026-09-22 00:48:20,23414.3
23200,31633,-9375,172908,25187,2026-09-22 00:48:20,23414.3
23250,19263,-8610,121877,22020,2026-09-22 00:48:20,23414.3
23300,59836,-54313,243496,48318,2026-09-22 00:48:20,23414.3
23350,39503,-36737,155256,76132,2026-09-22 00:48:20,23414.3
23400,132358,-2538,247382,173731,2026-09-22 00:48:20,23414.3
23450,98924,39541,97810,87093,2026-09-22 00:48:20,23414.3
23500,178853,36912,77732,40728,2026-09-22 00:48:20,23414.3
23550,95921,39685,13183,9144,2026-09-22 00:48:20,23414.3
23600,164756,43079,18565,7184,2026-09-22 00:48:20,23414.3
23650,119469,57289,3682,658,2026-09-22 00:48:20,23414.3
23700,145155,-933,8964,706,2026-09-22 00:48:20,23414.3
23750,80044,13833,1318,-246,2026-09-22 00:48:20,23414.3
23800,126555,180,5378,-1680,2026-09-22 00:48:20,23414.3
23850,55095,9300,1022,-96,2026-09-22 00:48:20,23414.3
23900,98069,8157,3535,-3186,2026-09-22 00:48:20,23414.3
23950,22057,-14376,1014,-140,2026-09-22 00:48:20,23414.3
24000,140005,-37819,11350,-2827,2026-09-22 00:48:20,23414.3
24050,29826,2111,333,-37,2026-09-22 00:48:20,23414.3
24100,66847,-12596,1545,-579,2026-09-22 00:48:20,23414.3
24150,19767,-17667,304,-67,2026-09-22 00:48:20,23414.3
24200,101906,4081,1412,-1154,2026-09-22 00:48:20,23414.3
24250,26254,6244,334,-45,2026-09-22 00:48:20,23414.3
24300,52584,-10416,758,-692,2026-09-22 00:48:20,23414.3
24350,17020,-1443,159,-66,2026-09-22 00:48:20,23414.3
24400,37119,-6935,806,-936,2026-09-22 00:48:20,23414.3
24450,9291,-436,127,-63,2026-09-22 00:48:20,23414.3
24500,109713,-44907,1786,-2444,2026-09-22 00:48:20,23414.3
24550,13597,-404,161,-206,2026-09-22 00:48:20,23414.3
24600,23581,-12111,405,-305,2026-09-22 00:48:20,23414.3
24650,3362,-3037,29,-49,2026-09-22 00:48:20,23414.3
24700,13752,-21246,66,-23,2026-09-22 00:48:20,23414.3
24750,2384,-537,0,0,2026-09-22 00:48:20,23414.3
24800,33389,-8909,100,-255,2026-09-22 00:48:20,23414.3
24850,4300,-3603,0,0,2026-09-22 00:48:20,23414.3
24900,7300,-9929,143,-3,2026-09-22 00:48:20,23414.3
24950,2070,-1002,0,0,2026-09-22 00:48:20,23414.3
25000,36357,-32030,535,-477,2026-09-22 00:48:20,23414.3
25050,1445,-1278,1,0,2026-09-22 00:48:20,23414.3
25100,4523,-8963,12,-4,2026-09-22 00:48:20,23414.3
25150,2111,-832,5,0,2026-09-22 00:48:20,23414.3
25200,3925,-1482,35,-25,2026-09-22 00:48:20,23414.3
25250,1673,-812,8,0,2026-09-22 00:48:20,23414.3
25300,2553,-152,8,-1,2026-09-22 00:48:20,23414.3
25350,445,153,0,0,2026-09-22 00:48:20,23414.3
25400,1705,-864,27,-4,2026-09-22 00:48:20,23414.3
25450,333,0,8,0,2026-09-22 00:48:20,23414.3
25500,8620,-5417,372,-498,2026-09-22 00:48:20,23414.3
25550,428,28,2,1,2026-09-22 00:48:20,23414.3
25600,1303,-608,3,0,2026-09-22 00:48:20,23414.3
25650,414,-11,8,0,2026-09-22 00:48:20,23414.3
25700,2049,-606,0,0,2026-09-22 00:48:20,23414.3
25750,619,-126,0,0,2026-09-22 00:48:20,23414.3
25800,9418,-3893,5,-2,2026-09-22 00:48:20,23414.3
25850,607,43,0,0,2026-09-22 00:48:20,23414.3
25900,1566,-560,0,0,2026-09-22 00:48:20,23414.3
25950,615,194,0,0,2026-09-22 00:48:20,23414.3
26000,11030,-11253,451,-606,2026-09-22 00:48:20,23414.3
26050,1220,-132,0,0,2026-09-22 00:48:20,23414.3
26100,7313,-1921,0,0,2026-09-22 00:48:20,23414.3
21350,0,0,71738,-25680,2026-09-22 00:48:51,23414.3
21400,0,0,44652,-12333,2026-09-22 00:48:51,23414.3
21450,0,0,10825,1196,2026-09-22 00:48:51,23414.3
21500,0,0,49411,-21658,2026-09-22 00:48:51,23414.3
21550,0,0,5193,1399,2026-09-22 00:48:51,23414.3
21600,0,0,6820,-835,2026-09-22 00:48:51,23414.3
21650,0,0,9718,-4694,2026-09-22 00:48:51,23414.3
21700,24,0,26734,-17473,2026-09-22 00:48:51,23414.3
21750,0,0,5467,-411,2026-09-22 00:48:51,23414.3
21800,1,0,34162,-13356,2026-09-22 00:48:51,23414.3
21850,0,0,7350,601,2026-09-22 00:48:51,23414.3
21900,0,0,23587,-5974,2026-09-22 00:48:51,23414.3
21950,0,0,8004,98,2026-09-22 00:48:51,23414.3
22000,298,-48,152809,-12445,2026-09-22 00:48:51,23414.3
22050,5,0,5979,-5066,2026-09-22 00:48:51,23414.3
22100,18,0,29981,-6454,2026-09-22 00:48:51,23414.3
22150,4,0,14601,-3078,2026-09-22 00:48:51,23414.3
22200,40,-1,68722,-8308,2026-09-22 00:48:51,23414.3
22250,8,0,19892,4128,2026-09-22 00:48:51,23414.3
22300,114,-15,66407,-12789,2026-09-22 00:48:51,23414.3
22350,11,0,28233,2921,2026-09-22 00:48:51,23414.3
22400,38,0,76074,10806,2026-09-22 00:48:51,23414.3
22450,7,0,42632,12636,2026-09-22 00:48:51,23414.3
22500,899,-394,191934,53126,2026-09-22 00:48:51,23414.3
22550,42,0,30314,2501,2026-09-22 00:48:51,23414.3
22600,575,-52,88578,7879,2026-09-22 00:48:51,23414.3
22650,262,1,34743,7892,2026-09-22 00:48:51,23414.3
22700,820,12,112418,15388,2026-09-22 00:48:51,23414.3
22750,506,-23,41224,-21923,2026-09-22 00:48:51,23414.3
22800,1278,-557,137166,26270,2026-09-22 00:48:51,23414.3
22850,741,-73,40773,-7998,2026-09-22 00:48:51,23414.3
22900,1928,-173,133484,56979,2026-09-22 00:48:51,23414.3
22950,1314,-32,67465,10659,2026-09-22 00:48:51,23414.3
23000,6470,-3096,189739,20598,2026-09-22 00:48:51,23414.3
23050,2291,-79,73191,29028,2026-09-22 00:48:51,23414.3
23100,7428,-1717,144841,45920,2026-09-22 00:48:51,23414.3
23150,3858,-1521,95207,35155,2026-09-22 00:48:51,23414.3
23200,31633,-9375,172908,25187,2026-09-22 00:48:51,23414.3
23250,19263,-8610,121877,22020,2026-09-22 00:48:51,23414.3
23300,59836,-54313,243496,48318,2026-09-22 00:48:51,23414.3
23350,39503,-36737,155256,76132,2026-09-22 00:48:51,23414.3
23400,132358,-2538,247382,173731,2026-09-22 00:48:51,23414.3
23450,98924,39541,97810,87093,2026-09-22 00:48:51,23414.3
23500,178853,36912,77732,40728,2026-09-22 00:48:51,23414.3
23550,95921,39685,13183,9144,2026-09-22 00:48:51,23414.3
23600,164756,43079,18565,7184,2026-09-22 00:48:51,23414.3
23650,119469,57289,3682,658,2026-09-22 00:48:51,23414.3
23700,145155,-933,8964,706,2026-09-22 00:48:51,23414.3
23750,80044,13833,1318,-246,2026-09-22 00:48:51,23414.3
23800,126555,180,5378,-1680,2026-09-22 00:48:51,23414.3
23850,55095,9300,1022,-96,2026-09-22 00:48:51,23414.3
23900,98069,8157,3535,-3186,2026-09-22 00:48:51,23414.3
23950,22057,-14376,1014,-140,2026-09-22 00:48:51,23414.3
24000,140005,-37819,11350,-2827,2026-09-22 00:48:51,23414.3
24050,29826,2111,333,-37,2026-09-22 00:48:51,23414.3
24100,66847,-12596,1545,-579,2026-09-22 00:48:51,23414.3
24150,19767,-17667,304,-67,2026-09-22 00:48:51,23414.3
24200,101906,4081,1412,-1154,2026-09-22 00:48:51,23414.3
24250,26254,6244,334,-45,2026-09-22 00:48:51,23414.3
24300,52584,-10416,758,-692,2026-09-22 00:48:51,23414.3
24350,17020,-1443,159,-66,2026-09-22 00:48:51,23414.3
24400,37119,-6935,806,-936,2026-09-22 00:48:51,23414.3
24450,9291,-436,127,-63,2026-09-22 00:48:51,23414.3
24500,109713,-44907,1786,-2444,2026-09-22 00:48:51,23414.3
24550,13597,-404,161,-206,2026-09-22 00:48:51,23414.3
24600,23581,-12111,405,-305,2026-09-22 00:48:51,23414.3
24650,3362,-3037,29,-49,2026-09-22 00:48:51,23414.3
24700,13752,-21246,66,-23,2026-09-22 00:48:51,23414.3
24750,2384,-537,0,0,2026-09-22 00:48:51,23414.3
24800,33389,-8909,100,-255,2026-09-22 00:48:51,23414.3
24850,4300,-3603,0,0,2026-09-22 00:48:51,23414.3
24900,7300,-9929,143,-3,2026-09-22 00:48:51,23414.3
24950,2070,-1002,0,0,2026-09-22 00:48:51,23414.3
25000,36357,-32030,535,-477,2026-09-22 00:48:51,23414.3
25050,1445,-1278,1,0,2026-09-22 00:48:51,23414.3
25100,4523,-8963,12,-4,2026-09-22 00:48:51,23414.3
25150,2111,-832,5,0,2026-09-22 00:48:51,23414.3
25200,3925,-1482,35,-25,2026-09-22 00:48:51,23414.3
25250,1673,-812,8,0,2026-09-22 00:48:51,23414.3
25300,2553,-152,8,-1,2026-09-22 00:48:51,23414.3
25350,445,153,0,0,2026-09-22 00:48:51,23414.3
25400,1705,-864,27,-4,2026-09-22 00:48:51,23414.3
25450,333,0,8,0,2026-09-22 00:48:51,23414.3
25500,8620,-5417,372,-498,2026-09-22 00:48:51,23414.3
25550,428,28,2,1,2026-09-22 00:48:51,23414.3
25600,1303,-608,3,0,2026-09-22 00:48:51,23414.3
25650,414,-11,8,0,2026-09-22 00:48:51,23414.3
25700,2049,-606,0,0,2026-09-22 00:48:51,23414.3
25750,619,-126,0,0,2026-09-22 00:48:51,23414.3
25800,9418,-3893,5,-2,2026-09-22 00:48:51,23414.3
25850,607,43,0,0,2026-09-22 00:48:51,23414.3
25900,1566,-560,0,0,2026-09-22 00:48:51,23414.3
25950,615,194,0,0,2026-09-22 00:48:51,23414.3
26000,11030,-11253,451,-606,2026-09-22 00:48:51,23414.3
26050,1220,-132,0,0,2026-09-22 00:48:51,23414.3
26100,7313,-1921,0,0,2026-09-22 00:48:51,23414.3
21350,0,0,71738,-25680,2026-09-22 00:51:02,23414.3
21400,0,0,44652,-12333,2026-09-22 00:51:02,23414.3
21450,0,0,10825,1196,2026-09-22 00:51:02,23414.3
21500,0,0,49411,-21658,2026-09-22 00:51:02,23414.3
21550,0,0,5193,1399,2026-09-22 00:51:02,23414.3
21600,0,0,6820,-835,2026-09-22 00:51:02,23414.3
21650,0,0,9718,-4694,2026-09-22 00:51:02,23414.3
21700,24,0,26734,-17473,2026-09-22 00:51:02,23414.3
21750,0,0,5467,-411,2026-09-22 00:51:02,23414.3
21800,1,0,34162,-13356,2026-09-22 00:51:02,23414.3
21850,0,0,7350,601,2026-09-22 00:51:02,23414.3
21900,0,0,23587,-5974,2026-09-22 00:51:02,23414.3
21950,0,0,8004,98,2026-09-22 00:51:02,23414.3
22000,298,-48,152809,-12445,2026-09-22 00:51:02,23414.3
22050,5,0,5979,-5066,2026-09-22 00:51:02,23414.3
22100,18,0,29981,-6454,2026-09-22 00:51:02,23414.3
22150,4,0,14601,-3078,2026-09-22 00:51:02,23414.3
22200,40,-1,68722,-8308,2026-09-22 00:51:02,23414.3
22250,8,0,19892,4128,2026-09-22 00:51:02,23414.3
22300,114,-15,66407,-12789,2026-09-22 00:51:02,23414.3
22350,11,0,28233,2921,2026-09-22 00:51:02,23414.3
22400,38,0,76074,10806,2026-09-22 00:51:02,23414.3
22450,7,0,42632,12636,2026-09-22 00:51:02,23414.3
22500,899,-394,191934,53126,2026-09-22 00:51:02,23414.3
22550,42,0,30314,2501,2026-09-22 00:51:02,23414.3
22600,575,-52,88578,7879,2026-09-22 00:51:02,23414.3
22650,262,1,34743,7892,2026-09-22 00:51:02,23414.3
22700,820,12,112418,15388,2026-09-22 00:51:02,23414.3
22750,506,-23,41224,-21923,2026-09-22 00:51:02,23414.3
22800,1278,-557,137166,26270,2026-09-22 00:51:02,23414.3
22850,741,-73,40773,-7998,2026-09-22 00:51:02,23414.3
22900,1928,-173,133484,56979,2026-09-22 00:51:02,23414.3
22950,1314,-32,67465,10659,2026-09-22 00:51:02,23414.3
23000,6470,-3096,189739,20598,2026-09-22 00:51:02,23414.3
23050,2291,-79,73191,29028,2026-09-22 00:51:02,23414.3
23100,7428,-1717,144841,45920,2026-09-22 00:51:02,23414.3
23150,3858,-1521,95207,35155,2026-09-22 00:51:02,23414.3
23200,31633,-9375,172908,25187,2026-09-22 00:51:02,23414.3
23250,19263,-8610,121877,22020,2026-09-22 00:51:02,23414.3
23300,59836,-54313,243496,48318,2026-09-22 00:51:02,23414.3
23350,39503,-36737,155256,76132,2026-09-22 00:51:02,23414.3
23400,132358,-2538,247382,173731,2026-09-22 00:51:02,23414.3
23450,98924,39541,97810,87093,2026-09-22 00:51:02,23414.3
23500,178853,36912,77732,40728,2026-09-22 00:51:02,23414.3
23550,95921,39685,13183,9144,2026-09-22 00:51:02,23414.3
23600,164756,43079,18565,7184,2026-09-22 00:51:02,23414.3
23650,119469,57289,3682,658,2026-09-22 00:51:02,23414.3
23700,145155,-933,8964,706,2026-09-22 00:51:02,23414.3
23750,80044,13833,1318,-246,2026-09-22 00:51:02,23414.3
23800,126555,180,5378,-1680,2026-09-22 00:51:02,23414.3
23850,55095,9300,1022,-96,2026-09-22 00:51:02,23414.3
23900,98069,8157,3535,-3186,2026-09-22 00:51:02,23414.3
23950,22057,-14376,1014,-140,2026-09-22 00:51:02,23414.3
24000,140005,-37819,11350,-2827,2026-09-22 00:51:02,23414.3
24050,29826,2111,333,-37,2026-09-22 00:51:02,23414.3
24100,66847,-12596,1545,-579,2026-09-22 00:51:02,23414.3
24150,19767,-17667,304,-67,2026-09-22 00:51:02,23414.3
24200,101906,4081,1412,-1154,2026-09-22 00:51:02,23414.3
24250,26254,6244,334,-45,2026-09-22 00:51:02,23414.3
24300,52584,-10416,758,-692,2026-09-22 00:51:02,23414.3
24350,17020,-1443,159,-66,2026-09-22 00:51:02,23414.3
24400,37119,-6935,806,-936,2026-09-22 00:51:02,23414.3
24450,9291,-436,127,-63,2026-09-22 00:51:02,23414.3
24500,109713,-44907,1786,-2444,2026-09-22 00:51:02,23414.3
24550,13597,-404,161,-206,2026-09-22 00:51:02,23414.3
24600,23581,-12111,405,-305,2026-09-22 00:51:02,23414.3
24650,3362,-3037,29,-49,2026-09-22 00:51:02,23414.3
24700,13752,-21246,66,-23,2026-09-22 00:51:02,23414.3
24750,2384,-537,0,0,2026-09-22 00:51:02,23414.3
24800,33389,-8909,100,-255,2026-09-22 00:51:02,23414.3
24850,4300,-3603,0,0,2026-09-22 00:51:02,23414.3
24900,7300,-9929,143,-3,2026-09-22 00:51:02,23414.3
24950,2070,-1002,0,0,2026-09-22 00:51:02,23414.3
25000,36357,-32030,535,-477,2026-09-22 00:51:02,23414.3
25050,1445,-1278,1,0,2026-09-22 00:51:02,23414.3
25100,4523,-8963,12,-4,2026-09-22 00:51:02,23414.3
25150,2111,-832,5,0,2026-09-22 00:51:02,23414.3
25200,3925,-1482,35,-25,2026-09-22 00:51:02,23414.3
25250,1673,-812,8,0,2026-09-22 00:51:02,23414.3
25300,2553,-152,8,-1,2026-09-22 00:51:02,23414.3
25350,445,153,0,0,2026-09-22 00:51:02,23414.3
25400,1705,-864,27,-4,2026-09-22 00:51:02,23414.3
25450,333,0,8,0,2026-09-22 00:51:02,23414.3
25500,8620,-5417,372,-498,2026-09-22 00:51:02,23414.3
25550,428,28,2,1,2026-09-22 00:51:02,23414.3
25600,1303,-608,3,0,2026-09-22 00:51:02,23414.3
25650,414,-11,8,0,2026-09-22 00:51:02,23414.3
25700,2049,-606,0,0,2026-09-22 00:51:02,23414.3
25750,619,-126,0,0,2026-09-22 00:51:02,23414.3
25800,9418,-3893,5,-2,2026-09-22 00:51:02,23414.3
25850,607,43,0,0,2026-09-22 00:51:02,23414.3
25900,1566,-560,0,0,2026-09-22 00:51:02,23414.3
25950,615,194,0,0,2026-09-22 00:51:02,23414.3
26000,11030,-11253,451,-606,2026-09-22 00:51:02,23414.3
26050,1220,-132,0,0,2026-09-22 00:51:02,23414.3
26100,7313,-1921,0,0,2026-09-22 00:51:02,23414.3
21350,0,0,71738,-25680,2026-09-22 00:51:26,23414.3
21400,0,0,44652,-12333,2026-09-22 00:51:26,23414.3
21450,0,0,10825,1196,2026-09-22 00:51:26,23414.3
21500,0,0,49411,-21658,2026-09-22 00:51:26,23414.3
21550,0,0,5193,1399,2026-09-22 00:51:26,23414.3
21600,0,0,6820,-835,2026-09-22 00:51:26,23414.3
21650,0,0,9718,-4694,2026-09-22 00:51:26,23414.3
21700,24,0,26734,-17473,2026-09-22 00:51:26,23414.3
21750,0,0,5467,-411,2026-09-22 00:51:26,23414.3
21800,1,0,34162,-13356,2026-09-22 00:51:26,23414.3
21850,0,0,7350,601,2026-09-22 00:51:26,23414.3
21900,0,0,23587,-5974,2026-09-22 00:51:26,23414.3
21950,0,0,8004,98,2026-09-22 00:51:26,23414.3
22000,298,-48,152809,-12445,2026-09-22 00:51:26,23414.3
22050,5,0,5979,-5066,2026-09-22 00:51:26,23414.3
22100,18,0,29981,-6454,2026-09-22 00:51:26,23414.3
22150,4,0,14601,-3078,2026-09-22 00:51:26,23414.3
22200,40,-1,68722,-8308,2026-09-22 00:51:26,23414.3
22250,8,0,19892,4128,2026-09-22 00:51:26,23414.3
22300,114,-15,66407,-12789,2026-09-22 00:51:26,23414.3
22350,11,0,28233,2921,2026-09-22 00:51:26,23414.3
22400,38,0,76074,10806,2026-09-22 00:51:26,23414.3
22450,7,0,42632,12636,2026-09-22 00:51:26,23414.3
22500,899,-394,191934,53126,2026-09-22 00:51:26,23414.3
22550,42,0,30314,2501,2026-09-22 00:51:26,23414.3
22600,575,-52,88578,7879,2026-09-22 00:51:26,23414.3
22650,262,1,34743,7892,2026-09-22 00:51:26,23414.3
22700,820,12,112418,15388,2026-09-22 00:51:26,23414.3
22750,506,-23,41224,-21923,2026-09-22 00:51:26,23414.3
22800,1278,-557,137166,26270,2026-09-22 00:51:26,23414.3
22850,741,-73,40773,-7998,2026-09-22 00:51:26,23414.3
22900,1928,-173,133484,56979,2026-09-22 00:51:26,23414.3
22950,1314,-32,67465,10659,2026-09-22 00:51:26,23414.3
23000,6470,-3096,189739,20598,2026-09-22 00:51:26,23414.3
23050,2291,-79,73191,29028,2026-09-22 00:51:26,23414.3
23100,7428,-1717,144841,45920,2026-09-22 00:51:26,23414.3
23150,3858,-1521,95207,35155,2026-09-22 00:51:26,23414.3
23200,31633,-9375,172908,25187,2026-09-22 00:51:26,23414.3
23250,19263,-8610,121877,22020,2026-09-22 00:51:26,23414.3
23300,59836,-54313,243496,48318,2026-09-22 00:51:26,23414.3
23350,39503,-36737,155256,76132,2026-09-22 00:51:26,23414.3
23400,132358,-2538,247382,173731,2026-09-22 00:51:26,23414.3
23450,98924,39541,97810,87093,2026-09-22 00:51:26,23414.3
23500,178853,36912,77732,40728,2026-09-22 00:51:26,23414.3
23550,95921,39685,13183,9144,2026-09-22 00:51:26,23414.3
23600,164756,43079,18565,7184,2026-09-22 00:51:26,23414.3
23650,119469,57289,3682,658,2026-09-22 00:51:26,23414.3
23700,145155,-933,8964,706,2026-09-22 00:51:26,23414.3
23750,80044,13833,1318,-246,2026-09-22 00:51:26,23414.3
23800,126555,180,5378,-1680,2026-09-22 00:51:26,23414.3
23850,55095,9300,1022,-96,2026-09-22 00:51:26,23414.3
23900,98069,8157,3535,-3186,2026-09-22 00:51:26,23414.3
23950,22057,-14376,1014,-140,2026-09-22 00:51:26,23414.3
24000,140005,-37819,11350,-2827,2026-09-22 00:51:26,23414.3
24050,29826,2111,333,-37,2026-09-22 00:51:26,23414.3
24100,66847,-12596,1545,-579,2026-09-22 00:51:26,23414.3
24150,19767,-17667,304,-67,2026-09-22 00:51:26,23414.3
24200,101906,4081,1412,-1154,2026-09-22 00:51:26,23414.3
24250,26254,6244,334,-45,2026-09-22 00:51:26,23414.3
24300,52584,-10416,758,-692,2026-09-22 00:51:26,23414.3
24350,17020,-1443,159,-66,2026-09-22 00:51:26,23414.3
24400,37119,-6935,806,-936,2026-09-22 00:51:26,23414.3
24450,9291,-436,127,-63,2026-09-22 00:51:26,23414.3
24500,109713,-44907,1786,-2444,2026-09-22 00:51:26,23414.3
24550,13597,-404,161,-206,2026-09-22 00:51:26,23414.3
24600,23581,-12111,405,-305,2026-09-22 00:51:26,23414.3
24650,3362,-3037,29,-49,2026-09-22 00:51:26,23414.3
24700,13752,-21246,66,-23,2026-09-22 00:51:26,23414.3
24750,2384,-537,0,0,2026-09-22 00:51:26,23414.3
24800,33389,-8909,100,-255,2026-09-22 00:51:26,23414.3
24850,4300,-3603,0,0,2026-09-22 00:51:26,23414.3
24900,7300,-9929,143,-3,2026-09-22 00:51:26,23414.3
24950,2070,-1002,0,0,2026-09-22 00:51:26,23414.3
25000,36357,-32030,535,-477,2026-09-22 00:51:26,23414.3
25050,1445,-1278,1,0,2026-09-22 00:51:26,23414.3
25100,4523,-8963,12,-4,2026-09-22 00:51:26,23414.3
25150,2111,-832,5,0,2026-09-22 00:51:26,23414.3
25200,3925,-1482,35,-25,2026-09-22 00:51:26,23414.3
25250,1673,-812,8,0,2026-09-22 00:51:26,23414.3
25300,2553,-152,8,-1,2026-09-22 00:51:26,23414.3
25350,445,153,0,0,2026-09-22 00:51:26,23414.3
25400,1705,-864,27,-4,2026-09-22 00:51:26,23414.3
25450,333,0,8,0,2026-09-22 00:51:26,23414.3
25500,8620,-5417,372,-498,2026-09-22 00:51:26,23414.3
25550,428,28,2,1,2026-09-22 00:51:26,23414.3
25600,1303,-608,3,0,2026-09-22 00:51:26,23414.3
25650,414,-11,8,0,2026-09-22 00:51:26,23414.3
25700,2049,-606,0,0,2026-09-22 00:51:26,23414.3
25750,619,-126,0,0,2026-09-22 00:51:26,23414.3
25800,9418,-3893,5,-2,2026-09-22 00:51:26,23414.3
25850,607,43,0,0,2026-09-22 00:51:26,23414.3
25900,1566,-560,0,0,2026-09-22 00:51:26,23414.3
25950,615,194,0,0,2026-09-22 00:51:26,23414.3
26000,11030,-11253,451,-606,2026-09-22 00:51:26,23414.3
26050,1220,-132,0,0,2026-09-22 00:51:26,23414.3
26100,7313,-1921,0,0,2026-09-22 00:51:26,23414.3
21350,0,0,71738,-25680,2026-09-22 00:54:05,23414.3
21400,0,0,44652,-12333,2026-09-22 00:54:05,23414.3
21450,0,0,10825,1196,2026-09-22 00:54:05,23414.3
21500,0,0,49411,-21658,2026-09-22 00:54:05,23414.3
21550,0,0,5193,1399,2026-09-22 00:54:05,23414.3
21600,0,0,6820,-835,2026-09-22 00:54:05,23414.3
21650,0,0,9718,-4694,2026-09-22 00:54:05,23414.3
21700,24,0,26734,-17473,2026-09-22 00:54:05,23414.3
21750,0,0,5467,-411,2026-09-22 00:54:05,23414.3
21800,1,0,34162,-13356,2026-09-22 00:54:05,23414.3
21850,0,0,7350,601,2026-09-22 00:54:05,23414.3
21900,0,0,23587,-5974,2026-09-22 00:54:05,23414.3
21950,0,0,8004,98,2026-09-22 00:54:05,23414.3
22000,298,-48,152809,-12445,2026-09-22 00:54:05,23414.3
22050,5,0,5979,-5066,2026-09-22 00:54:05,23414.3
22100,18,0,29981,-6454,2026-09-22 00:54:05,23414.3
22150,4,0,14601,-3078,2026-09-22 00:54:05,23414.3
22200,40,-1,68722,-8308,2026-09-22 00:54:05,23414.3
22250,8,0,19892,4128,2026-09-22 00:54:05,23414.3
22300,114,-15,66407,-12789,2026-09-22 00:54:05,23414.3
22350,11,0,28233,2921,2026-09-22 00:54:05,23414.3
22400,38,0,76074,10806,2026-09-22 00:54:05,23414.3
22450,7,0,42632,12636,2026-09-22 00:54:05,23414.3
22500,899,-394,191934,53126,2026-09-22 00:54:05,23414.3
22550,42,0,30314,2501,2026-09-22 00:54:05,23414.3
22600,575,-52,88578,7879,2026-09-22 00:54:05,23414.3
22650,262,1,34743,7892,2026-09-22 00:54:05,23414.3
22700,820,12,112418,15388,2026-09-22 00:54:05,23414.3
22750,506,-23,41224,-21923,2026-09-22 00:54:05,23414.3
22800,1278,-557,137166,26270,2026-09-22 00:54:05,23414.3
22850,741,-73,40773,-7998,2026-09-22 00:54:05,23414.3
22900,1928,-173,133484,56979,2026-09-22 00:54:05,23414.3
22950,1314,-32,67465,10659,2026-09-22 00:54:05,23414.3
23000,6470,-3096,189739,20598,2026-09-22 00:54:05,23414.3
23050,2291,-79,73191,29028,2026-09-22 00:54:05,23414.3
23100,7428,-1717,144841,45920,2026-09-22 00:54:05,23414.3
23150,3858,-1521,95207,35155,2026-09-22 00:54:05,23414.3
23200,31633,-9375,172908,25187,2026-09-22 00:54:05,23414.3
23250,19263,-8610,121877,22020,2026-09-22 00:54:05,23414.3
23300,59836,-54313,243496,48318,2026-09-22 00:54:05,23414.3
23350,39503,-36737,155256,76132,2026-09-22 00:54:05,23414.3
23400,132358,-2538,247382,173731,2026-09-22 00:54:05,23414.3
23450,98924,39541,97810,87093,2026-09-22 00:54:05,23414.3
23500,178853,36912,77732,40728,2026-09-22 00:54:05,23414.3
23550,95921,39685,13183,9144,2026-09-22 00:54:05,23414.3
23600,164756,43079,18565,7184,2026-09-22 00:54:05,23414.3
23650,119469,57289,3682,658,2026-09-22 00:54:05,23414.3
23700,145155,-933,8964,706,2026-09-22 00:54:05,23414.3
23750,80044,13833,1318,-246,2026-09-22 00:54:05,23414.3
23800,126555,180,5378,-1680,2026-09-22 00:54:05,23414.3
23850,55095,9300,1022,-96,2026-09-22 00:54:05,23414.3
23900,98069,8157,3535,-3186,2026-09-22 00:54:05,23414.3
23950,22057,-14376,1014,-140,2026-09-22 00:54:05,23414.3
24000,140005,-37819,11350,-2827,2026-09-22 00:54:05,23414.3
24050,29826,2111,333,-37,2026-09-22 00:54:05,23414.3
24100,66847,-12596,1545,-579,2026-09-22 00:54:05,23414.3
24150,19767,-17667,304,-67,2026-09-22 00:54:05,23414.3
24200,101906,4081,1412,-1154,2026-09-22 00:54:05,23414.3
24250,26254,6244,334,-45,2026-09-22 00:54:05,23414.3
24300,52584,-10416,758,-692,2026-09-22 00:54:05,23414.3
24350,17020,-1443,159,-66,2026-09-22 00:54:05,23414.3
24400,37119,-6935,806,-936,2026-09-22 00:54:05,23414.3
24450,9291,-436,127,-63,2026-09-22 00:54:05,23414.3
24500,109713,-44907,1786,-2444,2026-09-22 00:54:05,23414.3
24550,13597,-404,161,-206,2026-09-22 00:54:05,23414.3
24600,23581,-12111,405,-305,2026-09-22 00:54:05,23414.3
24650,3362,-3037,29,-49,2026-09-22 00:54:05,23414.3
24700,13752,-21246,66,-23,2026-09-22 00:54:05,23414.3
24750,2384,-537,0,0,2026-09-22 00:54:05,23414.3
24800,33389,-8909,100,-255,2026-09-22 00:54:05,23414.3
24850,4300,-3603,0,0,2026-09-22 00:54:05,23414.3
24900,7300,-9929,143,-3,2026-09-22 00:54:05,23414.3
24950,2070,-1002,0,0,2026-09-22 00:54:05,23414.3
25000,36357,-32030,535,-477,2026-09-22 00:54:05,23414.3
25050,1445,-1278,1,0,2026-09-22 00:54:05,23414.3
25100,4523,-8963,12,-4,2026-09-22 00:54:05,23414.3
25150,2111,-832,5,0,2026-09-22 00:54:05,23414.3
25200,3925,-1482,35,-25,2026-09-22 00:54:05,23414.3
25250,1673,-812,8,0,2026-09-22 00:54:05,23414.3
25300,2553,-152,8,-1,2026-09-22 00:54:05,23414.3
25350,445,153,0,0,2026-09-22 00:54:05,23414.3
25400,1705,-864,27,-4,2026-09-22 00:54:05,23414.3
25450,333,0,8,0,2026-09-22 00:54:05,23414.3
25500,8620,-5417,372,-498,2026-09-22 00:54:05,23414.3
25550,428,28,2,1,2026-09-22 00:54:05,23414.3
25600,1303,-608,3,0,2026-09-22 00:54:05,23414.3
25650,414,-11,8,0,2026-09-22 00:54:05,23414.3
25700,2049,-606,0,0,2026-09-22 00:54:05,23414.3
25750,619,-126,0,0,2026-09-22 00:54:05,23414.3
25800,9418,-3893,5,-2,2026-09-22 00:54:05,23414.3
25850,607,43,0,0,2026-09-22 00:54:05,23414.3
25900,1566,-560,0,0,2026-09-22 00:54:05,23414.3
25950,615,194,0,0,2026-09-22 00:54:05,23414.3
26000,11030,-11253,451,-606,2026-09-22 00:54:05,23414.3
26050,1220,-132,0,0,2026-09-22 00:54:05,23414.3
26100,7313,-1921,0,0,2026-09-22 00:54:05,23414.3
21350,0,0,71738,-25680,2026-09-22 05:16:17,23414.3
21400,0,0,44652,-12333,2026-09-22 05:16:17,23414.3
21450,0,0,10825,1196,2026-09-22 05:16:17,23414.3
21500,0,0,49411,-21658,2026-09-22 05:16:17,23414.3
21550,0,0,5193,1399,2026-09-22 05:16:17,23414.3
21600,0,0,6820,-835,2026-09-22 05:16:17,23414.3
21650,0,0,9718,-4694,2026-09-22 05:16:17,23414.3
21700,24,0,26734,-17473,2026-09-22 05:16:17,23414.3
21750,0,0,5467,-411,2026-09-22 05:16:17,23414.3
21800,1,0,34162,-13356,2026-09-22 05:16:17,23414.3
21850,0,0,7350,601,2026-09-22 05:16:17,23414.3
21900,0,0,23587,-5974,2026-09-22 05:16:17,23414.3
21950,0,0,8004,98,2026-09-22 05:16:17,23414.3
22000,298,-48,152809,-12445,2026-09-22 05:16:17,23414.3
22050,5,0,5979,-5066,2026-09-22 05:16:17,23414.3
22100,18,0,29981,-6454,2026-09-22 05:16:17,23414.3
22150,4,0,14601,-3078,2026-09-22 05:16:17,23414.3
22200,40,-1,68722,-8308,2026-09-22 05:16:17,23414.3
22250,8,0,19892,4128,2026-09-22 05:16:17,23414.3
22300,114,-15,66407,-12789,2026-09-22 05:16:17,23414.3
22350,11,0,28233,2921,2026-09-22 05:16:17,23414.3
22400,38,0,76074,10806,2026-09-22 05:16:17,23414.3
22450,7,0,42632,12636,2026-09-22 05:16:17,23414.3
22500,899,-394,191934,53126,2026-09-22 05:16:17,23414.3
22550,42,0,30314,2501,2026-09-22 05:16:17,23414.3
22600,575,-52,88578,7879,2026-09-22 05:16:17,23414.3
22650,262,1,34743,7892,2026-09-22 05:16:17,23414.3
22700,820,12,112418,15388,2026-09-22 05:16:17,23414.3
22750,506,-23,41224,-21923,2026-09-22 05:16:17,23414.3
22800,1278,-557,137166,26270,2026-09-22 05:16:17,23414.3
22850,741,-73,40773,-7998,2026-09-22 05:16:17,23414.3
22900,1928,-173,133484,56979,2026-09-22 05:16:17,23414.3
22950,1314,-32,67465,10659,2026-09-22 05:16:17,23414.3
23000,6470,-3096,189739,20598,2026-09-22 05:16:17,23414.3
23050,2291,-79,73191,29028,2026-09-22 05:16:17,23414.3
23100,7428,-1717,144841,45920,2026-09-22 05:16:17,23414.3
23150,3858,-1521,95207,35155,2026-09-22 05:16:17,23414.3
23200,31633,-9375,172908,25187,2026-09-22 05:16:17,23414.3
23250,19263,-8610,121877,22020,2026-09-22 05:16:17,23414.3
23300,59836,-54313,243496,48318,2026-09-22 05:16:17,23414.3
23350,39503,-36737,155256,76132,2026-09-22 05:16:17,23414.3
23400,132358,-2538,247382,173731,2026-09-22 05:16:17,23414.3
23450,98924,39541,97810,87093,2026-09-22 05:16:17,23414.3
23500,178853,36912,77732,40728,2026-09-22 05:16:17,23414.3
23550,95921,39685,13183,9144,2026-09-22 05:16:17,23414.3
23600,164756,43079,18565,7184,2026-09-22 05:16:17,23414.3
23650,119469,57289,3682,658,2026-09-22 05:16:17,23414.3
23700,145155,-933,8964,706,2026-09-22 05:16:17,23414.3
23750,80044,13833,1318,-246,2026-09-22 05:16:17,23414.3
23800,126555,180,5378,-1680,2026-09-22 05:16:17,23414.3
23850,55095,9300,1022,-96,2026-09-22 05:16:17,23414.3
23900,98069,8157,3535,-3186,2026-09-22 05:16:17,23414.3
23950,22057,-14376,1014,-140,2026-09-22 05:16:17,23414.3
24000,140005,-37819,11350,-2827,2026-09-22 05:16:17,23414.3
24050,29826,2111,333,-37,2026-09-22 05:16:17,23414.3
24100,66847,-12596,1545,-579,2026-09-22 05:16:17,23414.3
24150,19767,-17667,304,-67,2026-09-22 05:16:17,23414.3
24200,101906,4081,1412,-1154,2026-09-22 05:16:17,23414.3
24250,26254,6244,334,-45,2026-09-22 05:16:17,23414.3
24300,52584,-10416,758,-692,2026-09-22 05:16:17,23414.3
24350,17020,-1443,159,-66,2026-09-22 05:16:17,23414.3
24400,37119,-6935,806,-936,2026-09-22 05:16:17,23414.3
24450,9291,-436,127,-63,2026-09-22 05:16:17,23414.3
24500,109713,-44907,1786,-2444,2026-09-22 05:16:17,23414.3
24550,13597,-404,161,-206,2026-09-22 05:16:17,23414.3
24600,23581,-12111,405,-305,2026-09-22 05:16:17,23414.3
24650,3362,-3037,29,-49,2026-09-22 05:16:17,23414.3
24700,13752,-21246,66,-23,2026-09-22 05:16:17,23414.3
24750,2384,-537,0,0,2026-09-22 05:16:17,23414.3
24800,33389,-8909,100,-255,2026-09-22 05:16:17,23414.3
24850,4300,-3603,0,0,2026-09-22 05:16:17,23414.3
24900,7300,-9929,143,-3,2026-09-22 05:16:17,23414.3
24950,2070,-1002,0,0,2026-09-22 05:16:17,23414.3
25000,36357,-32030,535,-477,2026-09-22 05:16:17,23414.3
25050,1445,-1278,1,0,2026-09-22 05:16:17,23414.3
25100,4523,-8963,12,-4,2026-09-22 05:16:17,23414.3
25150,2111,-832,5,0,2026-09-22 05:16:17,23414.3
25200,3925,-1482,35,-25,2026-09-22 05:16:17,23414.3
25250,1673,-812,8,0,2026-09-22 05:16:17,23414.3
25300,2553,-152,8,-1,2026-09-22 05:16:17,23414.3
25350,445,153,0,0,2026-09-22 05:16:17,23414.3
25400,1705,-864,27,-4,2026-09-22 05:16:17,23414.3
25450,333,0,8,0,2026-09-22 05:16:17,23414.3
25500,8620,-5417,372,-498,2026-09-22 05:16:17,23414.3
25550,428,28,2,1,2026-09-22 05:16:17,23414.3
25600,1303,-608,3,0,2026-09-22 05:16:17,23414.3
25650,414,-11,8,0,2026-09-22 05:16:17,23414.3
25700,2049,-606,0,0,2026-09-22 05:16:17,23414.3
25750,619,-126,0,0,2026-09-22 05:16:17,23414.3
25800,9418,-3893,5,-2,2026-09-22 05:16:17,23414.3
25850,607,43,0,0,2026-09-22 05:16:17,23414.3
25900,1566,-560,0,0,2026-09-22 05:16:17,23414.3
25950,615,194,0,0,2026-09-22 05:16:17,23414.3
26000,11030,-11253,451,-606,2026-09-22 05:16:17,23414.3
26050,1220,-132,0,0,2026-09-22 05:16:17,23414.3
26100,7313,-1921,0,0,2026-09-22 05:16:17,23414.3
21350,0,0,71738,-25680,2026-09-22 05:17:03,23414.3
21400,0,0,44652,-12333,2026-09-22 05:17:03,23414.3
21450,0,0,10825,1196,2026-09-22 05:17:03,23414.3
21500,0,0,49411,-21658,2026-09-22 05:17:03,23414.3
21550,0,0,5193,1399,2026-09-22 05:17:03,23414.3
21600,0,0,6820,-835,2026-09-22 05:17:03,23414.3
21650,0,0,9718,-4694,2026-09-22 05:17:03,23414.3
21700,24,0,26734,-17473,2026-09-22 05:17:03,23414.3
21750,0,0,5467,-411,2026-09-22 05:17:03,23414.3
21800,1,0,34162,-13356,2026-09-22 05:17:03,23414.3
21850,0,0,7350,601,2026-09-22 05:17:03,23414.3
21900,0,0,23587,-5974,2026-09-22 05:17:03,23414.3
21950,0,0,8004,98,2026-09-22 05:17:03,23414.3
22000,298,-48,152809,-12445,2026-09-22 05:17:03,23414.3
22050,5,0,5979,-5066,2026-09-22 05:17:03,23414.3
22100,18,0,29981,-6454,2026-09-22 05:17:03,23414.3
22150,4,0,14601,-3078,2026-09-22 05:17:03,23414.3
22200,40,-1,68722,-8308,2026-09-22 05:17:03,23414.3
22250,8,0,19892,4128,2026-09-22 05:17:03,23414.3
22300,114,-15,66407,-12789,2026-09-22 05:17:03,23414.3
22350,11,0,28233,2921,2026-09-22 05:17:03,23414.3
22400,38,0,76074,10806,2026-09-22 05:17:03,23414.3
22450,7,0,42632,12636,2026-09-22 05:17:03,23414.3
22500,899,-394,191934,53126,2026-09-22 05:17:03,23414.3
22550,42,0,30314,2501,2026-09-22 05:17:03,23414.3
22600,575,-52,88578,7879,2026-09-22 05:17:03,23414.3
22650,262,1,34743,7892,2026-09-22 05:17:03,23414.3
22700,820,12,112418,15388,2026-09-22 05:17:03,23414.3
22750,506,-23,41224,-21923,2026-09-22 05:17:03,23414.3
22800,1278,-557,137166,26270,2026-09-22 05:17:03,23414.3
22850,741,-73,40773,-7998,2026-09-22 05:17:03,23414.3
22900,1928,-173,133484,56979,2026-09-22 05:17:03,23414.3
22950,1314,-32,67465,10659,2026-09-22 05:17:03,23414.3
23000,6470,-3096,189739,20598,2026-09-22 05:17:03,23414.3
23050,2291,-79,73191,29028,2026-09-22 05:17:03,23414.3
23100,7428,-1717,144841,45920,2026-09-22 05:17:03,23414.3
23150,3858,-1521,95207,35155,2026-09-22 05:17:03,23414.3
23200,31633,-9375,172908,25187,2026-09-22 05:17:03,23414.3
23250,19263,-8610,121877,22020,2026-09-22 05:17:03,23414.3
23300,59836,-54313,243496,48318,2026-09-22 05:17:03,23414.3
23350,39503,-36737,155256,76132,2026-09-22 05:17:03,23414.3
23400,132358,-2538,247382,173731,2026-09-22 05:17:03,23414.3
23450,98924,39541,97810,87093,2026-09-22 05:17:03,23414.3
23500,178853,36912,77732,40728,2026-09-22 05:17:03,23414.3
23550,95921,39685,13183,9144,2026-09-22 05:17:03,23414.3
23600,164756,43079,18565,7184,2026-09-22 05:17:03,23414.3
23650,119469,57289,3682,658,2026-09-22 05:17:03,23414.3
23700,145155,-933,8964,706,2026-09-22 05:17:03,23414.3
23750,80044,13833,1318,-246,2026-09-22 05:17:03,23414.3
23800,126555,180,5378,-1680,2026-09-22 05:17:03,23414.3
23850,55095,9300,1022,-96,2026-09-22 05:17:03,23414.3
23900,98069,8157,3535,-3186,2026-09-22 05:17:03,23414.3
23950,22057,-14376,1014,-140,2026-09-22 05:17:03,23414.3
24000,140005,-37819,11350,-2827,2026-09-22 05:17:03,23414.3
24050,29826,2111,333,-37,2026-09-22 05:17:03,23414.3
24100,66847,-12596,1545,-579,2026-09-22 05:17:03,23414.3
24150,19767,-17667,304,-67,2026-09-22 05:17:03,23414.3
24200,101906,4081,1412,-1154,2026-09-22 05:17:03,23414.3
24250,26254,6244,334,-45,2026-09-22 05:17:03,23414.3
24300,52584,-10416,758,-692,2026-09-22 05:17:03,23414.3
24350,17020,-1443,159,-66,2026-09-22 05:17:03,23414.3
24400,37119,-6935,806,-936,2026-09-22 05:17:03,23414.3
24450,9291,-436,127,-63,2026-09-22 05:17:03,23414.3
24500,109713,-44907,1786,-2444,2026-09-22 05:17:03,23414.3
24550,13597,-404,161,-206,2026-09-22 05:17:03,23414.3
24600,23581,-12111,405,-305,2026-09-22 05:17:03,23414.3
24650,3362,-3037,29,-49,2026-09-22 05:17:03,23414.3
24700,13752,-21246,66,-23,2026-09-22 05:17:03,23414.3
24750,2384,-537,0,0,2026-09-22 05:17:03,23414.3
24800,33389,-8909,100,-255,2026-09-22 05:17:03,23414.3
24850,4300,-3603,0,0,2026-09-22 05:17:03,23414.3
24900,7300,-9929,143,-3,2026-09-22 05:17:03,23414.3
24950,2070,-1002,0,0,2026-09-22 05:17:03,23414.3
25000,36357,-32030,535,-477,2026-09-22 05:17:03,23414.3
25050,1445,-1278,1,0,2026-09-22 05:17:03,23414.3
25100,4523,-8963,12,-4,2026-09-22 05:17:03,23414.3
25150,2111,-832,5,0,2026-09-22 05:17:03,23414.3
25200,3925,-1482,35,-25,2026-09-22 05:17:03,23414.3
25250,1673,-812,8,0,2026-09-22 05:17:03,23414.3
25300,2553,-152,8,-1,2026-09-22 05:17:03,23414.3
25350,445,153,0,0,2026-09-22 05:17:03,23414.3
25400,1705,-864,27,-4,2026-09-22 05:17:03,23414.3
25450,333,0,8,0,2026-09-22 05:17:03,23414.3
25500,8620,-5417,372,-498,2026-09-22 05:17:03,23414.3
25550,428,28,2,1,2026-09-22 05:17:03,23414.3
25600,1303,-608,3,0,2026-09-22 05:17:03,23414.3
25650,414,-11,8,0,2026-09-22 05:17:03,23414.3
25700,2049,-606,0,0,2026-09-22 05:17:03,23414.3
25750,619,-126,0,0,2026-09-22 05:17:03,23414.3
25800,9418,-3893,5,-2,2026-09-22 05:17:03,23414.3
25850,607,43,0,0,2026-09-22 05:17:03,23414.3
25900,1566,-560,0,0,2026-09-22 05:17:03,23414.3
25950,615,194,0,0,2026-09-22 05:17:03,23414.3
26000,11030,-11253,451,-606,2026-09-22 05:17:03,23414.3
26050,1220,-132,0,0,2026-09-22 05:17:03,23414.3
26100,7313,-1921,0,0,2026-09-22 05:17:03,23414.3
21350,0,0,71738,-25680,2026-09-22 07:57:37,23414.3
21400,0,0,44652,-12333,2026-09-22 07:57:37,23414.3
21450,0,0,10825,1196,2026-09-22 07:57:37,23414.3
21500,0,0,49411,-21658,2026-09-22 07:57:37,23414.3
21550,0,0,5193,1399,2026-09-22 07:57:37,23414.3
21600,0,0,6820,-835,2026-09-22 07:57:37,23414.3
21650,0,0,9718,-4694,2026-09-22 07:57:37,23414.3
21700,24,0,26734,-17473,2026-09-22 07:57:37,23414.3
21750,0,0,5467,-411,2026-09-22 07:57:37,23414.3
21800,1,0,34162,-13356,2026-09-22 07:57:37,23414.3
21850,0,0,7350,601,2026-09-22 07:57:37,23414.3
21900,0,0,23587,-5974,2026-09-22 07:57:37,23414.3
21950,0,0,8004,98,2026-09-22 07:57:37,23414.3
22000,298,-48,152809,-12445,2026-09-22 07:57:37,23414.3
22050,5,0,5979,-5066,2026-09-22 07:57:37,23414.3
22100,18,0,29981,-6454,2026-09-22 07:57:37,23414.3
22150,4,0,14601,-3078,2026-09-22 07:57:37,23414.3
22200,40,-1,68722,-8308,2026-09-22 07:57:37,23414.3
22250,8,0,19892,4128,2026-09-22 07:57:37,23414.3
22300,114,-15,66407,-12789,2026-09-22 07:57:37,23414.3
22350,11,0,28233,2921,2026-09-22 07:57:37,23414.3
22400,38,0,76074,10806,2026-09-22 07:57:37,23414.3
22450,7,0,42632,12636,2026-09-22 07:57:37,23414.3
22500,899,-394,191934,53126,2026-09-22 07:57:37,23414.3
22550,42,0,30314,2501,2026-09-22 07:57:37,23414.3
22600,575,-52,88578,7879,2026-09-22 07:57:37,23414.3
22650,262,1,34743,7892,2026-09-22 07:57:37,23414.3
22700,820,12,112418,15388,2026-09-22 07:57:37,23414.3
22750,506,-23,41224,-21923,2026-09-22 07:57:37,23414.3
22800,1278,-557,137166,26270,2026-09-22 07:57:37,23414.3
22850,741,-73,40773,-7998,2026-09-22 07:57:37,23414.3
22900,1928,-173,133484,56979,2026-09-22 07:57:37,23414.3
22950,1314,-32,67465,10659,2026-09-22 07:57:37,23414.3
23000,6470,-3096,189739,20598,2026-09-22 07:57:37,23414.3
23050,2291,-79,73191,29028,2026-09-22 07:57:37,23414.3
23100,7428,-1717,144841,45920,2026-09-22 07:57:37,23414.3
23150,3858,-1521,95207,35155,2026-09-22 07:57:37,23414.3
23200,31633,-9375,172908,25187,2026-09-22 07:57:37,23414.3
23250,19263,-8610,121877,22020,2026-09-22 07:57:37,23414.3
23300,59836,-54313,243496,48318,2026-09-22 07:57:37,23414.3
23350,39503,-36737,155256,76132,2026-09-22 07:57:37,23414.3
23400,132358,-2538,247382,173731,2026-09-22 07:57:37,23414.3
23450,98924,39541,97810,87093,2026-09-22 07:57:37,23414.3
23500,178853,36912,77732,40728,2026-09-22 07:57:37,23414.3
23550,95921,39685,13183,9144,2026-09-22 07:57:37,23414.3
23600,164756,43079,18565,7184,2026-09-22 07:57:37,23414.3
23650,119469,57289,3682,658,2026-09-22 07:57:37,23414.3
23700,145155,-933,8964,706,2026-09-22 07:57:37,23414.3
23750,80044,13833,1318,-246,2026-09-22 07:57:37,23414.3
23800,126555,180,5378,-1680,2026-09-22 07:57:37,23414.3
23850,55095,9300,1022,-96,2026-09-22 07:57:37,23414.3
23900,98069,8157,3535,-3186,2026-09-22 07:57:37,23414.3
23950,22057,-14376,1014,-140,2026-09-22 07:57:37,23414.3
24000,140005,-37819,11350,-2827,2026-09-22 07:57:37,23414.3
24050,29826,2111,333,-37,2026-09-22 07:57:37,23414.3
24100,66847,-12596,1545,-579,2026-09-22 07:57:37,23414.3
24150,19767,-17667,304,-67,2026-09-22 07:57:37,23414.3
24200,101906,4081,1412,-1154,2026-09-22 07:57:37,23414.3
24250,26254,6244,334,-45,2026-09-22 07:57:37,23414.3
24300,52584,-10416,758,-692,2026-09-22 07:57:37,23414.3
24350,17020,-1443,159,-66,2026-09-22 07:57:37,23414.3
24400,37119,-6935,806,-936,2026-09-22 07:57:37,23414.3
24450,9291,-436,127,-63,2026-09-22 07:57:37,23414.3
24500,109713,-44907,1786,-2444,2026-09-22 07:57:37,23414.3
24550,13597,-404,161,-206,2026-09-22 07:57:37,23414.3
24600,23581,-12111,405,-305,2026-09-22 07:57:37,23414.3
24650,3362,-3037,29,-49,2026-09-22 07:57:37,23414.3
24700,13752,-21246,66,-23,2026-09-22 07:57:37,23414.3
24750,2384,-537,0,0,2026-09-22 07:57:37,23414.3
24800,33389,-8909,100,-255,2026-09-22 07:57:37,23414.3
24850,4300,-3603,0,0,2026-09-22 07:57:37,23414.3
24900,7300,-9929,143,-3,2026-09-22 07:57:37,23414.3
24950,2070,-1002,0,0,2026-09-22 07:57:37,23414.3
25000,36357,-32030,535,-477,2026-09-22 07:57:37,23414.3
25050,1445,-1278,1,0,2026-09-22 07:57:37,23414.3
25100,4523,-8963,12,-4,2026-09-22 07:57:37,23414.3
25150,2111,-832,5,0,2026-09-22 07:57:37,23414.3
25200,3925,-1482,35,-25,2026-09-22 07:57:37,23414.3
25250,1673,-812,8,0,2026-09-22 07:57:37,23414.3
25300,2553,-152,8,-1,2026-09-22 07:57:37,23414.3
25350,445,153,0,0,2026-09-22 07:57:37,23414.3
25400,1705,-864,27,-4,2026-09-22 07:57:37,23414.3
25450,333,0,8,0,2026-09-22 07:57:37,23414.3
25500,8620,-5417,372,-498,2026-09-22 07:57:37,23414.3
25550,428,28,2,1,2026-09-22 07:57:37,23414.3
25600,1303,-608,3,0,2026-09-22 07:57:37,23414.3
25650,414,-11,8,0,2026-09-22 07:57:37,23414.3
25700,2049,-606,0,0,2026-09-22 07:57:37,23414.3
25750,619,-126,0,0,2026-09-22 07:57:37,23414.3
25800,9418,-3893,5,-2,2026-09-22 07:57:37,23414.3
25850,607,43,0,0,2026-09-22 07:57:37,23414.3
25900,1566,-560,0,0,2026-09-22 07:57:37,23414.3
25950,615,194,0,0,2026-09-22 07:57:37,23414.3
26000,11030,-11253,451,-606,2026-09-22 07:57:37,23414.3
26050,1220,-132,0,0,2026-09-22 07:57:37,23414.3
26100,7313,-1921,0,0,2026-09-22 07:57:37,23414.3
21350,0,0,71738,-25680,2026-09-22 07:57:43,23414.3
21400,0,0,44652,-12333,2026-09-22 07:57:43,23414.3
21450,0,0,10825,1196,2026-09-22 07:57:43,23414.3
21500,0,0,49411,-21658,2026-09-22 07:57:43,23414.3
21550,0,0,5193,1399,2026-09-22 07:57:43,23414.3
21600,0,0,6820,-835,2026-09-22 07:57:43,23414.3
21650,0,0,9718,-4694,2026-09-22 07:57:43,23414.3
21700,24,0,26734,-17473,2026-09-22 07:57:43,23414.3
21750,0,0,5467,-411,2026-09-22 07:57:43,23414.3
21800,1,0,34162,-13356,2026-09-22 07:57:43,23414.3
21850,0,0,7350,601,2026-09-22 07:57:43,23414.3
21900,0,0,23587,-5974,2026-09-22 07:57:43,23414.3
21950,0,0,8004,98,2026-09-22 07:57:43,23414.3
22000,298,-48,152809,-12445,2026-09-22 07:57:43,23414.3
22050,5,0,5979,-5066,2026-09-22 07:57:43,23414.3
22100,18,0,29981,-6454,2026-09-22 07:57:43,23414.3
22150,4,0,14601,-3078,2026-09-22 07:57:43,23414.3
22200,40,-1,68722,-8308,2026-09-22 07:57:43,23414.3
22250,8,0,19892,4128,2026-09-22 07:57:43,23414.3
22300,114,-15,66407,-12789,2026-09-22 07:57:43,23414.3
22350,11,0,28233,2921,2026-09-22 07:57:43,23414.3
22400,38,0,76074,10806,2026-09-22 07:57:43,23414.3
22450,7,0,42632,12636,2026-09-22 07:57:43,23414.3
22500,899,-394,191934,53126,2026-09-22 07:57:43,23414.3
22550,42,0,30314,2501,2026-09-22 07:57:43,23414.3
22600,575,-52,88578,7879,2026-09-22 07:57:43,23414.3
22650,262,1,34743,7892,2026-09-22 07:57:43,23414.3
22700,820,12,112418,15388,2026-09-22 07:57:43,23414.3
22750,506,-23,41224,-21923,2026-09-22 07:57:43,23414.3
22800,1278,-557,137166,26270,2026-09-22 07:57:43,23414.3
22850,741,-73,40773,-7998,2026-09-22 07:57:43,23414.3
22900,1928,-173,133484,56979,2026-09-22 07:57:43,23414.3
22950,1314,-32,67465,10659,2026-09-22 07:57:43,23414.3
23000,6470,-3096,189739,20598,2026-09-22 07:57:43,23414.3
23050,2291,-79,73191,29028,2026-09-22 07:57:43,23414.3
23100,7428,-1717,144841,45920,2026-09-22 07:57:43,23414.3
23150,3858,-1521,95207,35155,2026-09-22 07:57:43,23414.3
23200,31633,-9375,172908,25187,2026-09-22 07:57:43,23414.3
23250,19263,-8610,121877,22020,2026-09-22 07:57:43,23414.3
23300,59836,-54313,243496,48318,2026-09-22 07:57:43,23414.3
23350,39503,-36737,155256,76132,2026-09-22 07:57:43,23414.3
23400,132358,-2538,247382,173731,2026-09-22 07:57:43,23414.3
23450,98924,39541,97810,87093,2026-09-22 07:57:43,23414.3
23500,178853,36912,77732,40728,2026-09-22 07:57:43,23414.3
23550,95921,39685,13183,9144,2026-09-22 07:57:43,23414.3
23600,164756,43079,18565,7184,2026-09-22 07:57:43,23414.3
23650,119469,57289,3682,658,2026-09-22 07:57:43,23414.3
23700,145155,-933,8964,706,2026-09-22 07:57:43,23414.3
23750,80044,13833,1318,-246,2026-09-22 07:57:43,23414.3
23800,126555,180,5378,-1680,2026-09-22 07:57:43,23414.3
23850,55095,9300,1022,-96,2026-09-22 07:57:43,23414.3
23900,98069,8157,3535,-3186,2026-09-22 07:57:43,23414.3
23950,22057,-14376,1014,-140,2026-09-22 07:57:43,23414.3
24000,140005,-37819,11350,-2827,2026-09-22 07:57:43,23414.3
24050,29826,2111,333,-37,2026-09-22 07:57:43,23414.3
24100,66847,-12596,1545,-579,2026-09-22 07:57:43,23414.3
24150,19767,-17667,304,-67,2026-09-22 07:57:43,23414.3
24200,101906,4081,1412,-1154,2026-09-22 07:57:43,23414.3
24250,26254,6244,334,-45,2026-09-22 07:57:43,23414.3
24300,52584,-10416,758,-692,2026-09-22 07:57:43,23414.3
24350,17020,-1443,159,-66,2026-09-22 07:57:43,23414.3
24400,37119,-6935,806,-936,2026-09-22 07:57:43,23414.3
24450,9291,-436,127,-63,2026-09-22 07:57:43,23414.3
24500,109713,-44907,1786,-2444,2026-09-22 07:57:43,23414.3
24550,13597,-404,161,-206,2026-09-22 07:57:43,23414.3
24600,23581,-12111,405,-305,2026-09-22 07:57:43,23414.3
24650,3362,-3037,29,-49,2026-09-22 07:57:43,23414.3
24700,13752,-21246,66,-23,2026-09-22 07:57:43,23414.3
24750,2384,-537,0,0,2026-09-22 07:57:43,23414.3
24800,33389,-8909,100,-255,2026-09-22 07:57:43,23414.3
24850,4300,-3603,0,0,2026-09-22 07:57:43,23414.3
24900,7300,-9929,143,-3,2026-09-22 07:57:43,23414.3
24950,2070,-1002,0,0,2026-09-22 07:57:43,23414.3
25000,36357,-32030,535,-477,2026-09-22 07:57:43,23414.3
25050,1445,-1278,1,0,2026-09-22 07:57:43,23414.3
25100,4523,-8963,12,-4,2026-09-22 07:57:43,23414.3
25150,2111,-832,5,0,2026-09-22 07:57:43,23414.3
25200,3925,-1482,35,-25,2026-09-22 07:57:43,23414.3
25250,1673,-812,8,0,2026-09-22 07:57:43,23414.3
25300,2553,-152,8,-1,2026-09-22 07:57:43,23414.3
25350,445,153,0,0,2026-09-22 07:57:43,23414.3
25400,1705,-864,27,-4,2026-09-22 07:57:43,23414.3
25450,333,0,8,0,2026-09-22 07:57:43,23414.3
25500,8620,-5417,372,-498,2026-09-22 07:57:43,23414.3
25550,428,28,2,1,2026-09-22 07:57:43,23414.3
25600,1303,-608,3,0,2026-09-22 07:57:43,23414.3
25650,414,-11,8,0,2026-09-22 07:57:43,23414.3
25700,2049,-606,0,0,2026-09-22 07:57:43,23414.3
25750,619,-126,0,0,2026-09-22 07:57:43,23414.3
25800,9418,-3893,5,-2,2026-09-22 07:57:43,23414.3
25850,607,43,0,0,2026-09-22 07:57:43,23414.3
25900,1566,-560,0,0,2026-09-22 07:57:43,23414.3
25950,615,194,0,0,2026-09-22 07:57:43,23414.3
26000,11030,-11253,451,-606,2026-09-22 07:57:43,23414.3
26050,1220,-132,0,0,2026-09-22 07:57:43,23414.3
26100,7313,-1921,0,0,2026-09-22 07:57:43,23414.3
21350,0,0,71738,-25680,2026-09-22 07:57:53,23414.3
21400,0,0,44652,-12333,2026-09-22 07:57:53,23414.3
21450,0,0,10825,1196,2026-09-22 07:57:53,23414.3
21500,0,0,49411,-21658,2026-09-22 07:57:53,23414.3
21550,0,0,5193,1399,2026-09-22 07:57:53,23414.3
21600,0,0,6820,-835,2026-09-22 07:57:53,23414.3
21650,0,0,9718,-4694,2026-09-22 07:57:53,23414.3
21700,24,0,26734,-17473,2026-09-22 07:57:53,23414.3
21750,0,0,5467,-411,2026-09-22 07:57:53,23414.3
21800,1,0,34162,-13356,2026-09-22 07:57:53,23414.3
21850,0,0,7350,601,2026-09-22 07:57:53,23414.3
21900,0,0,23587,-5974,2026-09-22 07:57:53,23414.3
21950,0,0,8004,98,2026-09-22 07:57:53,23414.3
22000,298,-48,152809,-12445,2026-09-22 07:57:53,23414.3
22050,5,0,5979,-5066,2026-09-22 07:57:53,23414.3
22100,18,0,29981,-6454,2026-09-22 07:57:53,23414.3
22150,4,0,14601,-3078,2026-09-22 07:57:53,23414.3
22200,40,-1,68722,-8308,2026-09-22 07:57:53,23414.3
22250,8,0,19892,4128,2026-09-22 07:57:53,23414.3
22300,114,-15,66407,-12789,2026-09-22 07:57:53,23414.3
22350,11,0,28233,2921,2026-09-22 07:57:53,23414.3
22400,38,0,76074,10806,2026-09-22 07:57:53,23414.3
22450,7,0,42632,12636,2026-09-22 07:57:53,23414.3
22500,899,-394,191934,53126,2026-09-22 07:57:53,23414.3
22550,42,0,30314,2501,2026-09-22 07:57:53,23414.3
22600,575,-52,88578,7879,2026-09-22 07:57:53,23414.3
22650,262,1,34743,7892,2026-09-22 07:57:53,23414.3
22700,820,12,112418,15388,2026-09-22 07:57:53,23414.3
22750,506,-23,41224,-21923,2026-09-22 07:57:53,23414.3
22800,1278,-557,137166,26270,2026-09-22 07:57:53,23414.3
22850,741,-73,40773,-7998,2026-09-22 07:57:53,23414.3
22900,1928,-173,133484,56979,2026-09-22 07:57:53,23414.3
22950,1314,-32,67465,10659,2026-09-22 07:57:53,23414.3
23000,6470,-3096,189739,20598,2026-09-22 07:57:53,23414.3
23050,2291,-79,73191,29028,2026-09-22 07:57:53,23414.3
23100,7428,-1717,144841,45920,2026-09-22 07:57:53,23414.3
23150,3858,-1521,95207,35155,2026-09-22 07:57:53,23414.3
23200,31633,-9375,172908,25187,2026-09-22 07:57:53,23414.3
23250,19263,-8610,121877,22020,2026-09-22 07:57:53,23414.3
23300,59836,-54313,243496,48318,2026-09-22 07:57:53,23414.3
23350,39503,-36737,155256,76132,2026-09-22 07:57:53,23414.3
23400,132358,-2538,247382,173731,2026-09-22 07:57:53,23414.3
23450,98924,39541,97810,87093,2026-09-22 07:57:53,23414.3
23500,178853,36912,77732,40728,2026-09-22 07:57:53,23414.3
23550,95921,39685,13183,9144,2026-09-22 07:57:53,23414.3
23600,164756,43079,18565,7184,2026-09-22 07:57:53,23414.3
23650,119469,57289,3682,658,2026-09-22 07:57:53,23414.3
23700,145155,-933,8964,706,2026-09-22 07:57:53,23414.3
23750,80044,13833,1318,-246,2026-09-22 07:57:53,23414.3
23800,126555,180,5378,-1680,2026-09-22 07:57:53,23414.3
23850,55095,9300,1022,-96,2026-09-22 07:57:53,23414.3
23900,98069,8157,3535,-3186,2026-09-22 07:57:53,23414.3
23950,22057,-14376,1014,-140,2026-09-22 07:57:53,23414.3
24000,140005,-37819,11350,-2827,2026-09-22 07:57:53,23414.3
24050,29826,2111,333,-37,2026-09-22 07:57:53,23414.3
24100,66847,-12596,1545,-579,2026-09-22 07:57:53,23414.3
24150,19767,-17667,304,-67,2026-09-22 07:57:53,23414.3
24200,101906,4081,1412,-1154,2026-09-22 07:57:53,23414.3
24250,26254,6244,334,-45,2026-09-22 07:57:53,23414.3
24300,52584,-10416,758,-692,2026-09-22 07:57:53,23414.3
24350,17020,-1443,159,-66,2026-09-22 07:57:53,23414.3
24400,37119,-6935,806,-936,2026-09-22 07:57:53,23414.3
24450,9291,-436,127,-63,2026-09-22 07:57:53,23414.3
24500,109713,-44907,1786,-2444,2026-09-22 07:57:53,23414.3
24550,13597,-404,161,-206,2026-09-22 07:57:53,23414.3
24600,23581,-12111,405,-305,2026-09-22 07:57:53,23414.3
24650,3362,-3037,29,-49,2026-09-22 07:57:53,23414.3
24700,13752,-21246,66,-23,2026-09-22 07:57:53,23414.3
24750,2384,-537,0,0,2026-09-22 07:57:53,23414.3
24800,33389,-8909,100,-255,2026-09-22 07:57:53,23414.3
24850,4300,-3603,0,0,2026-09-22 07:57:53,23414.3
24900,7300,-9929,143,-3,2026-09-22 07:57:53,23414.3
24950,2070,-1002,0,0,2026-09-22 07:57:53,23414.3
25000,36357,-32030,535,-477,2026-09-22 07:57:53,23414.3
25050,1445,-1278,1,0,2026-09-22 07:57:53,23414.3
25100,4523,-8963,12,-4,2026-09-22 07:57:53,23414.3
25150,2111,-832,5,0,2026-09-22 07:57:53,23414.3
25200,3925,-1482,35,-25,2026-09-22 07:57:53,23414.3
25250,1673,-812,8,0,2026-09-22 07:57:53,23414.3
25300,2553,-152,8,-1,2026-09-22 07:57:53,23414.3
25350,445,153,0,0,2026-09-22 07:57:53,23414.3
25400,1705,-864,27,-4,2026-09-22 07:57:53,23414.3
25450,333,0,8,0,2026-09-22 07:57:53,23414.3
25500,8620,-5417,372,-498,2026-09-22 07:57:53,23414.3
25550,428,28,2,1,2026-09-22 07:57:53,23414.3
25600,1303,-608,3,0,2026-09-22 07:57:53,23414.3
25650,414,-11,8,0,2026-09-22 07:57:53,23414.3
25700,2049,-606,0,0,2026-09-22 07:57:53,23414.3
25750,619,-126,0,0,2026-09-22 07:57:53,23414.3
25800,9418,-3893,5,-2,2026-09-22 07:57:53,23414.3
25850,607,43,0,0,2026-09-22 07:57:53,23414.3
25900,1566,-560,0,0,2026-09-22 07:57:53,23414.3
25950,615,194,0,0,2026-09-22 07:57:53,23414.3
26000,11030,-11253,451,-606,2026-09-22 07:57:53,23414.3
26050,1220,-132,0,0,2026-09-22 07:57:53,23414.3
26100,7313,-1921,0,0,2026-09-22 07:57:53,23414.3
21350,0,0,71738,-25680,2026-09-22 07:58:33,23414.3
21400,0,0,44652,-12333,2026-09-22 07:58:33,23414.3
21450,0,0,10825,1196,2026-09-22 07:58:33,23414.3
21500,0,0,49411,-21658,2026-09-22 07:58:33,23414.3
21550,0,0,5193,1399,2026-09-22 07:58:33,23414.3
21600,0,0,6820,-835,2026-09-22 07:58:33,23414.3
21650,0,0,9718,-4694,2026-09-22 07:58:33,23414.3
21700,24,0,26734,-17473,2026-09-22 07:58:33,23414.3
21750,0,0,5467,-411,2026-09-22 07:58:33,23414.3
21800,1,0,34162,-13356,2026-09-22 07:58:33,23414.3
21850,0,0,7350,601,2026-09-22 07:58:33,23414.3
21900,0,0,23587,-5974,2026-09-22 07:58:33,23414.3
21950,0,0,8004,98,2026-09-22 07:58:33,23414.3
22000,298,-48,152809,-12445,2026-09-22 07:58:33,23414.3
22050,5,0,5979,-5066,2026-09-22 07:58:33,23414.3
22100,18,0,29981,-6454,2026-09-22 07:58:33,23414.3
22150,4,0,14601,-3078,2026-09-22 07:58:33,23414.3
22200,40,-1,68722,-8308,2026-09-22 07:58:33,23414.3
22250,8,0,19892,4128,2026-09-22 07:58:33,23414.3
22300,114,-15,66407,-12789,2026-09-22 07:58:33,23414.3
22350,11,0,28233,2921,2026-09-22 07:58:33,23414.3
22400,38,0,76074,10806,2026-09-22 07:58:33,23414.3
22450,7,0,42632,12636,2026-09-22 07:58:33,23414.3
22500,899,-394,191934,53126,2026-09-22 07:58:33,23414.3
22550,42,0,30314,2501,2026-09-22 07:58:33,23414.3
22600,575,-52,88578,7879,2026-09-22 07:58:33,23414.3
22650,262,1,34743,7892,2026-09-22 07:58:33,23414.3
22700,820,12,112418,15388,2026-09-22 07:58:33,23414.3
22750,506,-23,41224,-21923,2026-09-22 07:58:33,23414.3
22800,1278,-557,137166,26270,2026-09-22 07:58:33,23414.3
22850,741,-73,40773,-7998,2026-09-22 07:58:33,23414.3
22900,1928,-173,133484,56979,2026-09-22 07:58:33,23414.3
22950,1314,-32,67465,10659,2026-09-22 07:58:33,23414.3
23000,6470,-3096,189739,20598,2026-09-22 07:58:33,23414.3
23050,2291,-79,73191,29028,2026-09-22 07:58:33,23414.3
23100,7428,-1717,144841,45920,2026-09-22 07:58:33,23414.3
23150,3858,-1521,95207,35155,2026-09-22 07:58:33,23414.3
23200,31633,-9375,172908,25187,2026-09-22 07:58:33,23414.3
23250,19263,-8610,121877,22020,2026-09-22 07:58:33,23414.3
23300,59836,-54313,243496,48318,2026-09-22 07:58:33,23414.3
23350,39503,-36737,155256,76132,2026-09-22 07:58:33,23414.3
23400,132358,-2538,247382,173731,2026-09-22 07:58:33,23414.3
23450,98924,39541,97810,87093,2026-09-22 07:58:33,23414.3
23500,178853,36912,77732,40728,2026-09-22 07:58:33,23414.3
23550,95921,39685,13183,9144,2026-09-22 07:58:33,23414.3
23600,164756,43079,18565,7184,2026-09-22 07:58:33,23414.3
23650,119469,57289,3682,658,2026-09-22 07:58:33,23414.3
23700,145155,-933,8964,706,2026-09-22 07:58:33,23414.3
23750,80044,13833,1318,-246,2026-09-22 07:58:33,23414.3
23800,126555,180,5378,-1680,2026-09-22 07:58:33,23414.3
23850,55095,9300,1022,-96,2026-09-22 07:58:33,23414.3
23900,98069,8157,3535,-3186,2026-09-22 07:58:33,23414.3
23950,22057,-14376,1014,-140,2026-09-22 07:58:33,23414.3
24000,140005,-37819,11350,-2827,2026-09-22 07:58:33,23414.3
24050,29826,2111,333,-37,2026-09-22 07:58:33,23414.3
24100,66847,-12596,1545,-579,2026-09-22 07:58:33,23414.3
24150,19767,-17667,304,-67,2026-09-22 07:58:33,23414.3
24200,101906,4081,1412,-1154,2026-09-22 07:58:33,23414.3
24250,26254,6244,334,-45,2026-09-22 07:58:33,23414.3
24300,52584,-10416,758,-692,2026-09-22 07:58:33,23414.3
24350,17020,-1443,159,-66,2026-09-22 07:58:33,23414.3
24400,37119,-6935,806,-936,2026-09-22 07:58:33,23414.3
24450,9291,-436,127,-63,2026-09-22 07:58:33,23414.3
24500,109713,-44907,1786,-2444,2026-09-22 07:58:33,23414.3
24550,13597,-404,161,-206,2026-09-22 07:58:33,23414.3
24600,23581,-12111,405,-305,2026-09-22 07:58:33,23414.3
24650,3362,-3037,29,-49,2026-09-22 07:58:33,23414.3
24700,13752,-21246,66,-23,2026-09-22 07:58:33,23414.3
24750,2384,-537,0,0,2026-09-22 07:58:33,23414.3
24800,33389,-8909,100,-255,2026-09-22 07:58:33,23414.3
24850,4300,-3603,0,0,2026-09-22 07:58:33,23414.3
24900,7300,-9929,143,-3,2026-09-22 07:58:33,23414.3
24950,2070,-1002,0,0,2026-09-22 07:58:33,23414.3
25000,36357,-32030,535,-477,2026-09-22 07:58:33,23414.3
25050,1445,-1278,1,0,2026-09-22 07:58:33,23414.3
25100,4523,-8963,12,-4,2026-09-22 07:58:33,23414.3
25150,2111,-832,5,0,2026-09-22 07:58:33,23414.3
25200,3925,-1482,35,-25,2026-09-22 07:58:33,23414.3
25250,1673,-812,8,0,2026-09-22 07:58:33,23414.3
25300,2553,-152,8,-1,2026-09-22 07:58:33,23414.3
25350,445,153,0,0,2026-09-22 07:58:33,23414.3
25400,1705,-864,27,-4,2026-09-22 07:58:33,23414.3
25450,333,0,8,0,2026-09-22 07:58:33,23414.3
25500,8620,-5417,372,-498,2026-09-22 07:58:33,23414.3
25550,428,28,2,1,2026-09-22 07:58:33,23414.3
25600,1303,-608,3,0,2026-09-22 07:58:33,23414.3
25650,414,-11,8,0,2026-09-22 07:58:33,23414.3
25700,2049,-606,0,0,2026-09-22 07:58:33,23414.3
25750,619,-126,0,0,2026-09-22 07:58:33,23414.3
25800,9418,-3893,5,-2,2026-09-22 07:58:33,23414.3
25850,607,43,0,0,2026-09-22 07:58:33,23414.3
25900,1566,-560,0,0,2026-09-22 07:58:33,23414.3
25950,615,194,0,0,2026-09-22 07:58:33,23414.3
26000,11030,-11253,451,-606,2026-09-22 07:58:33,23414.3
26050,1220,-132,0,0,2026-09-22 07:58:33,23414.3
26100,7313,-1921,0,0,2026-09-22 07:58:33,23414.3
21350,0,0,71738,-25680,2026-09-22 08:00:41,23414.3
21400,0,0,44652,-12333,2026-09-22 08:00:41,23414.3
21450,0,0,10825,1196,2026-09-22 08:00:41,23414.3
21500,0,0,49411,-21658,2026-09-22 08:00:41,23414.3
21550,0,0,5193,1399,2026-09-22 08:00:41,23414.3
21600,0,0,6820,-835,2026-09-22 08:00:41,23414.3
21650,0,0,9718,-4694,2026-09-22 08:00:41,23414.3
21700,24,0,26734,-17473,2026-09-22 08:00:41,23414.3
21750,0,0,5467,-411,2026-09-22 08:00:41,23414.3
21800,1,0,34162,-13356,2026-09-22 08:00:41,23414.3
21850,0,0,7350,601,2026-09-22 08:00:41,23414.3
21900,0,0,23587,-5974,2026-09-22 08:00:41,23414.3
21950,0,0,8004,98,2026-09-22 08:00:41,23414.3
22000,298,-48,152809,-12445,2026-09-22 08:00:41,23414.3
22050,5,0,5979,-5066,2026-09-22 08:00:41,23414.3
22100,18,0,29981,-6454,2026-09-22 08:00:41,23414.3
22150,4,0,14601,-3078,2026-09-22 08:00:41,23414.3
22200,40,-1,68722,-8308,2026-09-22 08:00:41,23414.3
22250,8,0,19892,4128,2026-09-22 08:00:41,23414.3
22300,114,-15,66407,-12789,2026-09-22 08:00:41,23414.3
22350,11,0,28233,2921,2026-09-22 08:00:41,23414.3
22400,38,0,76074,10806,2026-09-22 08:00:41,23414.3
22450,7,0,42632,12636,2026-09-22 08:00:41,23414.3
22500,899,-394,191934,53126,2026-09-22 08:00:41,23414.3
22550,42,0,30314,2501,2026-09-22 08:00:41,23414.3
22600,575,-52,88578,7879,2026-09-22 08:00:41,23414.3
22650,262,1,34743,7892,2026-09-22 08:00:41,23414.3
22700,820,12,112418,15388,2026-09-22 08:00:41,23414.3
22750,506,-23,41224,-21923,2026-09-22 08:00:41,23414.3
22800,1278,-557,137166,26270,2026-09-22 08:00:41,23414.3
22850,741,-73,40773,-7998,2026-09-22 08:00:41,23414.3
22900,1928,-173,133484,56979,2026-09-22 08:00:41,23414.3
22950,1314,-32,67465,10659,2026-09-22 08:00:41,23414.3
23000,6470,-3096,189739,20598,2026-09-22 08:00:41,23414.3
23050,2291,-79,73191,29028,2026-09-22 08:00:41,23414.3
23100,7428,-1717,144841,45920,2026-09-22 08:00:41,23414.3
23150,3858,-1521,95207,35155,2026-09-22 08:00:41,23414.3
23200,31633,-9375,172908,25187,2026-09-22 08:00:41,23414.3
23250,19263,-8610,121877,22020,2026-09-22 08:00:41,23414.3
23300,59836,-54313,243496,48318,2026-09-22 08:00:41,23414.3
23350,39503,-36737,155256,76132,2026-09-22 08:00:41,23414.3
23400,132358,-2538,247382,173731,2026-09-22 08:00:41,23414.3
23450,98924,39541,97810,87093,2026-09-22 08:00:41,23414.3
23500,178853,36912,77732,40728,2026-09-22 08:00:41,23414.3
23550,95921,39685,13183,9144,2026-09-22 08:00:41,23414.3
23600,164756,43079,18565,7184,2026-09-22 08:00:41,23414.3
23650,119469,57289,3682,658,2026-09-22 08:00:41,23414.3
23700,145155,-933,8964,706,2026-09-22 08:00:41,23414.3
23750,80044,13833,1318,-246,2026-09-22 08:00:41,23414.3
23800,126555,180,5378,-1680,2026-09-22 08:00:41,23414.3
23850,55095,9300,1022,-96,2026-09-22 08:00:41,23414.3
23900,98069,8157,3535,-3186,2026-09-22 08:00:41,23414.3
23950,22057,-14376,1014,-140,2026-09-22 08:00:41,23414.3
24000,140005,-37819,11350,-2827,2026-09-22 08:00:41,23414.3
24050,29826,2111,333,-37,2026-09-22 08:00:41,23414.3
24100,66847,-12596,1545,-579,2026-09-22 08:00:41,23414.3
24150,19767,-17667,304,-67,2026-09-22 08:00:41,23414.3
24200,101906,4081,1412,-1154,2026-09-22 08:00:41,23414.3
24250,26254,6244,334,-45,2026-09-22 08:00:41,23414.3
24300,52584,-10416,758,-692,2026-09-22 08:00:41,23414.3
24350,17020,-1443,159,-66,2026-09-22 08:00:41,23414.3
24400,37119,-6935,806,-936,2026-09-22 08:00:41,23414.3
24450,9291,-436,127,-63,2026-09-22 08:00:41,23414.3
24500,109713,-44907,1786,-2444,2026-09-22 08:00:41,23414.3
24550,13597,-404,161,-206,2026-09-22 08:00:41,23414.3
24600,23581,-12111,405,-305,2026-09-22 08:00:41,23414.3
24650,3362,-3037,29,-49,2026-09-22 08:00:41,23414.3
24700,13752,-21246,66,-23,2026-09-22 08:00:41,23414.3
24750,2384,-537,0,0,2026-09-22 08:00:41,23414.3
24800,33389,-8909,100,-255,2026-09-22 08:00:41,23414.3
24850,4300,-3603,0,0,2026-09-22 08:00:41,23414.3
24900,7300,-9929,143,-3,2026-09-22 08:00:41,23414.3
24950,2070,-1002,0,0,2026-09-22 08:00:41,23414.3
25000,36357,-32030,535,-477,2026-09-22 08:00:41,23414.3
25050,1445,-1278,1,0,2026-09-22 08:00:41,23414.3
25100,4523,-8963,12,-4,2026-09-22 08:00:41,23414.3
25150,2111,-832,5,0,2026-09-22 08:00:41,23414.3
25200,3925,-1482,35,-25,2026-09-22 08:00:41,23414.3
25250,1673,-812,8,0,2026-09-22 08:00:41,23414.3
25300,2553,-152,8,-1,2026-09-22 08:00:41,23414.3
25350,445,153,0,0,2026-09-22 08:00:41,23414.3
25400,1705,-864,27,-4,2026-09-22 08:00:41,23414.3
25450,333,0,8,0,2026-09-22 08:00:41,23414.3
25500,8620,-5417,372,-498,2026-09-22 08:00:41,23414.3
25550,428,28,2,1,2026-09-22 08:00:41,23414.3
25600,1303,-608,3,0,2026-09-22 08:00:41,23414.3
25650,414,-11,8,0,2026-09-22 08:00:41,23414.3
25700,2049,-606,0,0,2026-09-22 08:00:41,23414.3
25750,619,-126,0,0,2026-09-22 08:00:41,23414.3
25800,9418,-3893,5,-2,2026-09-22 08:00:41,23414.3
25850,607,43,0,0,2026-09-22 08:00:41,23414.3
25900,1566,-560,0,0,2026-09-22 08:00:41,23414.3
25950,615,194,0,0,2026-09-22 08:00:41,23414.3
26000,11030,-11253,451,-606,2026-09-22 08:00:41,23414.3
26050,1220,-132,0,0,2026-09-22 08:00:41,23414.3
26100,7313,-1921,0,0,2026-09-22 08:00:41,23414.3
21350,0,0,71738,-25680,2026-09-22 08:00:56,23414.3
21400,0,0,44652,-12333,2026-09-22 08:00:56,23414.3
21450,0,0,10825,1196,2026-09-22 08:00:56,23414.3
21500,0,0,49411,-21658,2026-09-22 08:00:56,23414.3
21550,0,0,5193,1399,2026-09-22 08:00:56,23414.3
21600,0,0,6820,-835,2026-09-22 08:00:56,23414.3
21650,0,0,9718,-4694,2026-09-22 08:00:56,23414.3
21700,24,0,26734,-17473,2026-09-22 08:00:56,23414.3
21750,0,0,5467,-411,2026-09-22 08:00:56,23414.3
21800,1,0,34162,-13356,2026-09-22 08:00:56,23414.3
21850,0,0,7350,601,2026-09-22 08:00:56,23414.3
21900,0,0,23587,-5974,2026-09-22 08:00:56,23414.3
21950,0,0,8004,98,2026-09-22 08:00:56,23414.3
22000,298,-48,152809,-12445,2026-09-22 08:00:56,23414.3
22050,5,0,5979,-5066,2026-09-22 08:00:56,23414.3
22100,18,0,29981,-6454,2026-09-22 08:00:56,23414.3
22150,4,0,14601,-3078,2026-09-22 08:00:56,23414.3
22200,40,-1,68722,-8308,2026-09-22 08:00:56,23414.3
22250,8,0,19892,4128,2026-09-22 08:00:56,23414.3
22300,114,-15,66407,-12789,2026-09-22 08:00:56,23414.3
22350,11,0,28233,2921,2026-09-22 08:00:56,23414.3
22400,38,0,76074,10806,2026-09-22 08:00:56,23414.3
22450,7,0,42632,12636,2026-09-22 08:00:56,23414.3
22500,899,-394,191934,53126,2026-09-22 08:00:56,23414.3
22550,42,0,30314,2501,2026-09-22 08:00:56,23414.3
22600,575,-52,88578,7879,2026-09-22 08:00:56,23414.3
22650,262,1,34743,7892,2026-09-22 08:00:56,23414.3
22700,820,12,112418,15388,2026-09-22 08:00:56,23414.3
22750,506,-23,41224,-21923,2026-09-22 08:00:56,23414.3
22800,1278,-557,137166,26270,2026-09-22 08:00:56,23414.3
22850,741,-73,40773,-7998,2026-09-22 08:00:56,23414.3
22900,1928,-173,133484,56979,2026-09-22 08:00:56,23414.3
22950,1314,-32,67465,10659,2026-09-22 08:00:56,23414.3
23000,6470,-3096,189739,20598,2026-09-22 08:00:56,23414.3
23050,2291,-79,73191,29028,2026-09-22 08:00:56,23414.3
23100,7428,-1717,144841,45920,2026-09-22 08:00:56,23414.3
23150,3858,-1521,95207,35155,2026-09-22 08:00:56,23414.3
23200,31633,-9375,172908,25187,2026-09-22 08:00:56,23414.3
23250,19263,-8610,121877,22020,2026-09-22 08:00:56,23414.3
23300,59836,-54313,243496,48318,2026-09-22 08:00:56,23414.3
23350,39503,-36737,155256,76132,2026-09-22 08:00:56,23414.3
23400,132358,-2538,247382,173731,2026-09-22 08:00:56,23414.3
23450,98924,39541,97810,87093,2026-09-22 08:00:56,23414.3
23500,178853,36912,77732,40728,2026-09-22 08:00:56,23414.3
23550,95921,39685,13183,9144,2026-09-22 08:00:56,23414.3
23600,164756,43079,18565,7184,2026-09-22 08:00:56,23414.3
23650,119469,57289,3682,658,2026-09-22 08:00:56,23414.3
23700,145155,-933,8964,706,2026-09-22 08:00:56,23414.3
23750,80044,13833,1318,-246,2026-09-22 08:00:56,23414.3
23800,126555,180,5378,-1680,2026-09-22 08:00:56,23414.3
23850,55095,9300,1022,-96,2026-09-22 08:00:56,23414.3
23900,98069,8157,3535,-3186,2026-09-22 08:00:56,23414.3
23950,22057,-14376,1014,-140,2026-09-22 08:00:56,23414.3
24000,140005,-37819,11350,-2827,2026-09-22 08:00:56,23414.3
24050,29826,2111,333,-37,2026-09-22 08:00:56,23414.3
24100,66847,-12596,1545,-579,2026-09-22 08:00:56,23414.3
24150,19767,-17667,304,-67,2026-09-22 08:00:56,23414.3
24200,101906,4081,1412,-1154,2026-09-22 08:00:56,23414.3
24250,26254,6244,334,-45,2026-09-22 08:00:56,23414.3
24300,52584,-10416,758,-692,2026-09-22 08:00:56,23414.3
24350,17020,-1443,159,-66,2026-09-22 08:00:56,23414.3
24400,37119,-6935,806,-936,2026-09-22 08:00:56,23414.3
24450,9291,-436,127,-63,2026-09-22 08:00:56,23414.3
24500,109713,-44907,1786,-2444,2026-09-22 08:00:56,23414.3
24550,13597,-404,161,-206,2026-09-22 08:00:56,23414.3
24600,23581,-12111,405,-305,2026-09-22 08:00:56,23414.3
24650,3362,-3037,29,-49,2026-09-22 08:00:56,23414.3
24700,13752,-21246,66,-23,2026-09-22 08:00:56,23414.3
24750,2384,-537,0,0,2026-09-22 08:00:56,23414.3
24800,33389,-8909,100,-255,2026-09-22 08:00:56,23414.3
24850,4300,-3603,0,0,2026-09-22 08:00:56,23414.3
24900,7300,-9929,143,-3,2026-09-22 08:00:56,23414.3
24950,2070,-1002,0,0,2026-09-22 08:00:56,23414.3
25000,36357,-32030,535,-477,2026-09-22 08:00:56,23414.3
25050,1445,-1278,1,0,2026-09-22 08:00:56,23414.3
25100,4523,-8963,12,-4,2026-09-22 08:00:56,23414.3
25150,2111,-832,5,0,2026-09-22 08:00:56,23414.3
25200,3925,-1482,35,-25,2026-09-22 08:00:56,23414.3
25250,1673,-812,8,0,2026-09-22 08:00:56,23414.3
25300,2553,-152,8,-1,2026-09-22 08:00:56,23414.3
25350,445,153,0,0,2026-09-22 08:00:56,23414.3
25400,1705,-864,27,-4,2026-09-22 08:00:56,23414.3
25450,333,0,8,0,2026-09-22 08:00:56,23414.3
25500,8620,-5417,372,-498,2026-09-22 08:00:56,23414.3
25550,428,28,2,1,2026-09-22 08:00:56,23414.3
25600,1303,-608,3,0,2026-09-22 08:00:56,23414.3
25650,414,-11,8,0,2026-09-22 08:00:56,23414.3
25700,2049,-606,0,0,2026-09-22 08:00:56,23414.3
25750,619,-126,0,0,2026-09-22 08:00:56,23414.3
25800,9418,-3893,5,-2,2026-09-22 08:00:56,23414.3
25850,607,43,0,0,2026-09-22 08:00:56,23414.3
25900,1566,-560,0,0,2026-09-22 08:00:56,23414.3
25950,615,194,0,0,2026-09-22 08:00:56,23414.3
26000,11030,-11253,451,-606,2026-09-22 08:00:56,23414.3
26050,1220,-132,0,0,2026-09-22 08:00:56,23414.3
26100,7313,-1921,0,0,2026-09-22 08:00:56,23414.3
21350,0,0,71738,-25680,2026-09-22 08:03:45,23414.3
21400,0,0,44652,-12333,2026-09-22 08:03:45,23414.3
21450,0,0,10825,1196,2026-09-22 08:03:45,23414.3
21500,0,0,49411,-21658,2026-09-22 08:03:45,23414.3
21550,0,0,5193,1399,2026-09-22 08:03:45,23414.3
21600,0,0,6820,-835,2026-09-22 08:03:45,23414.3
21650,0,0,9718,-4694,2026-09-22 08:03:45,23414.3
21700,24,0,26734,-17473,2026-09-22 08:03:45,23414.3
21750,0,0,5467,-411,2026-09-22 08:03:45,23414.3
21800,1,0,34162,-13356,2026-09-22 08:03:45,23414.3
21850,0,0,7350,601,2026-09-22 08:03:45,23414.3
21900,0,0,23587,-5974,2026-09-22 08:03:45,23414.3
21950,0,0,8004,98,2026-09-22 08:03:45,23414.3
22000,298,-48,152809,-12445,2026-09-22 08:03:45,23414.3
22050,5,0,5979,-5066,2026-09-22 08:03:45,23414.3
22100,18,0,29981,-6454,2026-09-22 08:03:45,23414.3
22150,4,0,14601,-3078,2026-09-22 08:03:45,23414.3
22200,40,-1,68722,-8308,2026-09-22 08:03:45,23414.3
22250,8,0,19892,4128,2026-09-22 08:03:45,23414.3
22300,114,-15,66407,-12789,2026-09-22 08:03:45,23414.3
22350,11,0,28233,2921,2026-09-22 08:03:45,23414.3
22400,38,0,76074,10806,2026-09-22 08:03:45,23414.3
22450,7,0,42632,12636,2026-09-22 08:03:45,23414.3
22500,899,-394,191934,53126,2026-09-22 08:03:45,23414.3
22550,42,0,30314,2501,2026-09-22 08:03:45,23414.3
22600,575,-52,88578,7879,2026-09-22 08:03:45,23414.3
22650,262,1,34743,7892,2026-09-22 08:03:45,23414.3
22700,820,12,112418,15388,2026-09-22 08:03:45,23414.3
22750,506,-23,41224,-21923,2026-09-22 08:03:45,23414.3
22800,1278,-557,137166,26270,2026-09-22 08:03:45,23414.3
22850,741,-73,40773,-7998,2026-09-22 08:03:45,23414.3
22900,1928,-173,133484,56979,2026-09-22 08:03:45,23414.3
22950,1314,-32,67465,10659,2026-09-22 08:03:45,23414.3
23000,6470,-3096,189739,20598,2026-09-22 08:03:45,23414.3
23050,2291,-79,73191,29028,2026-09-22 08:03:45,23414.3
23100,7428,-1717,144841,45920,2026-09-22 08:03:45,23414.3
23150,3858,-1521,95207,35155,2026-09-22 08:03:45,23414.3
23200,31633,-9375,172908,25187,2026-09-22 08:03:45,23414.3
23250,19263,-8610,121877,22020,2026-09-22 08:03:45,23414.3
23300,59836,-54313,243496,48318,2026-09-22 08:03:45,23414.3
23350,39503,-36737,155256,76132,2026-09-22 08:03:45,23414.3
23400,132358,-2538,247382,173731,2026-09-22 08:03:45,23414.3
23450,98924,39541,97810,87093,2026-09-22 08:03:45,23414.3
23500,178853,36912,77732,40728,2026-09-22 08:03:45,23414.3
23550,95921,39685,13183,9144,2026-09-22 08:03:45,23414.3
23600,164756,43079,18565,7184,2026-09-22 08:03:45,23414.3
23650,119469,57289,3682,658,2026-09-22 08:03:45,23414.3
23700,145155,-933,8964,706,2026-09-22 08:03:45,23414.3
23750,80044,13833,1318,-246,2026-09-22 08:03:45,23414.3
23800,126555,180,5378,-1680,2026-09-22 08:03:45,23414.3
23850,55095,9300,1022,-96,2026-09-22 08:03:45,23414.3
23900,98069,8157,3535,-3186,2026-09-22 08:03:45,23414.3
23950,22057,-14376,1014,-140,2026-09-22 08:03:45,23414.3
24000,140005,-37819,11350,-2827,2026-09-22 08:03:45,23414.3
24050,29826,2111,333,-37,2026-09-22 08:03:45,23414.3
24100,66847,-12596,1545,-579,2026-09-22 08:03:45,23414.3
24150,19767,-17667,304,-67,2026-09-22 08:03:45,23414.3
24200,101906,4081,1412,-1154,2026-09-22 08:03:45,23414.3
24250,26254,6244,334,-45,2026-09-22 08:03:45,23414.3
24300,52584,-10416,758,-692,2026-09-22 08:03:45,23414.3
24350,17020,-1443,159,-66,2026-09-22 08:03:45,23414.3
24400,37119,-6935,806,-936,2026-09-22 08:03:45,23414.3
24450,9291,-436,127,-63,2026-09-22 08:03:45,23414.3
24500,109713,-44907,1786,-2444,2026-09-22 08:03:45,23414.3
24550,13597,-404,161,-206,2026-09-22 08:03:45,23414.3
24600,23581,-12111,405,-305,2026-09-22 08:03:45,23414.3
24650,3362,-3037,29,-49,2026-09-22 08:03:45,23414.3
24700,13752,-21246,66,-23,2026-09-22 08:03:45,23414.3
24750,2384,-537,0,0,2026-09-22 08:03:45,23414.3
24800,33389,-8909,100,-255,2026-09-22 08:03:45,23414.3
24850,4300,-3603,0,0,2026-09-22 08:03:45,23414.3
24900,7300,-9929,143,-3,2026-09-22 08:03:45,23414.3
24950,2070,-1002,0,0,2026-09-22 08:03:45,23414.3
25000,36357,-32030,535,-477,2026-09-22 08:03:45,23414.3
25050,1445,-1278,1,0,2026-09-22 08:03:45,23414.3
25100,4523,-8963,12,-4,2026-09-22 08:03:45,23414.3
25150,2111,-832,5,0,2026-09-22 08:03:45,23414.3
25200,3925,-1482,35,-25,2026-09-22 08:03:45,23414.3
25250,1673,-812,8,0,2026-09-22 08:03:45,23414.3
25300,2553,-152,8,-1,2026-09-22 08:03:45,23414.3
25350,445,153,0,0,2026-09-22 08:03:45,23414.3
25400,1705,-864,27,-4,2026-09-22 08:03:45,23414.3
25450,333,0,8,0,2026-09-22 08:03:45,23414.3
25500,8620,-5417,372,-498,2026-09-22 08:03:45,23414.3
25550,428,28,2,1,2026-09-22 08:03:45,23414.3
25600,1303,-608,3,0,2026-09-22 08:03:45,23414.3
25650,414,-11,8,0,2026-09-22 08:03:45,23414.3
25700,2049,-606,0,0,2026-09-22 08:03:45,23414.3
25750,619,-126,0,0,2026-09-22 08:03:45,23414.3
25800,9418,-3893,5,-2,2026-09-22 08:03:45,23414.3
25850,607,43,0,0,2026-09-22 08:03:45,23414.3
25900,1566,-560,0,0,2026-09-22 08:03:45,23414.3
25950,615,194,0,0,2026-09-22 08:03:45,23414.3
26000,11030,-11253,451,-606,2026-09-22 08:03:45,23414.3
26050,1220,-132,0,0,2026-09-22 08:03:45,23414.3
26100,7313,-1921,0,0,2026-09-22 08:03:45,23414.3
21350,0,0,71738,-25680,2026-09-22 08:04:00,23414.3
21400,0,0,44652,-12333,2026-09-22 08:04:00,23414.3
21450,0,0,10825,1196,2026-09-22 08:04:00,23414.3
21500,0,0,49411,-21658,2026-09-22 08:04:00,23414.3
21550,0,0,5193,1399,2026-09-22 08:04:00,23414.3
21600,0,0,6820,-835,2026-09-22 08:04:00,23414.3
21650,0,0,9718,-4694,2026-09-22 08:04:00,23414.3
21700,24,0,26734,-17473,2026-09-22 08:04:00,23414.3
21750,0,0,5467,-411,2026-09-22 08:04:00,23414.3
21800,1,0,34162,-13356,2026-09-22 08:04:00,23414.3
21850,0,0,7350,601,2026-09-22 08:04:00,23414.3
21900,0,0,23587,-5974,2026-09-22 08:04:00,23414.3
21950,0,0,8004,98,2026-09-22 08:04:00,23414.3
22000,298,-48,152809,-12445,2026-09-22 08:04:00,23414.3
22050,5,0,5979,-5066,2026-09-22 08:04:00,23414.3
22100,18,0,29981,-6454,2026-09-22 08:04:00,23414.3
22150,4,0,14601,-3078,2026-09-22 08:04:00,23414.3
22200,40,-1,68722,-8308,2026-09-22 08:04:00,23414.3
22250,8,0,19892,4128,2026-09-22 08:04:00,23414.3
22300,114,-15,66407,-12789,2026-09-22 08:04:00,23414.3
22350,11,0,28233,2921,2026-09-22 08:04:00,23414.3
22400,38,0,76074,10806,2026-09-22 08:04:00,23414.3
22450,7,0,42632,12636,2026-09-22 08:04:00,23414.3
22500,899,-394,191934,53126,2026-09-22 08:04:00,23414.3
22550,42,0,30314,2501,2026-09-22 08:04:00,23414.3
22600,575,-52,88578,7879,2026-09-22 08:04:00,23414.3
22650,262,1,34743,7892,2026-09-22 08:04:00,23414.3
22700,820,12,112418,15388,2026-09-22 08:04:00,23414.3
22750,506,-23,41224,-21923,2026-09-22 08:04:00,23414.3
22800,1278,-557,137166,26270,2026-09-22 08:04:00,23414.3
22850,741,-73,40773,-7998,2026-09-22 08:04:00,23414.3
22900,1928,-173,133484,56979,2026-09-22 08:04:00,23414.3
22950,1314,-32,67465,10659,2026-09-22 08:04:00,23414.3
23000,6470,-3096,189739,20598,2026-09-22 08:04:00,23414.3
23050,2291,-79,73191,29028,2026-09-22 08:04:00,23414.3
23100,7428,-1717,144841,45920,2026-09-22 08:04:00,23414.3
23150,3858,-1521,95207,35155,2026-09-22 08:04:00,23414.3
23200,31633,-9375,172908,25187,2026-09-22 08:04:00,23414.3
23250,19263,-8610,121877,22020,2026-09-22 08:04:00,23414.3
23300,59836,-54313,243496,48318,2026-09-22 08:04:00,23414.3
23350,39503,-36737,155256,76132,2026-09-22 08:04:00,23414.3
23400,132358,-2538,247382,173731,2026-09-22 08:04:00,23414.3
23450,98924,39541,97810,87093,2026-09-22 08:04:00,23414.3
23500,178853,36912,77732,40728,2026-09-22 08:04:00,23414.3
23550,95921,39685,13183,9144,2026-09-22 08:04:00,23414.3
23600,164756,43079,18565,7184,2026-09-22 08:04:00,23414.3
23650,119469,57289,3682,658,2026-09-22 08:04:00,23414.3
23700,145155,-933,8964,706,2026-09-22 08:04:00,23414.3
23750,80044,13833,1318,-246,2026-09-22 08:04:00,23414.3
23800,126555,180,5378,-1680,2026-09-22 08:04:00,23414.3
23850,55095,9300,1022,-96,2026-09-22 08:04:00,23414.3
23900,98069,8157,3535,-3186,2026-09-22 08:04:00,23414.3
23950,22057,-14376,1014,-140,2026-09-22 08:04:00,23414.3
24000,140005,-37819,11350,-2827,2026-09-22 08:04:00,23414.3
24050,29826,2111,333,-37,2026-09-22 08:04:00,23414.3
24100,66847,-12596,1545,-579,2026-09-22 08:04:00,23414.3
24150,19767,-17667,304,-67,2026-09-22 08:04:00,23414.3
24200,101906,4081,1412,-1154,2026-09-22 08:04:00,23414.3
24250,26254,6244,334,-45,2026-09-22 08:04:00,23414.3
24300,52584,-10416,758,-692,2026-09-22 08:04:00,23414.3
24350,17020,-1443,159,-66,2026-09-22 08:04:00,23414.3
24400,37119,-6935,806,-936,2026-09-22 08:04:00,23414.3
24450,9291,-436,127,-63,2026-09-22 08:04:00,23414.3
24500,109713,-44907,1786,-2444,2026-09-22 08:04:00,23414.3
24550,13597,-404,161,-206,2026-09-22 08:04:00,23414.3
24600,23581,-12111,405,-305,2026-09-22 08:04:00,23414.3
24650,3362,-3037,29,-49,2026-09-22 08:04:00,23414.3
24700,13752,-21246,66,-23,2026-09-22 08:04:00,23414.3
24750,2384,-537,0,0,2026-09-22 08:04:00,23414.3
24800,33389,-8909,100,-255,2026-09-22 08:04:00,23414.3
24850,4300,-3603,0,0,2026-09-22 08:04:00,23414.3
24900,7300,-9929,143,-3,2026-09-22 08:04:00,23414.3
24950,2070,-1002,0,0,2026-09-22 08:04:00,23414.3
25000,36357,-32030,535,-477,2026-09-22 08:04:00,23414.3
25050,1445,-1278,1,0,2026-09-22 08:04:00,23414.3
25100,4523,-8963,12,-4,2026-09-22 08:04:00,23414.3
25150,2111,-832,5,0,2026-09-22 08:04:00,23414.3
25200,3925,-1482,35,-25,2026-09-22 08:04:00,23414.3
25250,1673,-812,8,0,2026-09-22 08:04:00,23414.3
25300,2553,-152,8,-1,2026-09-22 08:04:00,23414.3
25350,445,153,0,0,2026-09-22 08:04:00,23414.3
25400,1705,-864,27,-4,2026-09-22 08:04:00,23414.3
25450,333,0,8,0,2026-09-22 08:04:00,23414.3
25500,8620,-5417,372,-498,2026-09-22 08:04:00,23414.3
25550,428,28,2,1,2026-09-22 08:04:00,23414.3
25600,1303,-608,3,0,2026-09-22 08:04:00,23414.3
25650,414,-11,8,0,2026-09-22 08:04:00,23414.3
25700,2049,-606,0,0,2026-09-22 08:04:00,23414.3
25750,619,-126,0,0,2026-09-22 08:04:00,23414.3
25800,9418,-3893,5,-2,2026-09-22 08:04:00,23414.3
25850,607,43,0,0,2026-09-22 08:04:00,23414.3
25900,1566,-560,0,0,2026-09-22 08:04:00,23414.3
25950,615,194,0,0,2026-09-22 08:04:00,23414.3
26000,11030,-11253,451,-606,2026-09-22 08:04:00,23414.3
26050,1220,-132,0,0,2026-09-22 08:04:00,23414.3
26100,7313,-1921,0,0,2026-09-22 08:04:00,23414.3
21350,0,0,71738,-25680,2026-09-22 08:06:49,23414.3
21400,0,0,44652,-12333,2026-09-22 08:06:49,23414.3
21450,0,0,10825,1196,2026-09-22 08:06:49,23414.3
21500,0,0,49411,-21658,2026-09-22 08:06:49,23414.3
21550,0,0,5193,1399,2026-09-22 08:06:49,23414.3
21600,0,0,6820,-835,2026-09-22 08:06:49,23414.3
21650,0,0,9718,-4694,2026-09-22 08:06:49,23414.3
21700,24,0,26734,-17473,2026-09-22 08:06:49,23414.3
21750,0,0,5467,-411,2026-09-22 08:06:49,23414.3
21800,1,0,34162,-13356,2026-09-22 08:06:49,23414.3
21850,0,0,7350,601,2026-09-22 08:06:49,23414.3
21900,0,0,23587,-5974,2026-09-22 08:06:49,23414.3
21950,0,0,8004,98,2026-09-22 08:06:49,23414.3
22000,298,-48,152809,-12445,2026-09-22 08:06:49,23414.3
22050,5,0,5979,-5066,2026-09-22 08:06:49,23414.3
22100,18,0,29981,-6454,2026-09-22 08:06:49,23414.3
22150,4,0,14601,-3078,2026-09-22 08:06:49,23414.3
22200,40,-1,68722,-8308,2026-09-22 08:06:49,23414.3
22250,8,0,19892,4128,2026-09-22 08:06:49,23414.3
22300,114,-15,66407,-12789,2026-09-22 08:06:49,23414.3
22350,11,0,28233,2921,2026-09-22 08:06:49,23414.3
22400,38,0,76074,10806,2026-09-22 08:06:49,23414.3
22450,7,0,42632,12636,2026-09-22 08:06:49,23414.3
22500,899,-394,191934,53126,2026-09-22 08:06:49,23414.3
22550,42,0,30314,2501,2026-09-22 08:06:49,23414.3
22600,575,-52,88578,7879,2026-09-22 08:06:49,23414.3
22650,262,1,34743,7892,2026-09-22 08:06:49,23414.3
22700,820,12,112418,15388,2026-09-22 08:06:49,23414.3
22750,506,-23,41224,-21923,2026-09-22 08:06:49,23414.3
22800,1278,-557,137166,26270,2026-09-22 08:06:49,23414.3
22850,741,-73,40773,-7998,2026-09-22 08:06:49,23414.3
22900,1928,-173,133484,56979,2026-09-22 08:06:49,23414.3
22950,1314,-32,67465,10659,2026-09-22 08:06:49,23414.3
23000,6470,-3096,189739,20598,2026-09-22 08:06:49,23414.3
23050,2291,-79,73191,29028,2026-09-22 08:06:49,23414.3
23100,7428,-1717,144841,45920,2026-09-22 08:06:49,23414.3
23150,3858,-1521,95207,35155,2026-09-22 08:06:49,23414.3
23200,31633,-9375,172908,25187,2026-09-22 08:06:49,23414.3
23250,19263,-8610,121877,22020,2026-09-22 08:06:49,23414.3
23300,59836,-54313,243496,48318,2026-09-22 08:06:49,23414.3
23350,39503,-36737,155256,76132,2026-09-22 08:06:49,23414.3
23400,132358,-2538,247382,173731,2026-09-22 08:06:49,23414.3
23450,98924,39541,97810,87093,2026-09-22 08:06:49,23414.3
23500,178853,36912,77732,40728,2026-09-22 08:06:49,23414.3
23550,95921,39685,13183,9144,2026-09-22 08:06:49,23414.3
23600,164756,43079,18565,7184,2026-09-22 08:06:49,23414.3
23650,119469,57289,3682,658,2026-09-22 08:06:49,23414.3
23700,145155,-933,8964,706,2026-09-22 08:06:49,23414.3
23750,80044,13833,1318,-246,2026-09-22 08:06:49,23414.3
23800,126555,180,5378,-1680,2026-09-22 08:06:49,23414.3
23850,55095,9300,1022,-96,2026-09-22 08:06:49,23414.3
23900,98069,8157,3535,-3186,2026-09-22 08:06:49,23414.3
23950,22057,-14376,1014,-140,2026-09-22 08:06:49,23414.3
24000,140005,-37819,11350,-2827,2026-09-22 08:06:49,23414.3
24050,29826,2111,333,-37,2026-09-22 08:06:49,23414.3
24100,66847,-12596,1545,-579,2026-09-22 08:06:49,23414.3
24150,19767,-17667,304,-67,2026-09-22 08:06:49,23414.3
24200,101906,4081,1412,-1154,2026-09-22 08:06:49,23414.3
24250,26254,6244,334,-45,2026-09-22 08:06:49,23414.3
24300,52584,-10416,758,-692,2026-09-22 08:06:49,23414.3
24350,17020,-1443,159,-66,2026-09-22 08:06:49,23414.3
24400,37119,-6935,806,-936,2026-09-22 08:06:49,23414.3
24450,9291,-436,127,-63,2026-09-22 08:06:49,23414.3
24500,109713,-44907,1786,-2444,2026-09-22 08:06:49,23414.3
24550,13597,-404,161,-206,2026-09-22 08:06:49,23414.3
24600,23581,-12111,405,-305,2026-09-22 08:06:49,23414.3
24650,3362,-3037,29,-49,2026-09-22 08:06:49,23414.3
24700,13752,-21246,66,-23,2026-09-22 08:06:49,23414.3
24750,2384,-537,0,0,2026-09-22 08:06:49,23414.3
24800,33389,-8909,100,-255,2026-09-22 08:06:49,23414.3
24850,4300,-3603,0,0,2026-09-22 08:06:49,23414.3
24900,7300,-9929,143,-3,2026-09-22 08:06:49,23414.3
24950,2070,-1002,0,0,2026-09-22 08:06:49,23414.3
25000,36357,-32030,535,-477,2026-09-22 08:06:49,23414.3
25050,1445,-1278,1,0,2026-09-22 08:06:49,23414.3
25100,4523,-8963,12,-4,2026-09-22 08:06:49,23414.3
25150,2111,-832,5,0,2026-09-22 08:06:49,23414.3
25200,3925,-1482,35,-25,2026-09-22 08:06:49,23414.3
25250,1673,-812,8,0,2026-09-22 08:06:49,23414.3
25300,2553,-152,8,-1,2026-09-22 08:06:49,23414.3
25350,445,153,0,0,2026-09-22 08:06:49,23414.3
25400,1705,-864,27,-4,2026-09-22 08:06:49,23414.3
25450,333,0,8,0,2026-09-22 08:06:49,23414.3
25500,8620,-5417,372,-498,2026-09-22 08:06:49,23414.3
25550,428,28,2,1,2026-09-22 08:06:49,23414.3
25600,1303,-608,3,0,2026-09-22 08:06:49,23414.3
25650,414,-11,8,0,2026-09-22 08:06:49,23414.3
25700,2049,-606,0,0,2026-09-22 08:06:49,23414.3
25750,619,-126,0,0,2026-09-22 08:06:49,23414.3
25800,9418,-3893,5,-2,2026-09-22 08:06:49,23414.3
25850,607,43,0,0,2026-09-22 08:06:49,23414.3
25900,1566,-560,0,0,2026-09-22 08:06:49,23414.3
25950,615,194,0,0,2026-09-22 08:06:49,23414.3
26000,11030,-11253,451,-606,2026-09-22 08:06:49,23414.3
26050,1220,-132,0,0,2026-09-22 08:06:49,23414.3
26100,7313,-1921,0,0,2026-09-22 08:06:49,23414.3
21350,0,0,71738,-25680,2026-09-22 08:07:19,23414.3
21400,0,0,44652,-12333,2026-09-22 08:07:19,23414.3
21450,0,0,10825,1196,2026-09-22 08:07:19,23414.3
21500,0,0,49411,-21658,2026-09-22 08:07:19,23414.3
21550,0,0,5193,1399,2026-09-22 08:07:19,23414.3
21600,0,0,6820,-835,2026-09-22 08:07:19,23414.3
21650,0,0,9718,-4694,2026-09-22 08:07:19,23414.3
21700,24,0,26734,-17473,2026-09-22 08:07:19,23414.3
21750,0,0,5467,-411,2026-09-22 08:07:19,23414.3
21800,1,0,34162,-13356,2026-09-22 08:07:19,23414.3
21850,0,0,7350,601,2026-09-22 08:07:19,23414.3
21900,0,0,23587,-5974,2026-09-22 08:07:19,23414.3
21950,0,0,8004,98,2026-09-22 08:07:19,23414.3
22000,298,-48,152809,-12445,2026-09-22 08:07:19,23414.3
22050,5,0,5979,-5066,2026-09-22 08:07:19,23414.3
22100,18,0,29981,-6454,2026-09-22 08:07:19,23414.3
22150,4,0,14601,-3078,2026-09-22 08:07:19,23414.3
22200,40,-1,68722,-8308,2026-09-22 08:07:19,23414.3
22250,8,0,19892,4128,2026-09-22 08:07:19,23414.3
22300,114,-15,66407,-12789,2026-09-22 08:07:19,23414.3
22350,11,0,28233,2921,2026-09-22 08:07:19,23414.3
22400,38,0,76074,10806,2026-09-22 08:07:19,23414.3
22450,7,0,42632,12636,2026-09-22 08:07:19,23414.3
22500,899,-394,191934,53126,2026-09-22 08:07:19,23414.3
22550,42,0,30314,2501,2026-09-22 08:07:19,23414.3
22600,575,-52,88578,7879,2026-09-22 08:07:19,23414.3
22650,262,1,34743,7892,2026-09-22 08:07:19,23414.3
22700,820,12,112418,15388,2026-09-22 08:07:19,23414.3
22750,506,-23,41224,-21923,2026-09-22 08:07:19,23414.3
22800,1278,-557,137166,26270,2026-09-22 08:07:19,23414.3
22850,741,-73,40773,-7998,2026-09-22 08:07:19,23414.3
22900,1928,-173,133484,56979,2026-09-22 08:07:19,23414.3
22950,1314,-32,67465,10659,2026-09-22 08:07:19,23414.3
23000,6470,-3096,189739,20598,2026-09-22 08:07:19,23414.3
23050,2291,-79,73191,29028,2026-09-22 08:07:19,23414.3
23100,7428,-1717,144841,45920,2026-09-22 08:07:19,23414.3
23150,3858,-1521,95207,35155,2026-09-22 08:07:19,23414.3
23200,31633,-9375,172908,25187,2026-09-22 08:07:19,23414.3
23250,19263,-8610,121877,22020,2026-09-22 08:07:19,23414.3
23300,59836,-54313,243496,48318,2026-09-22 08:07:19,23414.3
23350,39503,-36737,155256,76132,2026-09-22 08:07:19,23414.3
23400,132358,-2538,247382,173731,2026-09-22 08:07:19,23414.3
23450,98924,39541,97810,87093,2026-09-22 08:07:19,23414.3
23500,178853,36912,77732,40728,2026-09-22 08:07:19,23414.3
23550,95921,39685,13183,9144,2026-09-22 08:07:19,23414.3
23600,164756,43079,18565,7184,2026-09-22 08:07:19,23414.3
23650,119469,57289,3682,658,2026-09-22 08:07:19,23414.3
23700,145155,-933,8964,706,2026-09-22 08:07:19,23414.3
23750,80044,13833,1318,-246,2026-09-22 08:07:19,23414.3
23800,126555,180,5378,-1680,2026-09-22 08:07:19,23414.3
23850,55095,9300,1022,-96,2026-09-22 08:07:19,23414.3
23900,98069,8157,3535,-3186,2026-09-22 08:07:19,23414.3
23950,22057,-14376,1014,-140,2026-09-22 08:07:19,23414.3
24000,140005,-37819,11350,-2827,2026-09-22 08:07:19,23414.3
24050,29826,2111,333,-37,2026-09-22 08:07:19,23414.3
24100,66847,-12596,1545,-579,2026-09-22 08:07:19,23414.3
24150,19767,-17667,304,-67,2026-09-22 08:07:19,23414.3
24200,101906,4081,1412,-1154,2026-09-22 08:07:19,23414.3
24250,26254,6244,334,-45,2026-09-22 08:07:19,23414.3
24300,52584,-10416,758,-692,2026-09-22 08:07:19,23414.3
24350,17020,-1443,159,-66,2026-09-22 08:07:19,23414.3
24400,37119,-6935,806,-936,2026-09-22 08:07:19,23414.3
24450,9291,-436,127,-63,2026-09-22 08:07:19,23414.3
24500,109713,-44907,1786,-2444,2026-09-22 08:07:19,23414.3
24550,13597,-404,161,-206,2026-09-22 08:07:19,23414.3
24600,23581,-12111,405,-305,2026-09-22 08:07:19,23414.3
24650,3362,-3037,29,-49,2026-09-22 08:07:19,23414.3
24700,13752,-21246,66,-23,2026-09-22 08:07:19,23414.3
24750,2384,-537,0,0,2026-09-22 08:07:19,23414.3
24800,33389,-8909,100,-255,2026-09-22 08:07:19,23414.3
24850,4300,-3603,0,0,2026-09-22 08:07:19,23414.3
24900,7300,-9929,143,-3,2026-09-22 08:07:19,23414.3
24950,2070,-1002,0,0,2026-09-22 08:07:19,23414.3
25000,36357,-32030,535,-477,2026-09-22 08:07:19,23414.3
25050,1445,-1278,1,0,2026-09-22 08:07:19,23414.3
25100,4523,-8963,12,-4,2026-09-22 08:07:19,23414.3
25150,2111,-832,5,0,2026-09-22 08:07:19,23414.3
25200,3925,-1482,35,-25,2026-09-22 08:07:19,23414.3
25250,1673,-812,8,0,2026-09-22 08:07:19,23414.3
25300,2553,-152,8,-1,2026-09-22 08:07:19,23414.3
25350,445,153,0,0,2026-09-22 08:07:19,23414.3
25400,1705,-864,27,-4,2026-09-22 08:07:19,23414.3
25450,333,0,8,0,2026-09-22 08:07:19,23414.3
25500,8620,-5417,372,-498,2026-09-22 08:07:19,23414.3
25550,428,28,2,1,2026-09-22 08:07:19,23414.3
25600,1303,-608,3,0,2026-09-22 08:07:19,23414.3
25650,414,-11,8,0,2026-09-22 08:07:19,23414.3
25700,2049,-606,0,0,2026-09-22 08:07:19,23414.3
25750,619,-126,0,0,2026-09-22 08:07:19,23414.3
25800,9418,-3893,5,-2,2026-09-22 08:07:19,23414.3
25850,607,43,0,0,2026-09-22 08:07:19,23414.3
25900,1566,-560,0,0,2026-09-22 08:07:19,23414.3
25950,615,194,0,0,2026-09-22 08:07:19,23414.3
26000,11030,-11253,451,-606,2026-09-22 08:07:19,23414.3
26050,1220,-132,0,0,2026-09-22 08:07:19,23414.3
26100,7313,-1921,0,0,2026-09-22 08:07:19,23414.3
21350,0,0,71738,-25680,2026-09-22 08:07:19,23414.3
21400,0,0,44652,-12333,2026-09-22 08:07:19,23414.3
21450,0,0,10825,1196,2026-09-22 08:07:19,23414.3
21500,0,0,49411,-21658,2026-09-22 08:07:19,23414.3
21550,0,0,5193,1399,2026-09-22 08:07:19,23414.3
21600,0,0,6820,-835,2026-09-22 08:07:19,23414.3
21650,0,0,9718,-4694,2026-09-22 08:07:19,23414.3
21700,24,0,26734,-17473,2026-09-22 08:07:19,23414.3
21750,0,0,5467,-411,2026-09-22 08:07:19,23414.3
21800,1,0,34162,-13356,2026-09-22 08:07:19,23414.3
21850,0,0,7350,601,2026-09-22 08:07:19,23414.3
21900,0,0,23587,-5974,2026-09-22 08:07:19,23414.3
21950,0,0,8004,98,2026-09-22 08:07:19,23414.3
22000,298,-48,152809,-12445,2026-09-22 08:07:19,23414.3
22050,5,0,5979,-5066,2026-09-22 08:07:19,23414.3
22100,18,0,29981,-6454,2026-09-22 08:07:19,23414.3
22150,4,0,14601,-3078,2026-09-22 08:07:19,23414.3
22200,40,-1,68722,-8308,2026-09-22 08:07:19,23414.3
22250,8,0,19892,4128,2026-09-22 08:07:19,23414.3
22300,114,-15,66407,-12789,2026-09-22 08:07:19,23414.3
22350,11,0,28233,2921,2026-09-22 08:07:19,23414.3
22400,38,0,76074,10806,2026-09-22 08:07:19,23414.3
22450,7,0,42632,12636,2026-09-22 08:07:19,23414.3
22500,899,-394,191934,53126,2026-09-22 08:07:19,23414.3
22550,42,0,30314,2501,2026-09-22 08:07:19,23414.3
22600,575,-52,88578,7879,2026-09-22 08:07:19,23414.3
22650,262,1,34743,7892,2026-09-22 08:07:19,23414.3
22700,820,12,112418,15388,2026-09-22 08:07:19,23414.3
22750,506,-23,41224,-21923,2026-09-22 08:07:19,23414.3
22800,1278,-557,137166,26270,2026-09-22 08:07:19,23414.3
22850,741,-73,40773,-7998,2026-09-22 08:07:19,23414.3
22900,1928,-173,133484,56979,2026-09-22 08:07:19,23414.3
22950,1314,-32,67465,10659,2026-09-22 08:07:19,23414.3
23000,6470,-3096,189739,20598,2026-09-22 08:07:19,23414.3
23050,2291,-79,73191,29028,2026-09-22 08:07:19,23414.3
23100,7428,-1717,144841,45920,2026-09-22 08:07:19,23414.3
23150,3858,-1521,95207,35155,2026-09-22 08:07:19,23414.3
23200,31633,-9375,172908,25187,2026-09-22 08:07:19,23414.3
23250,19263,-8610,121877,22020,2026-09-22 08:07:19,23414.3
23300,59836,-54313,243496,48318,2026-09-22 08:07:19,23414.3
23350,39503,-36737,155256,76132,2026-09-22 08:07:19,23414.3
23400,132358,-2538,247382,173731,2026-09-22 08:07:19,23414.3
23450,98924,39541,97810,87093,2026-09-22 08:07:19,23414.3
23500,178853,36912,77732,40728,2026-09-22 08:07:19,23414.3
23550,95921,39685,13183,9144,2026-09-22 08:07:19,23414.3
23600,164756,43079,18565,7184,2026-09-22 08:07:19,23414.3
23650,119469,57289,3682,658,2026-09-22 08:07:19,23414.3
23700,145155,-933,8964,706,2026-09-22 08:07:19,23414.3
23750,80044,13833,1318,-246,2026-09-22 08:07:19,23414.3
23800,126555,180,5378,-1680,2026-09-22 08:07:19,23414.3
23850,55095,9300,1022,-96,2026-09-22 08:07:19,23414.3
23900,98069,8157,3535,-3186,2026-09-22 08:07:19,23414.3
23950,22057,-14376,1014,-140,2026-09-22 08:07:19,23414.3
24000,140005,-37819,11350,-2827,2026-09-22 08:07:19,23414.3
24050,29826,2111,333,-37,2026-09-22 08:07:19,23414.3
24100,66847,-12596,1545,-579,2026-09-22 08:07:19,23414.3
24150,19767,-17667,304,-67,2026-09-22 08:07:19,23414.3
24200,101906,4081,1412,-1154,2026-09-22 08:07:19,23414.3
24250,26254,6244,334,-45,2026-09-22 08:07:19,23414.3
24300,52584,-10416,758,-692,2026-09-22 08:07:19,23414.3
24350,17020,-1443,159,-66,2026-09-22 08:07:19,23414.3
24400,37119,-6935,806,-936,2026-09-22 08:07:19,23414.3
24450,9291,-436,127,-63,2026-09-22 08:07:19,23414.3
24500,109713,-44907,1786,-2444,2026-09-22 08:07:19,23414.3
24550,13597,-404,161,-206,2026-09-22 08:07:19,23414.3
24600,23581,-12111,405,-305,2026-09-22 08:07:19,23414.3
24650,3362,-3037,29,-49,2026-09-22 08:07:19,23414.3
24700,13752,-21246,66,-23,2026-09-22 08:07:19,23414.3
24750,2384,-537,0,0,2026-09-22 08:07:19,23414.3
24800,33389,-8909,100,-255,2026-09-22 08:07:19,23414.3
24850,4300,-3603,0,0,2026-09-22 08:07:19,23414.3
24900,7300,-9929,143,-3,2026-09-22 08:07:19,23414.3
24950,2070,-1002,0,0,2026-09-22 08:07:19,23414.3
25000,36357,-32030,535,-477,2026-09-22 08:07:19,23414.3
25050,1445,-1278,1,0,2026-09-22 08:07:19,23414.3
25100,4523,-8963,12,-4,2026-09-22 08:07:19,23414.3
25150,2111,-832,5,0,2026-09-22 08:07:19,23414.3
25200,3925,-1482,35,-25,2026-09-22 08:07:19,23414.3
25250,1673,-812,8,0,2026-09-22 08:07:19,23414.3
25300,2553,-152,8,-1,2026-09-22 08:07:19,23414.3
25350,445,153,0,0,2026-09-22 08:07:19,23414.3
25400,1705,-864,27,-4,2026-09-22 08:07:19,23414.3
25450,333,0,8,0,2026-09-22 08:07:19,23414.3
25500,8620,-5417,372,-498,2026-09-22 08:07:19,23414.3
25550,428,28,2,1,2026-09-22 08:07:19,23414.3
25600,1303,-608,3,0,2026-09-22 08:07:19,23414.3
25650,414,-11,8,0,2026-09-22 08:07:19,23414.3
25700,2049,-606,0,0,2026-09-22 08:07:19,23414.3
25750,619,-126,0,0,2026-09-22 08:07:19,23414.3
25800,9418,-3893,5,-2,2026-09-22 08:07:19,23414.3
25850,607,43,0,0,2026-09-22 08:07:19,23414.3
25900,1566,-560,0,0,2026-09-22 08:07:19,23414.3
25950,615,194,0,0,2026-09-22 08:07:19,23414.3
26000,11030,-11253,451,-606,2026-09-22 08:07:19,23414.3
26050,1220,-132,0,0,2026-09-22 08:07:19,23414.3
26100,7313,-1921,0,0,2026-09-22 08:07:19,23414.3
21350,0,0,71738,-25680,2026-09-22 08:10:23,23414.3
21400,0,0,44652,-12333,2026-09-22 08:10:23,23414.3
21450,0,0,10825,1196,2026-09-22 08:10:23,23414.3
21500,0,0,49411,-21658,2026-09-22 08:10:23,23414.3
21550,0,0,5193,1399,2026-09-22 08:10:23,23414.3
21600,0,0,6820,-835,2026-09-22 08:10:23,23414.3
21650,0,0,9718,-4694,2026-09-22 08:10:23,23414.3
21700,24,0,26734,-17473,2026-09-22 08:10:23,23414.3
21750,0,0,5467,-411,2026-09-22 08:10:23,23414.3
21800,1,0,34162,-13356,2026-09-22 08:10:23,23414.3
21850,0,0,7350,601,2026-09-22 08:10:23,23414.3
21900,0,0,23587,-5974,2026-09-22 08:10:23,23414.3
21950,0,0,8004,98,2026-09-22 08:10:23,23414.3
22000,298,-48,152809,-12445,2026-09-22 08:10:23,23414.3
22050,5,0,5979,-5066,2026-09-22 08:10:23,23414.3
22100,18,0,29981,-6454,2026-09-22 08:10:23,23414.3
22150,4,0,14601,-3078,2026-09-22 08:10:23,23414.3
22200,40,-1,68722,-8308,2026-09-22 08:10:23,23414.3
22250,8,0,19892,4128,2026-09-22 08:10:23,23414.3
22300,114,-15,66407,-12789,2026-09-22 08:10:23,23414.3
22350,11,0,28233,2921,2026-09-22 08:10:23,23414.3
22400,38,0,76074,10806,2026-09-22 08:10:23,23414.3
22450,7,0,42632,12636,2026-09-22 08:10:23,23414.3
22500,899,-394,191934,53126,2026-09-22 08:10:23,23414.3
22550,42,0,30314,2501,2026-09-22 08:10:23,23414.3
22600,575,-52,88578,7879,2026-09-22 08:10:23,23414.3
22650,262,1,34743,7892,2026-09-22 08:10:23,23414.3
22700,820,12,112418,15388,2026-09-22 08:10:23,23414.3
22750,506,-23,41224,-21923,2026-09-22 08:10:23,23414.3
22800,1278,-557,137166,26270,2026-09-22 08:10:23,23414.3
22850,741,-73,40773,-7998,2026-09-22 08:10:23,23414.3
22900,1928,-173,133484,56979,2026-09-22 08:10:23,23414.3
22950,1314,-32,67465,10659,2026-09-22 08:10:23,23414.3
23000,6470,-3096,189739,20598,2026-09-22 08:10:23,23414.3
23050,2291,-79,73191,29028,2026-09-22 08:10:23,23414.3
23100,7428,-1717,144841,45920,2026-09-22 08:10:23,23414.3
23150,3858,-1521,95207,35155,2026-09-22 08:10:23,23414.3
23200,31633,-9375,172908,25187,2026-09-22 08:10:23,23414.3
23250,19263,-8610,121877,22020,2026-09-22 08:10:23,23414.3
23300,59836,-54313,243496,48318,2026-09-22 08:10:23,23414.3
23350,39503,-36737,155256,76132,2026-09-22 08:10:23,23414.3
23400,132358,-2538,247382,173731,2026-09-22 08:10:23,23414.3
23450,98924,39541,97810,87093,2026-09-22 08:10:23,23414.3
23500,178853,36912,77732,40728,2026-09-22 08:10:23,23414.3
23550,95921,39685,13183,9144,2026-09-22 08:10:23,23414.3
23600,164756,43079,18565,7184,2026-09-22 08:10:23,23414.3
23650,119469,57289,3682,658,2026-09-22 08:10:23,23414.3
23700,145155,-933,8964,706,2026-09-22 08:10:23,23414.3
23750,80044,13833,1318,-246,2026-09-22 08:10:23,23414.3
23800,126555,180,5378,-1680,2026-09-22 08:10:23,23414.3
23850,55095,9300,1022,-96,2026-09-22 08:10:23,23414.3
23900,98069,8157,3535,-3186,2026-09-22 08:10:23,23414.3
23950,22057,-14376,1014,-140,2026-09-22 08:10:23,23414.3
24000,140005,-37819,11350,-2827,2026-09-22 08:10:23,23414.3
24050,29826,2111,333,-37,2026-09-22 08:10:23,23414.3
24100,66847,-12596,1545,-579,2026-09-22 08:10:23,23414.3
24150,19767,-17667,304,-67,2026-09-22 08:10:23,23414.3
24200,101906,4081,1412,-1154,2026-09-22 08:10:23,23414.3
24250,26254,6244,334,-45,2026-09-22 08:10:23,23414.3
24300,52584,-10416,758,-692,2026-09-22 08:10:23,23414.3
24350,17020,-1443,159,-66,2026-09-22 08:10:23,23414.3
24400,37119,-6935,806,-936,2026-09-22 08:10:23,23414.3
24450,9291,-436,127,-63,2026-09-22 08:10:23,23414.3
24500,109713,-44907,1786,-2444,2026-09-22 08:10:23,23414.3
24550,13597,-404,161,-206,2026-09-22 08:10:23,23414.3
24600,23581,-12111,405,-305,2026-09-22 08:10:23,23414.3
24650,3362,-3037,29,-49,2026-09-22 08:10:23,23414.3
24700,13752,-21246,66,-23,2026-09-22 08:10:23,23414.3
24750,2384,-537,0,0,2026-09-22 08:10:23,23414.3
24800,33389,-8909,100,-255,2026-09-22 08:10:23,23414.3
24850,4300,-3603,0,0,2026-09-22 08:10:23,23414.3
24900,7300,-9929,143,-3,2026-09-22 08:10:23,23414.3
24950,2070,-1002,0,0,2026-09-22 08:10:23,23414.3
25000,36357,-32030,535,-477,2026-09-22 08:10:23,23414.3
25050,1445,-1278,1,0,2026-09-22 08:10:23,23414.3
25100,4523,-8963,12,-4,2026-09-22 08:10:23,23414.3
25150,2111,-832,5,0,2026-09-22 08:10:23,23414.3
25200,3925,-1482,35,-25,2026-09-22 08:10:23,23414.3
25250,1673,-812,8,0,2026-09-22 08:10:23,23414.3
25300,2553,-152,8,-1,2026-09-22 08:10:23,23414.3
25350,445,153,0,0,2026-09-22 08:10:23,23414.3
25400,1705,-864,27,-4,2026-09-22 08:10:23,23414.3
25450,333,0,8,0,2026-09-22 08:10:23,23414.3
25500,8620,-5417,372,-498,2026-09-22 08:10:23,23414.3
25550,428,28,2,1,2026-09-22 08:10:23,23414.3
25600,1303,-608,3,0,2026-09-22 08:10:23,23414.3
25650,414,-11,8,0,2026-09-22 08:10:23,23414.3
25700,2049,-606,0,0,2026-09-22 08:10:23,23414.3
25750,619,-126,0,0,2026-09-22 08:10:23,23414.3
25800,9418,-3893,5,-2,2026-09-22 08:10:23,23414.3
25850,607,43,0,0,2026-09-22 08:10:23,23414.3
25900,1566,-560,0,0,2026-09-22 08:10:23,23414.3
25950,615,194,0,0,2026-09-22 08:10:23,23414.3
26000,11030,-11253,451,-606,2026-09-22 08:10:23,23414.3
26050,1220,-132,0,0,2026-09-22 08:10:23,23414.3
26100,7313,-1921,0,0,2026-09-22 08:10:23,23414.3
21350,0,0,71738,-25680,2026-09-22 08:13:32,23414.3
21400,0,0,44652,-12333,2026-09-22 08:13:32,23414.3
21450,0,0,10825,1196,2026-09-22 08:13:32,23414.3
21500,0,0,49411,-21658,2026-09-22 08:13:32,23414.3
21550,0,0,5193,1399,2026-09-22 08:13:32,23414.3
21600,0,0,6820,-835,2026-09-22 08:13:32,23414.3
21650,0,0,9718,-4694,2026-09-22 08:13:32,23414.3
21700,24,0,26734,-17473,2026-09-22 08:13:32,23414.3
21750,0,0,5467,-411,2026-09-22 08:13:32,23414.3
21800,1,0,34162,-13356,2026-09-22 08:13:32,23414.3
21850,0,0,7350,601,2026-09-22 08:13:32,23414.3
21900,0,0,23587,-5974,2026-09-22 08:13:32,23414.3
21950,0,0,8004,98,2026-09-22 08:13:32,23414.3
22000,298,-48,152809,-12445,2026-09-22 08:13:32,23414.3
22050,5,0,5979,-5066,2026-09-22 08:13:32,23414.3
22100,18,0,29981,-6454,2026-09-22 08:13:32,23414.3
22150,4,0,14601,-3078,2026-09-22 08:13:32,23414.3
22200,40,-1,68722,-8308,2026-09-22 08:13:32,23414.3
22250,8,0,19892,4128,2026-09-22 08:13:32,23414.3
22300,114,-15,66407,-12789,2026-09-22 08:13:32,23414.3
22350,11,0,28233,2921,2026-09-22 08:13:32,23414.3
22400,38,0,76074,10806,2026-09-22 08:13:32,23414.3
22450,7,0,42632,12636,2026-09-22 08:13:32,23414.3
22500,899,-394,191934,53126,2026-09-22 08:13:32,23414.3
22550,42,0,30314,2501,2026-09-22 08:13:32,23414.3
22600,575,-52,88578,7879,2026-09-22 08:13:32,23414.3
22650,262,1,34743,7892,2026-09-22 08:13:32,23414.3
22700,820,12,112418,15388,2026-09-22 08:13:32,23414.3
22750,506,-23,41224,-21923,2026-09-22 08:13:32,23414.3
22800,1278,-557,137166,26270,2026-09-22 08:13:32,23414.3
22850,741,-73,40773,-7998,2026-09-22 08:13:32,23414.3
22900,1928,-173,133484,56979,2026-09-22 08:13:32,23414.3
22950,1314,-32,67465,10659,2026-09-22 08:13:32,23414.3
23000,6470,-3096,189739,20598,2026-09-22 08:13:32,23414.3
23050,2291,-79,73191,29028,2026-09-22 08:13:32,23414.3
23100,7428,-1717,144841,45920,2026-09-22 08:13:32,23414.3
23150,3858,-1521,95207,35155,2026-09-22 08:13:32,23414.3
23200,31633,-9375,172908,25187,2026-09-22 08:13:32,23414.3
23250,19263,-8610,121877,22020,2026-09-22 08:13:32,23414.3
23300,59836,-54313,243496,48318,2026-09-22 08:13:32,23414.3
23350,39503,-36737,155256,76132,2026-09-22 08:13:32,23414.3
23400,132358,-2538,247382,173731,2026-09-22 08:13:32,23414.3
23450,98924,39541,97810,87093,2026-09-22 08:13:32,23414.3
23500,178853,36912,77732,40728,2026-09-22 08:13:32,23414.3
23550,95921,39685,13183,9144,2026-09-22 08:13:32,23414.3
23600,164756,43079,18565,7184,2026-09-22 08:13:32,23414.3
23650,119469,57289,3682,658,2026-09-22 08:13:32,23414.3
23700,145155,-933,8964,706,2026-09-22 08:13:32,23414.3
23750,80044,13833,1318,-246,2026-09-22 08:13:32,23414.3
23800,126555,180,5378,-1680,2026-09-22 08:13:32,23414.3
23850,55095,9300,1022,-96,2026-09-22 08:13:32,23414.3
23900,98069,8157,3535,-3186,2026-09-22 08:13:32,23414.3
23950,22057,-14376,1014,-140,2026-09-22 08:13:32,23414.3
24000,140005,-37819,11350,-2827,2026-09-22 08:13:32,23414.3
24050,29826,2111,333,-37,2026-09-22 08:13:32,23414.3
24100,66847,-12596,1545,-579,2026-09-22 08:13:32,23414.3
24150,19767,-17667,304,-67,2026-09-22 08:13:32,23414.3
24200,101906,4081,1412,-1154,2026-09-22 08:13:32,23414.3
24250,26254,6244,334,-45,2026-09-22 08:13:32,23414.3
24300,52584,-10416,758,-692,2026-09-22 08:13:32,23414.3
24350,17020,-1443,159,-66,2026-09-22 08:13:32,23414.3
24400,37119,-6935,806,-936,2026-09-22 08:13:32,23414.3
24450,9291,-436,127,-63,2026-09-22 08:13:32,23414.3
24500,109713,-44907,1786,-2444,2026-09-22 08:13:32,23414.3
24550,13597,-404,161,-206,2026-09-22 08:13:32,23414.3
24600,23581,-12111,405,-305,2026-09-22 08:13:32,23414.3
24650,3362,-3037,29,-49,2026-09-22 08:13:32,23414.3
24700,13752,-21246,66,-23,2026-09-22 08:13:32,23414.3
24750,2384,-537,0,0,2026-09-22 08:13:32,23414.3
24800,33389,-8909,100,-255,2026-09-22 08:13:32,23414.3
24850,4300,-3603,0,0,2026-09-22 08:13:32,23414.3
24900,7300,-9929,143,-3,2026-09-22 08:13:32,23414.3
24950,2070,-1002,0,0,2026-09-22 08:13:32,23414.3
25000,36357,-32030,535,-477,2026-09-22 08:13:32,23414.3
25050,1445,-1278,1,0,2026-09-22 08:13:32,23414.3
25100,4523,-8963,12,-4,2026-09-22 08:13:32,23414.3
25150,2111,-832,5,0,2026-09-22 08:13:32,23414.3
25200,3925,-1482,35,-25,2026-09-22 08:13:32,23414.3
25250,1673,-812,8,0,2026-09-22 08:13:32,23414.3
25300,2553,-152,8,-1,2026-09-22 08:13:32,23414.3
25350,445,153,0,0,2026-09-22 08:13:32,23414.3
25400,1705,-864,27,-4,2026-09-22 08:13:32,23414.3
25450,333,0,8,0,2026-09-22 08:13:32,23414.3
25500,8620,-5417,372,-498,2026-09-22 08:13:32,23414.3
25550,428,28,2,1,2026-09-22 08:13:32,23414.3
25600,1303,-608,3,0,2026-09-22 08:13:32,23414.3
25650,414,-11,8,0,2026-09-22 08:13:32,23414.3
25700,2049,-606,0,0,2026-09-22 08:13:32,23414.3
25750,619,-126,0,0,2026-09-22 08:13:32,23414.3
25800,9418,-3893,5,-2,2026-09-22 08:13:32,23414.3
25850,607,43,0,0,2026-09-22 08:13:32,23414.3
25900,1566,-560,0,0,2026-09-22 08:13:32,23414.3
25950,615,194,0,0,2026-09-22 08:13:32,23414.3
26000,11030,-11253,451,-606,2026-09-22 08:13:32,23414.3
26050,1220,-132,0,0,2026-09-22 08:13:32,23414.3
26100,7313,-1921,0,0,2026-09-22 08:13:32,23414.3
21350,0,0,71738,-25680,2026-09-22 08:13:34,23414.3
21400,0,0,44652,-12333,2026-09-22 08:13:34,23414.3
21450,0,0,10825,1196,2026-09-22 08:13:34,23414.3
21500,0,0,49411,-21658,2026-09-22 08:13:34,23414.3
21550,0,0,5193,1399,2026-09-22 08:13:34,23414.3
21600,0,0,6820,-835,2026-09-22 08:13:34,23414.3
21650,0,0,9718,-4694,2026-09-22 08:13:34,23414.3
21700,24,0,26734,-17473,2026-09-22 08:13:34,23414.3
21750,0,0,5467,-411,2026-09-22 08:13:34,23414.3
21800,1,0,34162,-13356,2026-09-22 08:13:34,23414.3
21850,0,0,7350,601,2026-09-22 08:13:34,23414.3
21900,0,0,23587,-5974,2026-09-22 08:13:34,23414.3
21950,0,0,8004,98,2026-09-22 08:13:34,23414.3
22000,298,-48,152809,-12445,2026-09-22 08:13:34,23414.3
22050,5,0,5979,-5066,2026-09-22 08:13:34,23414.3
22100,18,0,29981,-6454,2026-09-22 08:13:34,23414.3
22150,4,0,14601,-3078,2026-09-22 08:13:34,23414.3
22200,40,-1,68722,-8308,2026-09-22 08:13:34,23414.3
22250,8,0,19892,4128,2026-09-22 08:13:34,23414.3
22300,114,-15,66407,-12789,2026-09-22 08:13:34,23414.3
22350,11,0,28233,2921,2026-09-22 08:13:34,23414.3
22400,38,0,76074,10806,2026-09-22 08:13:34,23414.3
22450,7,0,42632,12636,2026-09-22 08:13:34,23414.3
22500,899,-394,191934,53126,2026-09-22 08:13:34,23414.3
22550,42,0,30314,2501,2026-09-22 08:13:34,23414.3
22600,575,-52,88578,7879,2026-09-22 08:13:34,23414.3
22650,262,1,34743,7892,2026-09-22 08:13:34,23414.3
22700,820,12,112418,15388,2026-09-22 08:13:34,23414.3
22750,506,-23,41224,-21923,2026-09-22 08:13:34,23414.3
22800,1278,-557,137166,26270,2026-09-22 08:13:34,23414.3
22850,741,-73,40773,-7998,2026-09-22 08:13:34,23414.3
22900,1928,-173,133484,56979,2026-09-22 08:13:34,23414.3
22950,1314,-32,67465,10659,2026-09-22 08:13:34,23414.3
23000,6470,-3096,189739,20598,2026-09-22 08:13:34,23414.3
23050,2291,-79,73191,29028,2026-09-22 08:13:34,23414.3
23100,7428,-1717,144841,45920,2026-09-22 08:13:34,23414.3
23150,3858,-1521,95207,35155,2026-09-22 08:13:34,23414.3
23200,31633,-9375,172908,25187,2026-09-22 08:13:34,23414.3
23250,19263,-8610,121877,22020,2026-09-22 08:13:34,23414.3
23300,59836,-54313,243496,48318,2026-09-22 08:13:34,23414.3
23350,39503,-36737,155256,76132,2026-09-22 08:13:34,23414.3
23400,132358,-2538,247382,173731,2026-09-22 08:13:34,23414.3
23450,98924,39541,97810,87093,2026-09-22 08:13:34,23414.3
23500,178853,36912,77732,40728,2026-09-22 08:13:34,23414.3
23550,95921,39685,13183,9144,2026-09-22 08:13:34,23414.3
23600,164756,43079,18565,7184,2026-09-22 08:13:34,23414.3
23650,119469,57289,3682,658,2026-09-22 08:13:34,23414.3
23700,145155,-933,8964,706,2026-09-22 08:13:34,23414.3
23750,80044,13833,1318,-246,2026-09-22 08:13:34,23414.3
23800,126555,180,5378,-1680,2026-09-22 08:13:34,23414.3
23850,55095,9300,1022,-96,2026-09-22 08:13:34,23414.3
23900,98069,8157,3535,-3186,2026-09-22 08:13:34,23414.3
23950,22057,-14376,1014,-140,2026-09-22 08:13:34,23414.3
24000,140005,-37819,11350,-2827,2026-09-22 08:13:34,23414.3
24050,29826,2111,333,-37,2026-09-22 08:13:34,23414.3
24100,66847,-12596,1545,-579,2026-09-22 08:13:34,23414.3
24150,19767,-17667,304,-67,2026-09-22 08:13:34,23414.3
24200,101906,4081,1412,-1154,2026-09-22 08:13:34,23414.3
24250,26254,6244,334,-45,2026-09-22 08:13:34,23414.3
24300,52584,-10416,758,-692,2026-09-22 08:13:34,23414.3
24350,17020,-1443,159,-66,2026-09-22 08:13:34,23414.3
24400,37119,-6935,806,-936,2026-09-22 08:13:34,23414.3
24450,9291,-436,127,-63,2026-09-22 08:13:34,23414.3
24500,109713,-44907,1786,-2444,2026-09-22 08:13:34,23414.3
24550,13597,-404,161,-206,2026-09-22 08:13:34,23414.3
24600,23581,-12111,405,-305,2026-09-22 08:13:34,23414.3
24650,3362,-3037,29,-49,2026-09-22 08:13:34,23414.3
24700,13752,-21246,66,-23,2026-09-22 08:13:34,23414.3
24750,2384,-537,0,0,2026-09-22 08:13:34,23414.3
24800,33389,-8909,100,-255,2026-09-22 08:13:34,23414.3
24850,4300,-3603,0,0,2026-09-22 08:13:34,23414.3
24900,7300,-9929,143,-3,2026-09-22 08:13:34,23414.3
24950,2070,-1002,0,0,2026-09-22 08:13:34,23414.3
25000,36357,-32030,535,-477,2026-09-22 08:13:34,23414.3
25050,1445,-1278,1,0,2026-09-22 08:13:34,23414.3
25100,4523,-8963,12,-4,2026-09-22 08:13:34,23414.3
25150,2111,-832,5,0,2026-09-22 08:13:34,23414.3
25200,3925,-1482,35,-25,2026-09-22 08:13:34,23414.3
25250,1673,-812,8,0,2026-09-22 08:13:34,23414.3
25300,2553,-152,8,-1,2026-09-22 08:13:34,23414.3
25350,445,153,0,0,2026-09-22 08:13:34,23414.3
25400,1705,-864,27,-4,2026-09-22 08:13:34,23414.3
25450,333,0,8,0,2026-09-22 08:13:34,23414.3
25500,8620,-5417,372,-498,2026-09-22 08:13:34,23414.3
25550,428,28,2,1,2026-09-22 08:13:34,23414.3
25600,1303,-608,3,0,2026-09-22 08:13:34,23414.3
25650,414,-11,8,0,2026-09-22 08:13:34,23414.3
25700,2049,-606,0,0,2026-09-22 08:13:34,23414.3
25750,619,-126,0,0,2026-09-22 08:13:34,23414.3
25800,9418,-3893,5,-2,2026-09-22 08:13:34,23414.3
25850,607,43,0,0,2026-09-22 08:13:34,23414.3
25900,1566,-560,0,0,2026-09-22 08:13:34,23414.3
25950,615,194,0,0,2026-09-22 08:13:34,23414.3
26000,11030,-11253,451,-606,2026-09-22 08:13:34,23414.3
26050,1220,-132,0,0,2026-09-22 08:13:34,23414.3
26100,7313,-1921,0,0,2026-09-22 08:13:34,23414.3
21350,0,0,71738,-25680,2026-09-22 08:16:08,23414.3
21400,0,0,44652,-12333,2026-09-22 08:16:08,23414.3
21450,0,0,10825,1196,2026-09-22 08:16:08,23414.3
21500,0,0,49411,-21658,2026-09-22 08:16:08,23414.3
21550,0,0,5193,1399,2026-09-22 08:16:08,23414.3
21600,0,0,6820,-835,2026-09-22 08:16:08,23414.3
21650,0,0,9718,-4694,2026-09-22 08:16:08,23414.3
21700,24,0,26734,-17473,2026-09-22 08:16:08,23414.3
21750,0,0,5467,-411,2026-09-22 08:16:08,23414.3
21800,1,0,34162,-13356,2026-09-22 08:16:08,23414.3
21850,0,0,7350,601,2026-09-22 08:16:08,23414.3
21900,0,0,23587,-5974,2026-09-22 08:16:08,23414.3
21950,0,0,8004,98,2026-09-22 08:16:08,23414.3
22000,298,-48,152809,-12445,2026-09-22 08:16:08,23414.3
22050,5,0,5979,-5066,2026-09-22 08:16:08,23414.3
22100,18,0,29981,-6454,2026-09-22 08:16:08,23414.3
22150,4,0,14601,-3078,2026-09-22 08:16:08,23414.3
22200,40,-1,68722,-8308,2026-09-22 08:16:08,23414.3
22250,8,0,19892,4128,2026-09-22 08:16:08,23414.3
22300,114,-15,66407,-12789,2026-09-22 08:16:08,23414.3
22350,11,0,28233,2921,2026-09-22 08:16:08,23414.3
22400,38,0,76074,10806,2026-09-22 08:16:08,23414.3
22450,7,0,42632,12636,2026-09-22 08:16:08,23414.3
22500,899,-394,191934,53126,2026-09-22 08:16:08,23414.3
22550,42,0,30314,2501,2026-09-22 08:16:08,23414.3
22600,575,-52,88578,7879,2026-09-22 08:16:08,23414.3
22650,262,1,34743,7892,2026-09-22 08:16:08,23414.3
22700,820,12,112418,15388,2026-09-22 08:16:08,23414.3
22750,506,-23,41224,-21923,2026-09-22 08:16:08,23414.3
22800,1278,-557,137166,26270,2026-09-22 08:16:08,23414.3
22850,741,-73,40773,-7998,2026-09-22 08:16:08,23414.3
22900,1928,-173,133484,56979,2026-09-22 08:16:08,23414.3
22950,1314,-32,67465,10659,2026-09-22 08:16:08,23414.3
23000,6470,-3096,189739,20598,2026-09-22 08:16:08,23414.3
23050,2291,-79,73191,29028,2026-09-22 08:16:08,23414.3
23100,7428,-1717,144841,45920,2026-09-22 08:16:08,23414.3
23150,3858,-1521,95207,35155,2026-09-22 08:16:08,23414.3
23200,31633,-9375,172908,25187,2026-09-22 08:16:08,23414.3
23250,19263,-8610,121877,22020,2026-09-22 08:16:08,23414.3
23300,59836,-54313,243496,48318,2026-09-22 08:16:08,23414.3
23350,39503,-36737,155256,76132,2026-09-22 08:16:08,23414.3
23400,132358,-2538,247382,173731,2026-09-22 08:16:08,23414.3
23450,98924,39541,97810,87093,2026-09-22 08:16:08,23414.3
23500,178853,36912,77732,40728,2026-09-22 08:16:08,23414.3
23550,95921,39685,13183,9144,2026-09-22 08:16:08,23414.3
23600,164756,43079,18565,7184,2026-09-22 08:16:08,23414.3
23650,119469,57289,3682,658,2026-09-22 08:16:08,23414.3
23700,145155,-933,8964,706,2026-09-22 08:16:08,23414.3
23750,80044,13833,1318,-246,2026-09-22 08:16:08,23414.3
23800,126555,180,5378,-1680,2026-09-22 08:16:08,23414.3
23850,55095,9300,1022,-96,2026-09-22 08:16:08,23414.3
23900,98069,8157,3535,-3186,2026-09-22 08:16:08,23414.3
23950,22057,-14376,1014,-140,2026-09-22 08:16:08,23414.3
24000,140005,-37819,11350,-2827,2026-09-22 08:16:08,23414.3
24050,29826,2111,333,-37,2026-09-22 08:16:08,23414.3
24100,66847,-12596,1545,-579,2026-09-22 08:16:08,23414.3
24150,19767,-17667,304,-67,2026-09-22 08:16:08,23414.3
24200,101906,4081,1412,-1154,2026-09-22 08:16:08,23414.3
24250,26254,6244,334,-45,2026-09-22 08:16:08,23414.3
24300,52584,-10416,758,-692,2026-09-22 08:16:08,23414.3
24350,17020,-1443,159,-66,2026-09-22 08:16:08,23414.3
24400,37119,-6935,806,-936,2026-09-22 08:16:08,23414.3
24450,9291,-436,127,-63,2026-09-22 08:16:08,23414.3
24500,109713,-44907,1786,-2444,2026-09-22 08:16:08,23414.3
24550,13597,-404,161,-206,2026-09-22 08:16:08,23414.3
24600,23581,-12111,405,-305,2026-09-22 08:16:08,23414.3
24650,3362,-3037,29,-49,2026-09-22 08:16:08,23414.3
24700,13752,-21246,66,-23,2026-09-22 08:16:08,23414.3
24750,2384,-537,0,0,2026-09-22 08:16:08,23414.3
24800,33389,-8909,100,-255,2026-09-22 08:16:08,23414.3
24850,4300,-3603,0,0,2026-09-22 08:16:08,23414.3
24900,7300,-9929,143,-3,2026-09-22 08:16:08,23414.3
24950,2070,-1002,0,0,2026-09-22 08:16:08,23414.3
25000,36357,-32030,535,-477,2026-09-22 08:16:08,23414.3
25050,1445,-1278,1,0,2026-09-22 08:16:08,23414.3
25100,4523,-8963,12,-4,2026-09-22 08:16:08,23414.3
25150,2111,-832,5,0,2026-09-22 08:16:08,23414.3
25200,3925,-1482,35,-25,2026-09-22 08:16:08,23414.3
25250,1673,-812,8,0,2026-09-22 08:16:08,23414.3
25300,2553,-152,8,-1,2026-09-22 08:16:08,23414.3
25350,445,153,0,0,2026-09-22 08:16:08,23414.3
25400,1705,-864,27,-4,2026-09-22 08:16:08,23414.3
25450,333,0,8,0,2026-09-22 08:16:08,23414.3
25500,8620,-5417,372,-498,2026-09-22 08:16:08,23414.3
25550,428,28,2,1,2026-09-22 08:16:08,23414.3
25600,1303,-608,3,0,2026-09-22 08:16:08,23414.3
25650,414,-11,8,0,2026-09-22 08:16:08,23414.3
25700,2049,-606,0,0,2026-09-22 08:16:08,23414.3
25750,619,-126,0,0,2026-09-22 08:16:08,23414.3
25800,9418,-3893,5,-2,2026-09-22 08:16:08,23414.3
25850,607,43,0,0,2026-09-22 08:16:08,23414.3
25900,1566,-560,0,0,2026-09-22 08:16:08,23414.3
25950,615,194,0,0,2026-09-22 08:16:08,23414.3
26000,11030,-11253,451,-606,2026-09-22 08:16:08,23414.3
26050,1220,-132,0,0,2026-09-22 08:16:08,23414.3
26100,7313,-1921,0,0,2026-09-22 08:16:08,23414.3
21350,0,0,71738,-25680,2026-09-22 08:16:36,23414.3
21400,0,0,44652,-12333,2026-09-22 08:16:36,23414.3
21450,0,0,10825,1196,2026-09-22 08:16:36,23414.3
21500,0,0,49411,-21658,2026-09-22 08:16:36,23414.3
21550,0,0,5193,1399,2026-09-22 08:16:36,23414.3
21600,0,0,6820,-835,2026-09-22 08:16:36,23414.3
21650,0,0,9718,-4694,2026-09-22 08:16:36,23414.3
21700,24,0,26734,-17473,2026-09-22 08:16:36,23414.3
21750,0,0,5467,-411,2026-09-22 08:16:36,23414.3
21800,1,0,34162,-13356,2026-09-22 08:16:36,23414.3
21850,0,0,7350,601,2026-09-22 08:16:36,23414.3
21900,0,0,23587,-5974,2026-09-22 08:16:36,23414.3
21950,0,0,8004,98,2026-09-22 08:16:36,23414.3
22000,298,-48,152809,-12445,2026-09-22 08:16:36,23414.3
22050,5,0,5979,-5066,2026-09-22 08:16:36,23414.3
22100,18,0,29981,-6454,2026-09-22 08:16:36,23414.3
22150,4,0,14601,-3078,2026-09-22 08:16:36,23414.3
22200,40,-1,68722,-8308,2026-09-22 08:16:36,23414.3
22250,8,0,19892,4128,2026-09-22 08:16:36,23414.3
22300,114,-15,66407,-12789,2026-09-22 08:16:36,23414.3
22350,11,0,28233,2921,2026-09-22 08:16:36,23414.3
22400,38,0,76074,10806,2026-09-22 08:16:36,23414.3
22450,7,0,42632,12636,2026-09-22 08:16:36,23414.3
22500,899,-394,191934,53126,2026-09-22 08:16:36,23414.3
22550,42,0,30314,2501,2026-09-22 08:16:36,23414.3
22600,575,-52,88578,7879,2026-09-22 08:16:36,23414.3
22650,262,1,34743,7892,2026-09-22 08:16:36,23414.3
22700,820,12,112418,15388,2026-09-22 08:16:36,23414.3
22750,506,-23,41224,-21923,2026-09-22 08:16:36,23414.3
22800,1278,-557,137166,26270,2026-09-22 08:16:36,23414.3
22850,741,-73,40773,-7998,2026-09-22 08:16:36,23414.3
22900,1928,-173,133484,56979,2026-09-22 08:16:36,23414.3
22950,1314,-32,67465,10659,2026-09-22 08:16:36,23414.3
23000,6470,-3096,189739,20598,2026-09-22 08:16:36,23414.3
23050,2291,-79,73191,29028,2026-09-22 08:16:36,23414.3
23100,7428,-1717,144841,45920,2026-09-22 08:16:36,23414.3
23150,3858,-1521,95207,35155,2026-09-22 08:16:36,23414.3
23200,31633,-9375,172908,25187,2026-09-22 08:16:36,23414.3
23250,19263,-8610,121877,22020,2026-09-22 08:16:36,23414.3
23300,59836,-54313,243496,48318,2026-09-22 08:16:36,23414.3
23350,39503,-36737,155256,76132,2026-09-22 08:16:36,23414.3
23400,132358,-2538,247382,173731,2026-09-22 08:16:36,23414.3
23450,98924,39541,97810,87093,2026-09-22 08:16:36,23414.3
23500,178853,36912,77732,40728,2026-09-22 08:16:36,23414.3
23550,95921,39685,13183,9144,2026-09-22 08:16:36,23414.3
23600,164756,43079,18565,7184,2026-09-22 08:16:36,23414.3
23650,119469,57289,3682,658,2026-09-22 08:16:36,23414.3
23700,145155,-933,8964,706,2026-09-22 08:16:36,23414.3
23750,80044,13833,1318,-246,2026-09-22 08:16:36,23414.3
23800,126555,180,5378,-1680,2026-09-22 08:16:36,23414.3
23850,55095,9300,1022,-96,2026-09-22 08:16:36,23414.3
23900,98069,8157,3535,-3186,2026-09-22 08:16:36,23414.3
23950,22057,-14376,1014,-140,2026-09-22 08:16:36,23414.3
24000,140005,-37819,11350,-2827,2026-09-22 08:16:36,23414.3
24050,29826,2111,333,-37,2026-09-22 08:16:36,23414.3
24100,66847,-12596,1545,-579,2026-09-22 08:16:36,23414.3
24150,19767,-17667,304,-67,2026-09-22 08:16:36,23414.3
24200,101906,4081,1412,-1154,2026-09-22 08:16:36,23414.3
24250,26254,6244,334,-45,2026-09-22 08:16:36,23414.3
24300,52584,-10416,758,-692,2026-09-22 08:16:36,23414.3
24350,17020,-1443,159,-66,2026-09-22 08:16:36,23414.3
24400,37119,-6935,806,-936,2026-09-22 08:16:36,23414.3
24450,9291,-436,127,-63,2026-09-22 08:16:36,23414.3
24500,109713,-44907,1786,-2444,2026-09-22 08:16:36,23414.3
24550,13597,-404,161,-206,2026-09-22 08:16:36,23414.3
24600,23581,-12111,405,-305,2026-09-22 08:16:36,23414.3
24650,3362,-3037,29,-49,2026-09-22 08:16:36,23414.3
24700,13752,-21246,66,-23,2026-09-22 08:16:36,23414.3
24750,2384,-537,0,0,2026-09-22 08:16:36,23414.3
24800,33389,-8909,100,-255,2026-09-22 08:16:36,23414.3
24850,4300,-3603,0,0,2026-09-22 08:16:36,23414.3
24900,7300,-9929,143,-3,2026-09-22 08:16:36,23414.3
24950,2070,-1002,0,0,2026-09-22 08:16:36,23414.3
25000,36357,-32030,535,-477,2026-09-22 08:16:36,23414.3
25050,1445,-1278,1,0,2026-09-22 08:16:36,23414.3
25100,4523,-8963,12,-4,2026-09-22 08:16:36,23414.3
25150,2111,-832,5,0,2026-09-22 08:16:36,23414.3
25200,3925,-1482,35,-25,2026-09-22 08:16:36,23414.3
25250,1673,-812,8,0,2026-09-22 08:16:36,23414.3
25300,2553,-152,8,-1,2026-09-22 08:16:36,23414.3
25350,445,153,0,0,2026-09-22 08:16:36,23414.3
25400,1705,-864,27,-4,2026-09-22 08:16:36,23414.3
25450,333,0,8,0,2026-09-22 08:16:36,23414.3
25500,8620,-5417,372,-498,2026-09-22 08:16:36,23414.3
25550,428,28,2,1,2026-09-22 08:16:36,23414.3
25600,1303,-608,3,0,2026-09-22 08:16:36,23414.3
25650,414,-11,8,0,2026-09-22 08:16:36,23414.3
25700,2049,-606,0,0,2026-09-22 08:16:36,23414.3
25750,619,-126,0,0,2026-09-22 08:16:36,23414.3
25800,9418,-3893,5,-2,2026-09-22 08:16:36,23414.3
25850,607,43,0,0,2026-09-22 08:16:36,23414.3
25900,1566,-560,0,0,2026-09-22 08:16:36,23414.3
25950,615,194,0,0,2026-09-22 08:16:36,23414.3
26000,11030,-11253,451,-606,2026-09-22 08:16:36,23414.3
26050,1220,-132,0,0,2026-09-22 08:16:36,23414.3
26100,7313,-1921,0,0,2026-09-22 08:16:36,23414.3
21350,0,0,71738,-25680,2026-09-22 08:16:38,23414.3
21400,0,0,44652,-12333,2026-09-22 08:16:38,23414.3
21450,0,0,10825,1196,2026-09-22 08:16:38,23414.3
21500,0,0,49411,-21658,2026-09-22 08:16:38,23414.3
21550,0,0,5193,1399,2026-09-22 08:16:38,23414.3
21600,0,0,6820,-835,2026-09-22 08:16:38,23414.3
21650,0,0,9718,-4694,2026-09-22 08:16:38,23414.3
21700,24,0,26734,-17473,2026-09-22 08:16:38,23414.3
21750,0,0,5467,-411,2026-09-22 08:16:38,23414.3
21800,1,0,34162,-13356,2026-09-22 08:16:38,23414.3
21850,0,0,7350,601,2026-09-22 08:16:38,23414.3
21900,0,0,23587,-5974,2026-09-22 08:16:38,23414.3
21950,0,0,8004,98,2026-09-22 08:16:38,23414.3
22000,298,-48,152809,-12445,2026-09-22 08:16:38,23414.3
22050,5,0,5979,-5066,2026-09-22 08:16:38,23414.3
22100,18,0,29981,-6454,2026-09-22 08:16:38,23414.3
22150,4,0,14601,-3078,2026-09-22 08:16:38,23414.3
22200,40,-1,68722,-8308,2026-09-22 08:16:38,23414.3
22250,8,0,19892,4128,2026-09-22 08:16:38,23414.3
22300,114,-15,66407,-12789,2026-09-22 08:16:38,23414.3
22350,11,0,28233,2921,2026-09-22 08:16:38,23414.3
22400,38,0,76074,10806,2026-09-22 08:16:38,23414.3
22450,7,0,42632,12636,2026-09-22 08:16:38,23414.3
22500,899,-394,191934,53126,2026-09-22 08:16:38,23414.3
22550,42,0,30314,2501,2026-09-22 08:16:38,23414.3
22600,575,-52,88578,7879,2026-09-22 08:16:38,23414.3
22650,262,1,34743,7892,2026-09-22 08:16:38,23414.3
22700,820,12,112418,15388,2026-09-22 08:16:38,23414.3
22750,506,-23,41224,-21923,2026-09-22 08:16:38,23414.3
22800,1278,-557,137166,26270,2026-09-22 08:16:38,23414.3
22850,741,-73,40773,-7998,2026-09-22 08:16:38,23414.3
22900,1928,-173,133484,56979,2026-09-22 08:16:38,23414.3
22950,1314,-32,67465,10659,2026-09-22 08:16:38,23414.3
23000,6470,-3096,189739,20598,2026-09-22 08:16:38,23414.3
23050,2291,-79,73191,29028,2026-09-22 08:16:38,23414.3
23100,7428,-1717,144841,45920,2026-09-22 08:16:38,23414.3
23150,3858,-1521,95207,35155,2026-09-22 08:16:38,23414.3
23200,31633,-9375,172908,25187,2026-09-22 08:16:38,23414.3
23250,19263,-8610,121877,22020,2026-09-22 08:16:38,23414.3
23300,59836,-54313,243496,48318,2026-09-22 08:16:38,23414.3
23350,39503,-36737,155256,76132,2026-09-22 08:16:38,23414.3
23400,132358,-2538,247382,173731,2026-09-22 08:16:38,23414.3
23450,98924,39541,97810,87093,2026-09-22 08:16:38,23414.3
23500,178853,36912,77732,40728,2026-09-22 08:16:38,23414.3
23550,95921,39685,13183,9144,2026-09-22 08:16:38,23414.3
23600,164756,43079,18565,7184,2026-09-22 08:16:38,23414.3
23650,119469,57289,3682,658,2026-09-22 08:16:38,23414.3
23700,145155,-933,8964,706,2026-09-22 08:16:38,23414.3
23750,80044,13833,1318,-246,2026-09-22 08:16:38,23414.3
23800,126555,180,5378,-1680,2026-09-22 08:16:38,23414.3
23850,55095,9300,1022,-96,2026-09-22 08:16:38,23414.3
23900,98069,8157,3535,-3186,2026-09-22 08:16:38,23414.3
23950,22057,-14376,1014,-140,2026-09-22 08:16:38,23414.3
24000,140005,-37819,11350,-2827,2026-09-22 08:16:38,23414.3
24050,29826,2111,333,-37,2026-09-22 08:16:38,23414.3
24100,66847,-12596,1545,-579,2026-09-22 08:16:38,23414.3
24150,19767,-17667,304,-67,2026-09-22 08:16:38,23414.3
24200,101906,4081,1412,-1154,2026-09-22 08:16:38,23414.3
24250,26254,6244,334,-45,2026-09-22 08:16:38,23414.3
24300,52584,-10416,758,-692,2026-09-22 08:16:38,23414.3
24350,17020,-1443,159,-66,2026-09-22 08:16:38,23414.3
24400,37119,-6935,806,-936,2026-09-22 08:16:38,23414.3
24450,9291,-436,127,-63,2026-09-22 08:16:38,23414.3
24500,109713,-44907,1786,-2444,2026-09-22 08:16:38,23414.3
24550,13597,-404,161,-206,2026-09-22 08:16:38,23414.3
24600,23581,-12111,405,-305,2026-09-22 08:16:38,23414.3
24650,3362,-3037,29,-49,2026-09-22 08:16:38,23414.3
24700,13752,-21246,66,-23,2026-09-22 08:16:38,23414.3
24750,2384,-537,0,0,2026-09-22 08:16:38,23414.3
24800,33389,-8909,100,-255,2026-09-22 08:16:38,23414.3
24850,4300,-3603,0,0,2026-09-22 08:16:38,23414.3
24900,7300,-9929,143,-3,2026-09-22 08:16:38,23414.3
24950,2070,-1002,0,0,2026-09-22 08:16:38,23414.3
25000,36357,-32030,535,-477,2026-09-22 08:16:38,23414.3
25050,1445,-1278,1,0,2026-09-22 08:16:38,23414.3
25100,4523,-8963,12,-4,2026-09-22 08:16:38,23414.3
25150,2111,-832,5,0,2026-09-22 08:16:38,23414.3
25200,3925,-1482,35,-25,2026-09-22 08:16:38,23414.3
25250,1673,-812,8,0,2026-09-22 08:16:38,23414.3
25300,2553,-152,8,-1,2026-09-22 08:16:38,23414.3
25350,445,153,0,0,2026-09-22 08:16:38,23414.3
25400,1705,-864,27,-4,2026-09-22 08:16:38,23414.3
25450,333,0,8,0,2026-09-22 08:16:38,23414.3
25500,8620,-5417,372,-498,2026-09-22 08:16:38,23414.3
25550,428,28,2,1,2026-09-22 08:16:38,23414.3
25600,1303,-608,3,0,2026-09-22 08:16:38,23414.3
25650,414,-11,8,0,2026-09-22 08:16:38,23414.3
25700,2049,-606,0,0,2026-09-22 08:16:38,23414.3
25750,619,-126,0,0,2026-09-22 08:16:38,23414.3
25800,9418,-3893,5,-2,2026-09-22 08:16:38,23414.3
25850,607,43,0,0,2026-09-22 08:16:38,23414.3
25900,1566,-560,0,0,2026-09-22 08:16:38,23414.3
25950,615,194,0,0,2026-09-22 08:16:38,23414.3
26000,11030,-11253,451,-606,2026-09-22 08:16:38,23414.3
26050,1220,-132,0,0,2026-09-22 08:16:38,23414.3
26100,7313,-1921,0,0,2026-09-22 08:16:38,23414.3
21350,0,0,71738,-25680,2026-09-22 08:16:54,23414.3
21400,0,0,44652,-12333,2026-09-22 08:16:54,23414.3
21450,0,0,10825,1196,2026-09-22 08:16:54,23414.3
21500,0,0,49411,-21658,2026-09-22 08:16:54,23414.3
21550,0,0,5193,1399,2026-09-22 08:16:54,23414.3
21600,0,0,6820,-835,2026-09-22 08:16:54,23414.3
21650,0,0,9718,-4694,2026-09-22 08:16:54,23414.3
21700,24,0,26734,-17473,2026-09-22 08:16:54,23414.3
21750,0,0,5467,-411,2026-09-22 08:16:54,23414.3
21800,1,0,34162,-13356,2026-09-22 08:16:54,23414.3
21850,0,0,7350,601,2026-09-22 08:16:54,23414.3
21900,0,0,23587,-5974,2026-09-22 08:16:54,23414.3
21950,0,0,8004,98,2026-09-22 08:16:54,23414.3
22000,298,-48,152809,-12445,2026-09-22 08:16:54,23414.3
22050,5,0,5979,-5066,2026-09-22 08:16:54,23414.3
22100,18,0,29981,-6454,2026-09-22 08:16:54,23414.3
22150,4,0,14601,-3078,2026-09-22 08:16:54,23414.3
22200,40,-1,68722,-8308,2026-09-22 08:16:54,23414.3
22250,8,0,19892,4128,2026-09-22 08:16:54,23414.3
22300,114,-15,66407,-12789,2026-09-22 08:16:54,23414.3
22350,11,0,28233,2921,2026-09-22 08:16:54,23414.3
22400,38,0,76074,10806,2026-09-22 08:16:54,23414.3
22450,7,0,42632,12636,2026-09-22 08:16:54,23414.3
22500,899,-394,191934,53126,2026-09-22 08:16:54,23414.3
22550,42,0,30314,2501,2026-09-22 08:16:54,23414.3
22600,575,-52,88578,7879,2026-09-22 08:16:54,23414.3
22650,262,1,34743,7892,2026-09-22 08:16:54,23414.3
22700,820,12,112418,15388,2026-09-22 08:16:54,23414.3
22750,506,-23,41224,-21923,2026-09-22 08:16:54,23414.3
22800,1278,-557,137166,26270,2026-09-22 08:16:54,23414.3
22850,741,-73,40773,-7998,2026-09-22 08:16:54,23414.3
22900,1928,-173,133484,56979,2026-09-22 08:16:54,23414.3
22950,1314,-32,67465,10659,2026-09-22 08:16:54,23414.3
23000,6470,-3096,189739,20598,2026-09-22 08:16:54,23414.3
23050,2291,-79,73191,29028,2026-09-22 08:16:54,23414.3
23100,7428,-1717,144841,45920,2026-09-22 08:16:54,23414.3
23150,3858,-1521,95207,35155,2026-09-22 08:16:54,23414.3
23200,31633,-9375,172908,25187,2026-09-22 08:16:54,23414.3
23250,19263,-8610,121877,22020,2026-09-22 08:16:54,23414.3
23300,59836,-54313,243496,48318,2026-09-22 08:16:54,23414.3
23350,39503,-36737,155256,76132,2026-09-22 08:16:54,23414.3
23400,132358,-2538,247382,173731,2026-09-22 08:16:54,23414.3
23450,98924,39541,97810,87093,2026-09-22 08:16:54,23414.3
23500,178853,36912,77732,40728,2026-09-22 08:16:54,23414.3
23550,95921,39685,13183,9144,2026-09-22 08:16:54,23414.3
23600,164756,43079,18565,7184,2026-09-22 08:16:54,23414.3
23650,119469,57289,3682,658,2026-09-22 08:16:54,23414.3
23700,145155,-933,8964,706,2026-09-22 08:16:54,23414.3
23750,80044,13833,1318,-246,2026-09-22 08:16:54,23414.3
23800,126555,180,5378,-1680,2026-09-22 08:16:54,23414.3
23850,55095,9300,1022,-96,2026-09-22 08:16:54,23414.3
23900,98069,8157,3535,-3186,2026-09-22 08:16:54,23414.3
23950,22057,-14376,1014,-140,2026-09-22 08:16:54,23414.3
24000,140005,-37819,11350,-2827,2026-09-22 08:16:54,23414.3
24050,29826,2111,333,-37,2026-09-22 08:16:54,23414.3
24100,66847,-12596,1545,-579,2026-09-22 08:16:54,23414.3
24150,19767,-17667,304,-67,2026-09-22 08:16:54,23414.3
24200,101906,4081,1412,-1154,2026-09-22 08:16:54,23414.3
24250,26254,6244,334,-45,2026-09-22 08:16:54,23414.3
24300,52584,-10416,758,-692,2026-09-22 08:16:54,23414.3
24350,17020,-1443,159,-66,2026-09-22 08:16:54,23414.3
24400,37119,-6935,806,-936,2026-09-22 08:16:54,23414.3
24450,9291,-436,127,-63,2026-09-22 08:16:54,23414.3
24500,109713,-44907,1786,-2444,2026-09-22 08:16:54,23414.3
24550,13597,-404,161,-206,2026-09-22 08:16:54,23414.3
24600,23581,-12111,405,-305,2026-09-22 08:16:54,23414.3
24650,3362,-3037,29,-49,2026-09-22 08:16:54,23414.3
24700,13752,-21246,66,-23,2026-09-22 08:16:54,23414.3
24750,2384,-537,0,0,2026-09-22 08:16:54,23414.3
24800,33389,-8909,100,-255,2026-09-22 08:16:54,23414.3
24850,4300,-3603,0,0,2026-09-22 08:16:54,23414.3
24900,7300,-9929,143,-3,2026-09-22 08:16:54,23414.3
24950,2070,-1002,0,0,2026-09-22 08:16:54,23414.3
25000,36357,-32030,535,-477,2026-09-22 08:16:54,23414.3
25050,1445,-1278,1,0,2026-09-22 08:16:54,23414.3
25100,4523,-8963,12,-4,2026-09-22 08:16:54,23414.3
25150,2111,-832,5,0,2026-09-22 08:16:54,23414.3
25200,3925,-1482,35,-25,2026-09-22 08:16:54,23414.3
25250,1673,-812,8,0,2026-09-22 08:16:54,23414.3
25300,2553,-152,8,-1,2026-09-22 08:16:54,23414.3
25350,445,153,0,0,2026-09-22 08:16:54,23414.3
25400,1705,-864,27,-4,2026-09-22 08:16:54,23414.3
25450,333,0,8,0,2026-09-22 08:16:54,23414.3
25500,8620,-5417,372,-498,2026-09-22 08:16:54,23414.3
25550,428,28,2,1,2026-09-22 08:16:54,23414.3
25600,1303,-608,3,0,2026-09-22 08:16:54,23414.3
25650,414,-11,8,0,2026-09-22 08:16:54,23414.3
25700,2049,-606,0,0,2026-09-22 08:16:54,23414.3
25750,619,-126,0,0,2026-09-22 08:16:54,23414.3
25800,9418,-3893,5,-2,2026-09-22 08:16:54,23414.3
25850,607,43,0,0,2026-09-22 08:16:54,23414.3
25900,1566,-560,0,0,2026-09-22 08:16:54,23414.3
25950,615,194,0,0,2026-09-22 08:16:54,23414.3
26000,11030,-11253,451,-606,2026-09-22 08:16:54,23414.3
26050,1220,-132,0,0,2026-09-22 08:16:54,23414.3
26100,7313,-1921,0,0,2026-09-22 08:16:54,23414.3
21350,0,0,71738,-25680,2026-09-22 08:19:40,23414.3
21400,0,0,44652,-12333,2026-09-22 08:19:40,23414.3
21450,0,0,10825,1196,2026-09-22 08:19:40,23414.3
21500,0,0,49411,-21658,2026-09-22 08:19:40,23414.3
21550,0,0,5193,1399,2026-09-22 08:19:40,23414.3
21600,0,0,6820,-835,2026-09-22 08:19:40,23414.3
21650,0,0,9718,-4694,2026-09-22 08:19:40,23414.3
21700,24,0,26734,-17473,2026-09-22 08:19:40,23414.3
21750,0,0,5467,-411,2026-09-22 08:19:40,23414.3
21800,1,0,34162,-13356,2026-09-22 08:19:40,23414.3
21850,0,0,7350,601,2026-09-22 08:19:40,23414.3
21900,0,0,23587,-5974,2026-09-22 08:19:40,23414.3
21950,0,0,8004,98,2026-09-22 08:19:40,23414.3
22000,298,-48,152809,-12445,2026-09-22 08:19:40,23414.3
22050,5,0,5979,-5066,2026-09-22 08:19:40,23414.3
22100,18,0,29981,-6454,2026-09-22 08:19:40,23414.3
22150,4,0,14601,-3078,2026-09-22 08:19:40,23414.3
22200,40,-1,68722,-8308,2026-09-22 08:19:40,23414.3
22250,8,0,19892,4128,2026-09-22 08:19:40,23414.3
22300,114,-15,66407,-12789,2026-09-22 08:19:40,23414.3
22350,11,0,28233,2921,2026-09-22 08:19:40,23414.3
22400,38,0,76074,10806,2026-09-22 08:19:40,23414.3
22450,7,0,42632,12636,2026-09-22 08:19:40,23414.3
22500,899,-394,191934,53126,2026-09-22 08:19:40,23414.3
22550,42,0,30314,2501,2026-09-22 08:19:40,23414.3
22600,575,-52,88578,7879,2026-09-22 08:19:40,23414.3
22650,262,1,34743,7892,2026-09-22 08:19:40,23414.3
22700,820,12,112418,15388,2026-09-22 08:19:40,23414.3
22750,506,-23,41224,-21923,2026-09-22 08:19:40,23414.3
22800,1278,-557,137166,26270,2026-09-22 08:19:40,23414.3
22850,741,-73,40773,-7998,2026-09-22 08:19:40,23414.3
22900,1928,-173,133484,56979,2026-09-22 08:19:40,23414.3
22950,1314,-32,67465,10659,2026-09-22 08:19:40,23414.3
23000,6470,-3096,189739,20598,2026-09-22 08:19:40,23414.3
23050,2291,-79,73191,29028,2026-09-22 08:19:40,23414.3
23100,7428,-1717,144841,45920,2026-09-22 08:19:40,23414.3
23150,3858,-1521,95207,35155,2026-09-22 08:19:40,23414.3
23200,31633,-9375,172908,25187,2026-09-22 08:19:40,23414.3
23250,19263,-8610,121877,22020,2026-09-22 08:19:40,23414.3
23300,59836,-54313,243496,48318,2026-09-22 08:19:40,23414.3
23350,39503,-36737,155256,76132,2026-09-22 08:19:40,23414.3
23400,132358,-2538,247382,173731,2026-09-22 08:19:40,23414.3
23450,98924,39541,97810,87093,2026-09-22 08:19:40,23414.3
23500,178853,36912,77732,40728,2026-09-22 08:19:40,23414.3
23550,95921,39685,13183,9144,2026-09-22 08:19:40,23414.3
23600,164756,43079,18565,7184,2026-09-22 08:19:40,23414.3
23650,119469,57289,3682,658,2026-09-22 08:19:40,23414.3
23700,145155,-933,8964,706,2026-09-22 08:19:40,23414.3
23750,80044,13833,1318,-246,2026-09-22 08:19:40,23414.3
23800,126555,180,5378,-1680,2026-09-22 08:19:40,23414.3
23850,55095,9300,1022,-96,2026-09-22 08:19:40,23414.3
23900,98069,8157,3535,-3186,2026-09-22 08:19:40,23414.3
23950,22057,-14376,1014,-140,2026-09-22 08:19:40,23414.3
24000,140005,-37819,11350,-2827,2026-09-22 08:19:40,23414.3
24050,29826,2111,333,-37,2026-09-22 08:19:40,23414.3
24100,66847,-12596,1545,-579,2026-09-22 08:19:40,23414.3
24150,19767,-17667,304,-67,2026-09-22 08:19:40,23414.3
24200,101906,4081,1412,-1154,2026-09-22 08:19:40,23414.3
24250,26254,6244,334,-45,2026-09-22 08:19:40,23414.3
24300,52584,-10416,758,-692,2026-09-22 08:19:40,23414.3
24350,17020,-1443,159,-66,2026-09-22 08:19:40,23414.3
24400,37119,-6935,806,-936,2026-09-22 08:19:40,23414.3
24450,9291,-436,127,-63,2026-09-22 08:19:40,23414.3
24500,109713,-44907,1786,-2444,2026-09-22 08:19:40,23414.3
24550,13597,-404,161,-206,2026-09-22 08:19:40,23414.3
24600,23581,-12111,405,-305,2026-09-22 08:19:40,23414.3
24650,3362,-3037,29,-49,2026-09-22 08:19:40,23414.3
24700,13752,-21246,66,-23,2026-09-22 08:19:40,23414.3
24750,2384,-537,0,0,2026-09-22 08:19:40,23414.3
24800,33389,-8909,100,-255,2026-09-22 08:19:40,23414.3
24850,4300,-3603,0,0,2026-09-22 08:19:40,23414.3
24900,7300,-9929,143,-3,2026-09-22 08:19:40,23414.3
24950,2070,-1002,0,0,2026-09-22 08:19:40,23414.3
25000,36357,-32030,535,-477,2026-09-22 08:19:40,23414.3
25050,1445,-1278,1,0,2026-09-22 08:19:40,23414.3
25100,4523,-8963,12,-4,2026-09-22 08:19:40,23414.3
25150,2111,-832,5,0,2026-09-22 08:19:40,23414.3
25200,3925,-1482,35,-25,2026-09-22 08:19:40,23414.3
25250,1673,-812,8,0,2026-09-22 08:19:40,23414.3
25300,2553,-152,8,-1,2026-09-22 08:19:40,23414.3
25350,445,153,0,0,2026-09-22 08:19:40,23414.3
25400,1705,-864,27,-4,2026-09-22 08:19:40,23414.3
25450,333,0,8,0,2026-09-22 08:19:40,23414.3
25500,8620,-5417,372,-498,2026-09-22 08:19:40,23414.3
25550,428,28,2,1,2026-09-22 08:19:40,23414.3
25600,1303,-608,3,0,2026-09-22 08:19:40,23414.3
25650,414,-11,8,0,2026-09-22 08:19:40,23414.3
25700,2049,-606,0,0,2026-09-22 08:19:40,23414.3
25750,619,-126,0,0,2026-09-22 08:19:40,23414.3
25800,9418,-3893,5,-2,2026-09-22 08:19:40,23414.3
25850,607,43,0,0,2026-09-22 08:19:40,23414.3
25900,1566,-560,0,0,2026-09-22 08:19:40,23414.3
25950,615,194,0,0,2026-09-22 08:19:40,23414.3
26000,11030,-11253,451,-606,2026-09-22 08:19:40,23414.3
26050,1220,-132,0,0,2026-09-22 08:19:40,23414.3
26100,7313,-1921,0,0,2026-09-22 08:19:40,23414.3
21350,0,0,71738,-25680,2026-09-22 08:19:41,23414.3
21400,0,0,44652,-12333,2026-09-22 08:19:41,23414.3
21450,0,0,10825,1196,2026-09-22 08:19:41,23414.3
21500,0,0,49411,-21658,2026-09-22 08:19:41,23414.3
21550,0,0,5193,1399,2026-09-22 08:19:41,23414.3
21600,0,0,6820,-835,2026-09-22 08:19:41,23414.3
21650,0,0,9718,-4694,2026-09-22 08:19:41,23414.3
21700,24,0,26734,-17473,2026-09-22 08:19:41,23414.3
21750,0,0,5467,-411,2026-09-22 08:19:41,23414.3
21800,1,0,34162,-13356,2026-09-22 08:19:41,23414.3
21850,0,0,7350,601,2026-09-22 08:19:41,23414.3
21900,0,0,23587,-5974,2026-09-22 08:19:41,23414.3
21950,0,0,8004,98,2026-09-22 08:19:41,23414.3
22000,298,-48,152809,-12445,2026-09-22 08:19:41,23414.3
22050,5,0,5979,-5066,2026-09-22 08:19:41,23414.3
22100,18,0,29981,-6454,2026-09-22 08:19:41,23414.3
22150,4,0,14601,-3078,2026-09-22 08:19:41,23414.3
22200,40,-1,68722,-8308,2026-09-22 08:19:41,23414.3
22250,8,0,19892,4128,2026-09-22 08:19:41,23414.3
22300,114,-15,66407,-12789,2026-09-22 08:19:41,23414.3
22350,11,0,28233,2921,2026-09-22 08:19:41,23414.3
22400,38,0,76074,10806,2026-09-22 08:19:41,23414.3
22450,7,0,42632,12636,2026-09-22 08:19:41,23414.3
22500,899,-394,191934,53126,2026-09-22 08:19:41,23414.3
22550,42,0,30314,2501,2026-09-22 08:19:41,23414.3
22600,575,-52,88578,7879,2026-09-22 08:19:41,23414.3
22650,262,1,34743,7892,2026-09-22 08:19:41,23414.3
22700,820,12,112418,15388,2026-09-22 08:19:41,23414.3
22750,506,-23,41224,-21923,2026-09-22 08:19:41,23414.3
22800,1278,-557,137166,26270,2026-09-22 08:19:41,23414.3
22850,741,-73,40773,-7998,2026-09-22 08:19:41,23414.3
22900,1928,-173,133484,56979,2026-09-22 08:19:41,23414.3
22950,1314,-32,67465,10659,2026-09-22 08:19:41,23414.3
23000,6470,-3096,189739,20598,2026-09-22 08:19:41,23414.3
23050,2291,-79,73191,29028,2026-09-22 08:19:41,23414.3
23100,7428,-1717,144841,45920,2026-09-22 08:19:41,23414.3
23150,3858,-1521,95207,35155,2026-09-22 08:19:41,23414.3
23200,31633,-9375,172908,25187,2026-09-22 08:19:41,23414.3
23250,19263,-8610,121877,22020,2026-09-22 08:19:41,23414.3
23300,59836,-54313,243496,48318,2026-09-22 08:19:41,23414.3
23350,39503,-36737,155256,76132,2026-09-22 08:19:41,23414.3
23400,132358,-2538,247382,173731,2026-09-22 08:19:41,23414.3
23450,98924,39541,97810,87093,2026-09-22 08:19:41,23414.3
23500,178853,36912,77732,40728,2026-09-22 08:19:41,23414.3
23550,95921,39685,13183,9144,2026-09-22 08:19:41,23414.3
23600,164756,43079,18565,7184,2026-09-22 08:19:41,23414.3
23650,119469,57289,3682,658,2026-09-22 08:19:41,23414.3
23700,145155,-933,8964,706,2026-09-22 08:19:41,23414.3
23750,80044,13833,1318,-246,2026-09-22 08:19:41,23414.3
23800,126555,180,5378,-1680,2026-09-22 08:19:41,23414.3
23850,55095,9300,1022,-96,2026-09-22 08:19:41,23414.3
23900,98069,8157,3535,-3186,2026-09-22 08:19:41,23414.3
23950,22057,-14376,1014,-140,2026-09-22 08:19:41,23414.3
24000,140005,-37819,11350,-2827,2026-09-22 08:19:41,23414.3
24050,29826,2111,333,-37,2026-09-22 08:19:41,23414.3
24100,66847,-12596,1545,-579,2026-09-22 08:19:41,23414.3
24150,19767,-17667,304,-67,2026-09-22 08:19:41,23414.3
24200,101906,4081,1412,-1154,2026-09-22 08:19:41,23414.3
24250,26254,6244,334,-45,2026-09-22 08:19:41,23414.3
24300,52584,-10416,758,-692,2026-09-22 08:19:41,23414.3
24350,17020,-1443,159,-66,2026-09-22 08:19:41,23414.3
24400,37119,-6935,806,-936,2026-09-22 08:19:41,23414.3
24450,9291,-436,127,-63,2026-09-22 08:19:41,23414.3
24500,109713,-44907,1786,-2444,2026-09-22 08:19:41,23414.3
24550,13597,-404,161,-206,2026-09-22 08:19:41,23414.3
24600,23581,-12111,405,-305,2026-09-22 08:19:41,23414.3
24650,3362,-3037,29,-49,2026-09-22 08:19:41,23414.3
24700,13752,-21246,66,-23,2026-09-22 08:19:41,23414.3
24750,2384,-537,0,0,2026-09-22 08:19:41,23414.3
24800,33389,-8909,100,-255,2026-09-22 08:19:41,23414.3
24850,4300,-3603,0,0,2026-09-22 08:19:41,23414.3
24900,7300,-9929,143,-3,2026-09-22 08:19:41,23414.3
24950,2070,-1002,0,0,2026-09-22 08:19:41,23414.3
25000,36357,-32030,535,-477,2026-09-22 08:19:41,23414.3
25050,1445,-1278,1,0,2026-09-22 08:19:41,23414.3
25100,4523,-8963,12,-4,2026-09-22 08:19:41,23414.3
25150,2111,-832,5,0,2026-09-22 08:19:41,23414.3
25200,3925,-1482,35,-25,2026-09-22 08:19:41,23414.3
25250,1673,-812,8,0,2026-09-22 08:19:41,23414.3
25300,2553,-152,8,-1,2026-09-22 08:19:41,23414.3
25350,445,153,0,0,2026-09-22 08:19:41,23414.3
25400,1705,-864,27,-4,2026-09-22 08:19:41,23414.3
25450,333,0,8,0,2026-09-22 08:19:41,23414.3
25500,8620,-5417,372,-498,2026-09-22 08:19:41,23414.3
25550,428,28,2,1,2026-09-22 08:19:41,23414.3
25600,1303,-608,3,0,2026-09-22 08:19:41,23414.3
25650,414,-11,8,0,2026-09-22 08:19:41,23414.3
25700,2049,-606,0,0,2026-09-22 08:19:41,23414.3
25750,619,-126,0,0,2026-09-22 08:19:41,23414.3
25800,9418,-3893,5,-2,2026-09-22 08:19:41,23414.3
25850,607,43,0,0,2026-09-22 08:19:41,23414.3
25900,1566,-560,0,0,2026-09-22 08:19:41,23414.3
25950,615,194,0,0,2026-09-22 08:19:41,23414.3
26000,11030,-11253,451,-606,2026-09-22 08:19:41,23414.3
26050,1220,-132,0,0,2026-09-22 08:19:41,23414.3
26100,7313,-1921,0,0,2026-09-22 08:19:41,23414.3
21350,0,0,71738,-25680,2026-09-22 08:22:43,23414.3
21400,0,0,44652,-12333,2026-09-22 08:22:43,23414.3
21450,0,0,10825,1196,2026-09-22 08:22:43,23414.3
21500,0,0,49411,-21658,2026-09-22 08:22:43,23414.3
21550,0,0,5193,1399,2026-09-22 08:22:43,23414.3
21600,0,0,6820,-835,2026-09-22 08:22:43,23414.3
21650,0,0,9718,-4694,2026-09-22 08:22:43,23414.3
21700,24,0,26734,-17473,2026-09-22 08:22:43,23414.3
21750,0,0,5467,-411,2026-09-22 08:22:43,23414.3
21800,1,0,34162,-13356,2026-09-22 08:22:43,23414.3
21850,0,0,7350,601,2026-09-22 08:22:43,23414.3
21900,0,0,23587,-5974,2026-09-22 08:22:43,23414.3
21950,0,0,8004,98,2026-09-22 08:22:43,23414.3
22000,298,-48,152809,-12445,2026-09-22 08:22:43,23414.3
22050,5,0,5979,-5066,2026-09-22 08:22:43,23414.3
22100,18,0,29981,-6454,2026-09-22 08:22:43,23414.3
22150,4,0,14601,-3078,2026-09-22 08:22:43,23414.3
22200,40,-1,68722,-8308,2026-09-22 08:22:43,23414.3
22250,8,0,19892,4128,2026-09-22 08:22:43,23414.3
22300,114,-15,66407,-12789,2026-09-22 08:22:43,23414.3
22350,11,0,28233,2921,2026-09-22 08:22:43,23414.3
22400,38,0,76074,10806,2026-09-22 08:22:43,23414.3
22450,7,0,42632,12636,2026-09-22 08:22:43,23414.3
22500,899,-394,191934,53126,2026-09-22 08:22:43,23414.3
22550,42,0,30314,2501,2026-09-22 08:22:43,23414.3
22600,575,-52,88578,7879,2026-09-22 08:22:43,23414.3
22650,262,1,34743,7892,2026-09-22 08:22:43,23414.3
22700,820,12,112418,15388,2026-09-22 08:22:43,23414.3
22750,506,-23,41224,-21923,2026-09-22 08:22:43,23414.3
22800,1278,-557,137166,26270,2026-09-22 08:22:43,23414.3
22850,741,-73,40773,-7998,2026-09-22 08:22:43,23414.3
22900,1928,-173,133484,56979,2026-09-22 08:22:43,23414.3
22950,1314,-32,67465,10659,2026-09-22 08:22:43,23414.3
23000,6470,-3096,189739,20598,2026-09-22 08:22:43,23414.3
23050,2291,-79,73191,29028,2026-09-22 08:22:43,23414.3
23100,7428,-1717,144841,45920,2026-09-22 08:22:43,23414.3
23150,3858,-1521,95207,35155,2026-09-22 08:22:43,23414.3
23200,31633,-9375,172908,25187,2026-09-22 08:22:43,23414.3
23250,19263,-8610,121877,22020,2026-09-22 08:22:43,23414.3
23300,59836,-54313,243496,48318,2026-09-22 08:22:43,23414.3
23350,39503,-36737,155256,76132,2026-09-22 08:22:43,23414.3
23400,132358,-2538,247382,173731,2026-09-22 08:22:43,23414.3
23450,98924,39541,97810,87093,2026-09-22 08:22:43,23414.3
23500,178853,36912,77732,40728,2026-09-22 08:22:43,23414.3
23550,95921,39685,13183,9144,2026-09-22 08:22:43,23414.3
23600,164756,43079,18565,7184,2026-09-22 08:22:43,23414.3
23650,119469,57289,3682,658,2026-09-22 08:22:43,23414.3
23700,145155,-933,8964,706,2026-09-22 08:22:43,23414.3
23750,80044,13833,1318,-246,2026-09-22 08:22:43,23414.3
23800,126555,180,5378,-1680,2026-09-22 08:22:43,23414.3
23850,55095,9300,1022,-96,2026-09-22 08:22:43,23414.3
23900,98069,8157,3535,-3186,2026-09-22 08:22:43,23414.3
23950,22057,-14376,1014,-140,2026-09-22 08:22:43,23414.3
24000,140005,-37819,11350,-2827,2026-09-22 08:22:43,23414.3
24050,29826,2111,333,-37,2026-09-22 08:22:43,23414.3
24100,66847,-12596,1545,-579,2026-09-22 08:22:43,23414.3
24150,19767,-17667,304,-67,2026-09-22 08:22:43,23414.3
24200,101906,4081,1412,-1154,2026-09-22 08:22:43,23414.3
24250,26254,6244,334,-45,2026-09-22 08:22:43,23414.3
24300,52584,-10416,758,-692,2026-09-22 08:22:43,23414.3
24350,17020,-1443,159,-66,2026-09-22 08:22:43,23414.3
24400,37119,-6935,806,-936,2026-09-22 08:22:43,23414.3
24450,9291,-436,127,-63,2026-09-22 08:22:43,23414.3
24500,109713,-44907,1786,-2444,2026-09-22 08:22:43,23414.3
24550,13597,-404,161,-206,2026-09-22 08:22:43,23414.3
24600,23581,-12111,405,-305,2026-09-22 08:22:43,23414.3
24650,3362,-3037,29,-49,2026-09-22 08:22:43,23414.3
24700,13752,-21246,66,-23,2026-09-22 08:22:43,23414.3
24750,2384,-537,0,0,2026-09-22 08:22:43,23414.3
24800,33389,-8909,100,-255,2026-09-22 08:22:43,23414.3
24850,4300,-3603,0,0,2026-09-22 08:22:43,23414.3
24900,7300,-9929,143,-3,2026-09-22 08:22:43,23414.3
24950,2070,-1002,0,0,2026-09-22 08:22:43,23414.3
25000,36357,-32030,535,-477,2026-09-22 08:22:43,23414.3
25050,1445,-1278,1,0,2026-09-22 08:22:43,23414.3
25100,4523,-8963,12,-4,2026-09-22 08:22:43,23414.3
25150,2111,-832,5,0,2026-09-22 08:22:43,23414.3
25200,3925,-1482,35,-25,2026-09-22 08:22:43,23414.3
25250,1673,-812,8,0,2026-09-22 08:22:43,23414.3
25300,2553,-152,8,-1,2026-09-22 08:22:43,23414.3
25350,445,153,0,0,2026-09-22 08:22:43,23414.3
25400,1705,-864,27,-4,2026-09-22 08:22:43,23414.3
25450,333,0,8,0,2026-09-22 08:22:43,23414.3
25500,8620,-5417,372,-498,2026-09-22 08:22:43,23414.3
25550,428,28,2,1,2026-09-22 08:22:43,23414.3
25600,1303,-608,3,0,2026-09-22 08:22:43,23414.3
25650,414,-11,8,0,2026-09-22 08:22:43,23414.3
25700,2049,-606,0,0,2026-09-22 08:22:43,23414.3
25750,619,-126,0,0,2026-09-22 08:22:43,23414.3
25800,9418,-3893,5,-2,2026-09-22 08:22:43,23414.3
25850,607,43,0,0,2026-09-22 08:22:43,23414.3
25900,1566,-560,0,0,2026-09-22 08:22:43,23414.3
25950,615,194,0,0,2026-09-22 08:22:43,23414.3
26000,11030,-11253,451,-606,2026-09-22 08:22:43,23414.3
26050,1220,-132,0,0,2026-09-22 08:22:43,23414.3
26100,7313,-1921,0,0,2026-09-22 08:22:43,23414.3
21350,0,0,71738,-25680,2026-09-22 08:22:45,23414.3
21400,0,0,44652,-12333,2026-09-22 08:22:45,23414.3
21450,0,0,10825,1196,2026-09-22 08:22:45,23414.3
21500,0,0,49411,-21658,2026-09-22 08:22:45,23414.3
21550,0,0,5193,1399,2026-09-22 08:22:45,23414.3
21600,0,0,6820,-835,2026-09-22 08:22:45,23414.3
21650,0,0,9718,-4694,2026-09-22 08:22:45,23414.3
21700,24,0,26734,-17473,2026-09-22 08:22:45,23414.3
21750,0,0,5467,-411,2026-09-22 08:22:45,23414.3
21800,1,0,34162,-13356,2026-09-22 08:22:45,23414.3
21850,0,0,7350,601,2026-09-22 08:22:45,23414.3
21900,0,0,23587,-5974,2026-09-22 08:22:45,23414.3
21950,0,0,8004,98,2026-09-22 08:22:45,23414.3
22000,298,-48,152809,-12445,2026-09-22 08:22:45,23414.3
22050,5,0,5979,-5066,2026-09-22 08:22:45,23414.3
22100,18,0,29981,-6454,2026-09-22 08:22:45,23414.3
22150,4,0,14601,-3078,2026-09-22 08:22:45,23414.3
22200,40,-1,68722,-8308,2026-09-22 08:22:45,23414.3
22250,8,0,19892,4128,2026-09-22 08:22:45,23414.3
22300,114,-15,66407,-12789,2026-09-22 08:22:45,23414.3
22350,11,0,28233,2921,2026-09-22 08:22:45,23414.3
22400,38,0,76074,10806,2026-09-22 08:22:45,23414.3
22450,7,0,42632,12636,2026-09-22 08:22:45,23414.3
22500,899,-394,191934,53126,2026-09-22 08:22:45,23414.3
22550,42,0,30314,2501,2026-09-22 08:22:45,23414.3
22600,575,-52,88578,7879,2026-09-22 08:22:45,23414.3
22650,262,1,34743,7892,2026-09-22 08:22:45,23414.3
22700,820,12,112418,15388,2026-09-22 08:22:45,23414.3
22750,506,-23,41224,-21923,2026-09-22 08:22:45,23414.3
22800,1278,-557,137166,26270,2026-09-22 08:22:45,23414.3
22850,741,-73,40773,-7998,2026-09-22 08:22:45,23414.3
22900,1928,-173,133484,56979,2026-09-22 08:22:45,23414.3
22950,1314,-32,67465,10659,2026-09-22 08:22:45,23414.3
23000,6470,-3096,189739,20598,2026-09-22 08:22:45,23414.3
23050,2291,-79,73191,29028,2026-09-22 08:22:45,23414.3
23100,7428,-1717,144841,45920,2026-09-22 08:22:45,23414.3
23150,3858,-1521,95207,35155,2026-09-22 08:22:45,23414.3
23200,31633,-9375,172908,25187,2026-09-22 08:22:45,23414.3
23250,19263,-8610,121877,22020,2026-09-22 08:22:45,23414.3
23300,59836,-54313,243496,48318,2026-09-22 08:22:45,23414.3
23350,39503,-36737,155256,76132,2026-09-22 08:22:45,23414.3
23400,132358,-2538,247382,173731,2026-09-22 08:22:45,23414.3
23450,98924,39541,97810,87093,2026-09-22 08:22:45,23414.3
23500,178853,36912,77732,40728,2026-09-22 08:22:45,23414.3
23550,95921,39685,13183,9144,2026-09-22 08:22:45,23414.3
23600,164756,43079,18565,7184,2026-09-22 08:22:45,23414.3
23650,119469,57289,3682,658,2026-09-22 08:22:45,23414.3
23700,145155,-933,8964,706,2026-09-22 08:22:45,23414.3
23750,80044,13833,1318,-246,2026-09-22 08:22:45,23414.3
23800,126555,180,5378,-1680,2026-09-22 08:22:45,23414.3
23850,55095,9300,1022,-96,2026-09-22 08:22:45,23414.3
23900,98069,8157,3535,-3186,2026-09-22 08:22:45,23414.3
23950,22057,-14376,1014,-140,2026-09-22 08:22:45,23414.3
24000,140005,-37819,11350,-2827,2026-09-22 08:22:45,23414.3
24050,29826,2111,333,-37,2026-09-22 08:22:45,23414.3
24100,66847,-12596,1545,-579,2026-09-22 08:22:45,23414.3
24150,19767,-17667,304,-67,2026-09-22 08:22:45,23414.3
24200,101906,4081,1412,-1154,2026-09-22 08:22:45,23414.3
24250,26254,6244,334,-45,2026-09-22 08:22:45,23414.3
24300,52584,-10416,758,-692,2026-09-22 08:22:45,23414.3
24350,17020,-1443,159,-66,2026-09-22 08:22:45,23414.3
24400,37119,-6935,806,-936,2026-09-22 08:22:45,23414.3
24450,9291,-436,127,-63,2026-09-22 08:22:45,23414.3
24500,109713,-44907,1786,-2444,2026-09-22 08:22:45,23414.3
24550,13597,-404,161,-206,2026-09-22 08:22:45,23414.3
24600,23581,-12111,405,-305,2026-09-22 08:22:45,23414.3
24650,3362,-3037,29,-49,2026-09-22 08:22:45,23414.3
24700,13752,-21246,66,-23,2026-09-22 08:22:45,23414.3
24750,2384,-537,0,0,2026-09-22 08:22:45,23414.3
24800,33389,-8909,100,-255,2026-09-22 08:22:45,23414.3
24850,4300,-3603,0,0,2026-09-22 08:22:45,23414.3
24900,7300,-9929,143,-3,2026-09-22 08:22:45,23414.3
24950,2070,-1002,0,0,2026-09-22 08:22:45,23414.3
25000,36357,-32030,535,-477,2026-09-22 08:22:45,23414.3
25050,1445,-1278,1,0,2026-09-22 08:22:45,23414.3
25100,4523,-8963,12,-4,2026-09-22 08:22:45,23414.3
25150,2111,-832,5,0,2026-09-22 08:22:45,23414.3
25200,3925,-1482,35,-25,2026-09-22 08:22:45,23414.3
25250,1673,-812,8,0,2026-09-22 08:22:45,23414.3
25300,2553,-152,8,-1,2026-09-22 08:22:45,23414.3
25350,445,153,0,0,2026-09-22 08:22:45,23414.3
25400,1705,-864,27,-4,2026-09-22 08:22:45,23414.3
25450,333,0,8,0,2026-09-22 08:22:45,23414.3
25500,8620,-5417,372,-498,2026-09-22 08:22:45,23414.3
25550,428,28,2,1,2026-09-22 08:22:45,23414.3
25600,1303,-608,3,0,2026-09-22 08:22:45,23414.3
25650,414,-11,8,0,2026-09-22 08:22:45,23414.3
25700,2049,-606,0,0,2026-09-22 08:22:45,23414.3
25750,619,-126,0,0,2026-09-22 08:22:45,23414.3
25800,9418,-3893,5,-2,2026-09-22 08:22:45,23414.3
25850,607,43,0,0,2026-09-22 08:22:45,23414.3
25900,1566,-560,0,0,2026-09-22 08:22:45,23414.3
25950,615,194,0,0,2026-09-22 08:22:45,23414.3
26000,11030,-11253,451,-606,2026-09-22 08:22:45,23414.3
26050,1220,-132,0,0,2026-09-22 08:22:45,23414.3
26100,7313,-1921,0,0,2026-09-22 08:22:45,23414.3
21350,0,0,71738,-25680,2026-09-22 08:25:47,23414.3
21400,0,0,44652,-12333,2026-09-22 08:25:47,23414.3
21450,0,0,10825,1196,2026-09-22 08:25:47,23414.3
21500,0,0,49411,-21658,2026-09-22 08:25:47,23414.3
21550,0,0,5193,1399,2026-09-22 08:25:47,23414.3
21600,0,0,6820,-835,2026-09-22 08:25:47,23414.3
21650,0,0,9718,-4694,2026-09-22 08:25:47,23414.3
21700,24,0,26734,-17473,2026-09-22 08:25:47,23414.3
21750,0,0,5467,-411,2026-09-22 08:25:47,23414.3
21800,1,0,34162,-13356,2026-09-22 08:25:47,23414.3
21850,0,0,7350,601,2026-09-22 08:25:47,23414.3
21900,0,0,23587,-5974,2026-09-22 08:25:47,23414.3
21950,0,0,8004,98,2026-09-22 08:25:47,23414.3
22000,298,-48,152809,-12445,2026-09-22 08:25:47,23414.3
22050,5,0,5979,-5066,2026-09-22 08:25:47,23414.3
22100,18,0,29981,-6454,2026-09-22 08:25:47,23414.3
22150,4,0,14601,-3078,2026-09-22 08:25:47,23414.3
22200,40,-1,68722,-8308,2026-09-22 08:25:47,23414.3
22250,8,0,19892,4128,2026-09-22 08:25:47,23414.3
22300,114,-15,66407,-12789,2026-09-22 08:25:47,23414.3
22350,11,0,28233,2921,2026-09-22 08:25:47,23414.3
22400,38,0,76074,10806,2026-09-22 08:25:47,23414.3
22450,7,0,42632,12636,2026-09-22 08:25:47,23414.3
22500,899,-394,191934,53126,2026-09-22 08:25:47,23414.3
22550,42,0,30314,2501,2026-09-22 08:25:47,23414.3
22600,575,-52,88578,7879,2026-09-22 08:25:47,23414.3
22650,262,1,34743,7892,2026-09-22 08:25:47,23414.3
22700,820,12,112418,15388,2026-09-22 08:25:47,23414.3
22750,506,-23,41224,-21923,2026-09-22 08:25:47,23414.3
22800,1278,-557,137166,26270,2026-09-22 08:25:47,23414.3
22850,741,-73,40773,-7998,2026-09-22 08:25:47,23414.3
22900,1928,-173,133484,56979,2026-09-22 08:25:47,23414.3
22950,1314,-32,67465,10659,2026-09-22 08:25:47,23414.3
23000,6470,-3096,189739,20598,2026-09-22 08:25:47,23414.3
23050,2291,-79,73191,29028,2026-09-22 08:25:47,23414.3
23100,7428,-1717,144841,45920,2026-09-22 08:25:47,23414.3
23150,3858,-1521,95207,35155,2026-09-22 08:25:47,23414.3
23200,31633,-9375,172908,25187,2026-09-22 08:25:47,23414.3
23250,19263,-8610,121877,22020,2026-09-22 08:25:47,23414.3
23300,59836,-54313,243496,48318,2026-09-22 08:25:47,23414.3
23350,39503,-36737,155256,76132,2026-09-22 08:25:47,23414.3
23400,132358,-2538,247382,173731,2026-09-22 08:25:47,23414.3
23450,98924,39541,97810,87093,2026-09-22 08:25:47,23414.3
23500,178853,36912,77732,40728,2026-09-22 08:25:47,23414.3
23550,95921,39685,13183,9144,2026-09-22 08:25:47,23414.3
23600,164756,43079,18565,7184,2026-09-22 08:25:47,23414.3
23650,119469,57289,3682,658,2026-09-22 08:25:47,23414.3
23700,145155,-933,8964,706,2026-09-22 08:25:47,23414.3
23750,80044,13833,1318,-246,2026-09-22 08:25:47,23414.3
23800,126555,180,5378,-1680,2026-09-22 08:25:47,23414.3
23850,55095,9300,1022,-96,2026-09-22 08:25:47,23414.3
23900,98069,8157,3535,-3186,2026-09-22 08:25:47,23414.3
23950,22057,-14376,1014,-140,2026-09-22 08:25:47,23414.3
24000,140005,-37819,11350,-2827,2026-09-22 08:25:47,23414.3
24050,29826,2111,333,-37,2026-09-22 08:25:47,23414.3
24100,66847,-12596,1545,-579,2026-09-22 08:25:47,23414.3
24150,19767,-17667,304,-67,2026-09-22 08:25:47,23414.3
24200,101906,4081,1412,-1154,2026-09-22 08:25:47,23414.3
24250,26254,6244,334,-45,2026-09-22 08:25:47,23414.3
24300,52584,-10416,758,-692,2026-09-22 08:25:47,23414.3
24350,17020,-1443,159,-66,2026-09-22 08:25:47,23414.3
24400,37119,-6935,806,-936,2026-09-22 08:25:47,23414.3
24450,9291,-436,127,-63,2026-09-22 08:25:47,23414.3
24500,109713,-44907,1786,-2444,2026-09-22 08:25:47,23414.3
24550,13597,-404,161,-206,2026-09-22 08:25:47,23414.3
24600,23581,-12111,405,-305,2026-09-22 08:25:47,23414.3
24650,3362,-3037,29,-49,2026-09-22 08:25:47,23414.3
24700,13752,-21246,66,-23,2026-09-22 08:25:47,23414.3
24750,2384,-537,0,0,2026-09-22 08:25:47,23414.3
24800,33389,-8909,100,-255,2026-09-22 08:25:47,23414.3
24850,4300,-3603,0,0,2026-09-22 08:25:47,23414.3
24900,7300,-9929,143,-3,2026-09-22 08:25:47,23414.3
24950,2070,-1002,0,0,2026-09-22 08:25:47,23414.3
25000,36357,-32030,535,-477,2026-09-22 08:25:47,23414.3
25050,1445,-1278,1,0,2026-09-22 08:25:47,23414.3
25100,4523,-8963,12,-4,2026-09-22 08:25:47,23414.3
25150,2111,-832,5,0,2026-09-22 08:25:47,23414.3
25200,3925,-1482,35,-25,2026-09-22 08:25:47,23414.3
25250,1673,-812,8,0,2026-09-22 08:25:47,23414.3
25300,2553,-152,8,-1,2026-09-22 08:25:47,23414.3
25350,445,153,0,0,2026-09-22 08:25:47,23414.3
25400,1705,-864,27,-4,2026-09-22 08:25:47,23414.3
25450,333,0,8,0,2026-09-22 08:25:47,23414.3
25500,8620,-5417,372,-498,2026-09-22 08:25:47,23414.3
25550,428,28,2,1,2026-09-22 08:25:47,23414.3
25600,1303,-608,3,0,2026-09-22 08:25:47,23414.3
25650,414,-11,8,0,2026-09-22 08:25:47,23414.3
25700,2049,-606,0,0,2026-09-22 08:25:47,23414.3
25750,619,-126,0,0,2026-09-22 08:25:47,23414.3
25800,9418,-3893,5,-2,2026-09-22 08:25:47,23414.3
25850,607,43,0,0,2026-09-22 08:25:47,23414.3
25900,1566,-560,0,0,2026-09-22 08:25:47,23414.3
25950,615,194,0,0,2026-09-22 08:25:47,23414.3
26000,11030,-11253,451,-606,2026-09-22 08:25:47,23414.3
26050,1220,-132,0,0,2026-09-22 08:25:47,23414.3
26100,7313,-1921,0,0,2026-09-22 08:25:47,23414.3
21350,0,0,71738,-25680,2026-09-22 08:28:51,23414.3
21400,0,0,44652,-12333,2026-09-22 08:28:51,23414.3
21450,0,0,10825,1196,2026-09-22 08:28:51,23414.3
21500,0,0,49411,-21658,2026-09-22 08:28:51,23414.3
21550,0,0,5193,1399,2026-09-22 08:28:51,23414.3
21600,0,0,6820,-835,2026-09-22 08:28:51,23414.3
21650,0,0,9718,-4694,2026-09-22 08:28:51,23414.3
21700,24,0,26734,-17473,2026-09-22 08:28:51,23414.3
21750,0,0,5467,-411,2026-09-22 08:28:51,23414.3
21800,1,0,34162,-13356,2026-09-22 08:28:51,23414.3
21850,0,0,7350,601,2026-09-22 08:28:51,23414.3
21900,0,0,23587,-5974,2026-09-22 08:28:51,23414.3
21950,0,0,8004,98,2026-09-22 08:28:51,23414.3
22000,298,-48,152809,-12445,2026-09-22 08:28:51,23414.3
22050,5,0,5979,-5066,2026-09-22 08:28:51,23414.3
22100,18,0,29981,-6454,2026-09-22 08:28:51,23414.3
22150,4,0,14601,-3078,2026-09-22 08:28:51,23414.3
22200,40,-1,68722,-8308,2026-09-22 08:28:51,23414.3
22250,8,0,19892,4128,2026-09-22 08:28:51,23414.3
22300,114,-15,66407,-12789,2026-09-22 08:28:51,23414.3
22350,11,0,28233,2921,2026-09-22 08:28:51,23414.3
22400,38,0,76074,10806,2026-09-22 08:28:51,23414.3
22450,7,0,42632,12636,2026-09-22 08:28:51,23414.3
22500,899,-394,191934,53126,2026-09-22 08:28:51,23414.3
22550,42,0,30314,2501,2026-09-22 08:28:51,23414.3
22600,575,-52,88578,7879,2026-09-22 08:28:51,23414.3
22650,262,1,34743,7892,2026-09-22 08:28:51,23414.3
22700,820,12,112418,15388,2026-09-22 08:28:51,23414.3
22750,506,-23,41224,-21923,2026-09-22 08:28:51,23414.3
22800,1278,-557,137166,26270,2026-09-22 08:28:51,23414.3
22850,741,-73,40773,-7998,2026-09-22 08:28:51,23414.3
22900,1928,-173,133484,56979,2026-09-22 08:28:51,23414.3
22950,1314,-32,67465,10659,2026-09-22 08:28:51,23414.3
23000,6470,-3096,189739,20598,2026-09-22 08:28:51,23414.3
23050,2291,-79,73191,29028,2026-09-22 08:28:51,23414.3
23100,7428,-1717,144841,45920,2026-09-22 08:28:51,23414.3
23150,3858,-1521,95207,35155,2026-09-22 08:28:51,23414.3
23200,31633,-9375,172908,25187,2026-09-22 08:28:51,23414.3
23250,19263,-8610,121877,22020,2026-09-22 08:28:51,23414.3
23300,59836,-54313,243496,48318,2026-09-22 08:28:51,23414.3
23350,39503,-36737,155256,76132,2026-09-22 08:28:51,23414.3
23400,132358,-2538,247382,173731,2026-09-22 08:28:51,23414.3
23450,98924,39541,97810,87093,2026-09-22 08:28:51,23414.3
23500,178853,36912,77732,40728,2026-09-22 08:28:51,23414.3
23550,95921,39685,13183,9144,2026-09-22 08:28:51,23414.3
23600,164756,43079,18565,7184,2026-09-22 08:28:51,23414.3
23650,119469,57289,3682,658,2026-09-22 08:28:51,23414.3
23700,145155,-933,8964,706,2026-09-22 08:28:51,23414.3
23750,80044,13833,1318,-246,2026-09-22 08:28:51,23414.3
23800,126555,180,5378,-1680,2026-09-22 08:28:51,23414.3
23850,55095,9300,1022,-96,2026-09-22 08:28:51,23414.3
23900,98069,8157,3535,-3186,2026-09-22 08:28:51,23414.3
23950,22057,-14376,1014,-140,2026-09-22 08:28:51,23414.3
24000,140005,-37819,11350,-2827,2026-09-22 08:28:51,23414.3
24050,29826,2111,333,-37,2026-09-22 08:28:51,23414.3
24100,66847,-12596,1545,-579,2026-09-22 08:28:51,23414.3
24150,19767,-17667,304,-67,2026-09-22 08:28:51,23414.3
24200,101906,4081,1412,-1154,2026-09-22 08:28:51,23414.3
24250,26254,6244,334,-45,2026-09-22 08:28:51,23414.3
24300,52584,-10416,758,-692,2026-09-22 08:28:51,23414.3
24350,17020,-1443,159,-66,2026-09-22 08:28:51,23414.3
24400,37119,-6935,806,-936,2026-09-22 08:28:51,23414.3
24450,9291,-436,127,-63,2026-09-22 08:28:51,23414.3
24500,109713,-44907,1786,-2444,2026-09-22 08:28:51,23414.3
24550,13597,-404,161,-206,2026-09-22 08:28:51,23414.3
24600,23581,-12111,405,-305,2026-09-22 08:28:51,23414.3
24650,3362,-3037,29,-49,2026-09-22 08:28:51,23414.3
24700,13752,-21246,66,-23,2026-09-22 08:28:51,23414.3
24750,2384,-537,0,0,2026-09-22 08:28:51,23414.3
24800,33389,-8909,100,-255,2026-09-22 08:28:51,23414.3
24850,4300,-3603,0,0,2026-09-22 08:28:51,23414.3
24900,7300,-9929,143,-3,2026-09-22 08:28:51,23414.3
24950,2070,-1002,0,0,2026-09-22 08:28:51,23414.3
25000,36357,-32030,535,-477,2026-09-22 08:28:51,23414.3
25050,1445,-1278,1,0,2026-09-22 08:28:51,23414.3
25100,4523,-8963,12,-4,2026-09-22 08:28:51,23414.3
25150,2111,-832,5,0,2026-09-22 08:28:51,23414.3
25200,3925,-1482,35,-25,2026-09-22 08:28:51,23414.3
25250,1673,-812,8,0,2026-09-22 08:28:51,23414.3
25300,2553,-152,8,-1,2026-09-22 08:28:51,23414.3
25350,445,153,0,0,2026-09-22 08:28:51,23414.3
25400,1705,-864,27,-4,2026-09-22 08:28:51,23414.3
25450,333,0,8,0,2026-09-22 08:28:51,23414.3
25500,8620,-5417,372,-498,2026-09-22 08:28:51,23414.3
25550,428,28,2,1,2026-09-22 08:28:51,23414.3
25600,1303,-608,3,0,2026-09-22 08:28:51,23414.3
25650,414,-11,8,0,2026-09-22 08:28:51,23414.3
25700,2049,-606,0,0,2026-09-22 08:28:51,23414.3
25750,619,-126,0,0,2026-09-22 08:28:51,23414.3
25800,9418,-3893,5,-2,2026-09-22 08:28:51,23414.3
25850,607,43,0,0,2026-09-22 08:28:51,23414.3
25900,1566,-560,0,0,2026-09-22 08:28:51,23414.3
25950,615,194,0,0,2026-09-22 08:28:51,23414.3
26000,11030,-11253,451,-606,2026-09-22 08:28:51,23414.3
26050,1220,-132,0,0,2026-09-22 08:28:51,23414.3
26100,7313,-1921,0,0,2026-09-22 08:28:51,23414.3
21350,0,0,71738,-25680,2026-09-22 08:28:54,23414.3
21400,0,0,44652,-12333,2026-09-22 08:28:54,23414.3
21450,0,0,10825,1196,2026-09-22 08:28:54,23414.3
21500,0,0,49411,-21658,2026-09-22 08:28:54,23414.3
21550,0,0,5193,1399,2026-09-22 08:28:54,23414.3
21600,0,0,6820,-835,2026-09-22 08:28:54,23414.3
21650,0,0,9718,-4694,2026-09-22 08:28:54,23414.3
21700,24,0,26734,-17473,2026-09-22 08:28:54,23414.3
21750,0,0,5467,-411,2026-09-22 08:28:54,23414.3
21800,1,0,34162,-13356,2026-09-22 08:28:54,23414.3
21850,0,0,7350,601,2026-09-22 08:28:54,23414.3
21900,0,0,23587,-5974,2026-09-22 08:28:54,23414.3
21950,0,0,8004,98,2026-09-22 08:28:54,23414.3
22000,298,-48,152809,-12445,2026-09-22 08:28:54,23414.3
22050,5,0,5979,-5066,2026-09-22 08:28:54,23414.3
22100,18,0,29981,-6454,2026-09-22 08:28:54,23414.3
22150,4,0,14601,-3078,2026-09-22 08:28:54,23414.3
22200,40,-1,68722,-8308,2026-09-22 08:28:54,23414.3
22250,8,0,19892,4128,2026-09-22 08:28:54,23414.3
22300,114,-15,66407,-12789,2026-09-22 08:28:54,23414.3
22350,11,0,28233,2921,2026-09-22 08:28:54,23414.3
22400,38,0,76074,10806,2026-09-22 08:28:54,23414.3
22450,7,0,42632,12636,2026-09-22 08:28:54,23414.3
22500,899,-394,191934,53126,2026-09-22 08:28:54,23414.3
22550,42,0,30314,2501,2026-09-22 08:28:54,23414.3
22600,575,-52,88578,7879,2026-09-22 08:28:54,23414.3
22650,262,1,34743,7892,2026-09-22 08:28:54,23414.3
22700,820,12,112418,15388,2026-09-22 08:28:54,23414.3
22750,506,-23,41224,-21923,2026-09-22 08:28:54,23414.3
22800,1278,-557,137166,26270,2026-09-22 08:28:54,23414.3
22850,741,-73,40773,-7998,2026-09-22 08:28:54,23414.3
22900,1928,-173,133484,56979,2026-09-22 08:28:54,23414.3
22950,1314,-32,67465,10659,2026-09-22 08:28:54,23414.3
23000,6470,-3096,189739,20598,2026-09-22 08:28:54,23414.3
23050,2291,-79,73191,29028,2026-09-22 08:28:54,23414.3
23100,7428,-1717,144841,45920,2026-09-22 08:28:54,23414.3
23150,3858,-1521,95207,35155,2026-09-22 08:28:54,23414.3
23200,31633,-9375,172908,25187,2026-09-22 08:28:54,23414.3
23250,19263,-8610,121877,22020,2026-09-22 08:28:54,23414.3
23300,59836,-54313,243496,48318,2026-09-22 08:28:54,23414.3
23350,39503,-36737,155256,76132,2026-09-22 08:28:54,23414.3
23400,132358,-2538,247382,173731,2026-09-22 08:28:54,23414.3
23450,98924,39541,97810,87093,2026-09-22 08:28:54,23414.3
23500,178853,36912,77732,40728,2026-09-22 08:28:54,23414.3
23550,95921,39685,13183,9144,2026-09-22 08:28:54,23414.3
23600,164756,43079,18565,7184,2026-09-22 08:28:54,23414.3
23650,119469,57289,3682,658,2026-09-22 08:28:54,23414.3
23700,145155,-933,8964,706,2026-09-22 08:28:54,23414.3
23750,80044,13833,1318,-246,2026-09-22 08:28:54,23414.3
23800,126555,180,5378,-1680,2026-09-22 08:28:54,23414.3
23850,55095,9300,1022,-96,2026-09-22 08:28:54,23414.3
23900,98069,8157,3535,-3186,2026-09-22 08:28:54,23414.3
23950,22057,-14376,1014,-140,2026-09-22 08:28:54,23414.3
24000,140005,-37819,11350,-2827,2026-09-22 08:28:54,23414.3
24050,29826,2111,333,-37,2026-09-22 08:28:54,23414.3
24100,66847,-12596,1545,-579,2026-09-22 08:28:54,23414.3
24150,19767,-17667,304,-67,2026-09-22 08:28:54,23414.3
24200,101906,4081,1412,-1154,2026-09-22 08:28:54,23414.3
24250,26254,6244,334,-45,2026-09-22 08:28:54,23414.3
24300,52584,-10416,758,-692,2026-09-22 08:28:54,23414.3
24350,17020,-1443,159,-66,2026-09-22 08:28:54,23414.3
24400,37119,-6935,806,-936,2026-09-22 08:28:54,23414.3
24450,9291,-436,127,-63,2026-09-22 08:28:54,23414.3
24500,109713,-44907,1786,-2444,2026-09-22 08:28:54,23414.3
24550,13597,-404,161,-206,2026-09-22 08:28:54,23414.3
24600,23581,-12111,405,-305,2026-09-22 08:28:54,23414.3
24650,3362,-3037,29,-49,2026-09-22 08:28:54,23414.3
24700,13752,-21246,66,-23,2026-09-22 08:28:54,23414.3
24750,2384,-537,0,0,2026-09-22 08:28:54,23414.3
24800,33389,-8909,100,-255,2026-09-22 08:28:54,23414.3
24850,4300,-3603,0,0,2026-09-22 08:28:54,23414.3
24900,7300,-9929,143,-3,2026-09-22 08:28:54,23414.3
24950,2070,-1002,0,0,2026-09-22 08:28:54,23414.3
25000,36357,-32030,535,-477,2026-09-22 08:28:54,23414.3
25050,1445,-1278,1,0,2026-09-22 08:28:54,23414.3
25100,4523,-8963,12,-4,2026-09-22 08:28:54,23414.3
25150,2111,-832,5,0,2026-09-22 08:28:54,23414.3
25200,3925,-1482,35,-25,2026-09-22 08:28:54,23414.3
25250,1673,-812,8,0,2026-09-22 08:28:54,23414.3
25300,2553,-152,8,-1,2026-09-22 08:28:54,23414.3
25350,445,153,0,0,2026-09-22 08:28:54,23414.3
25400,1705,-864,27,-4,2026-09-22 08:28:54,23414.3
25450,333,0,8,0,2026-09-22 08:28:54,23414.3
25500,8620,-5417,372,-498,2026-09-22 08:28:54,23414.3
25550,428,28,2,1,2026-09-22 08:28:54,23414.3
25600,1303,-608,3,0,2026-09-22 08:28:54,23414.3
25650,414,-11,8,0,2026-09-22 08:28:54,23414.3
25700,2049,-606,0,0,2026-09-22 08:28:54,23414.3
25750,619,-126,0,0,2026-09-22 08:28:54,23414.3
25800,9418,-3893,5,-2,2026-09-22 08:28:54,23414.3
25850,607,43,0,0,2026-09-22 08:28:54,23414.3
25900,1566,-560,0,0,2026-09-22 08:28:54,23414.3
25950,615,194,0,0,2026-09-22 08:28:54,23414.3
26000,11030,-11253,451,-606,2026-09-22 08:28:54,23414.3
26050,1220,-132,0,0,2026-09-22 08:28:54,23414.3
26100,7313,-1921,0,0,2026-09-22 08:28:54,23414.3
21350,0,0,71738,-25680,2026-09-22 08:28:56,23414.3
21400,0,0,44652,-12333,2026-09-22 08:28:56,23414.3
21450,0,0,10825,1196,2026-09-22 08:28:56,23414.3
21500,0,0,49411,-21658,2026-09-22 08:28:56,23414.3
21550,0,0,5193,1399,2026-09-22 08:28:56,23414.3
21600,0,0,6820,-835,2026-09-22 08:28:56,23414.3
21650,0,0,9718,-4694,2026-09-22 08:28:56,23414.3
21700,24,0,26734,-17473,2026-09-22 08:28:56,23414.3
21750,0,0,5467,-411,2026-09-22 08:28:56,23414.3
21800,1,0,34162,-13356,2026-09-22 08:28:56,23414.3
21850,0,0,7350,601,2026-09-22 08:28:56,23414.3
21900,0,0,23587,-5974,2026-09-22 08:28:56,23414.3
21950,0,0,8004,98,2026-09-22 08:28:56,23414.3
22000,298,-48,152809,-12445,2026-09-22 08:28:56,23414.3
22050,5,0,5979,-5066,2026-09-22 08:28:56,23414.3
22100,18,0,29981,-6454,2026-09-22 08:28:56,23414.3
22150,4,0,14601,-3078,2026-09-22 08:28:56,23414.3
22200,40,-1,68722,-8308,2026-09-22 08:28:56,23414.3
22250,8,0,19892,4128,2026-09-22 08:28:56,23414.3
22300,114,-15,66407,-12789,2026-09-22 08:28:56,23414.3
22350,11,0,28233,2921,2026-09-22 08:28:56,23414.3
22400,38,0,76074,10806,2026-09-22 08:28:56,23414.3
22450,7,0,42632,12636,2026-09-22 08:28:56,23414.3
22500,899,-394,191934,53126,2026-09-22 08:28:56,23414.3
22550,42,0,30314,2501,2026-09-22 08:28:56,23414.3
22600,575,-52,88578,7879,2026-09-22 08:28:56,23414.3
22650,262,1,34743,7892,2026-09-22 08:28:56,23414.3
22700,820,12,112418,15388,2026-09-22 08:28:56,23414.3
22750,506,-23,41224,-21923,2026-09-22 08:28:56,23414.3
22800,1278,-557,137166,26270,2026-09-22 08:28:56,23414.3
22850,741,-73,40773,-7998,2026-09-22 08:28:56,23414.3
22900,1928,-173,133484,56979,2026-09-22 08:28:56,23414.3
22950,1314,-32,67465,10659,2026-09-22 08:28:56,23414.3
23000,6470,-3096,189739,20598,2026-09-22 08:28:56,23414.3
23050,2291,-79,73191,29028,2026-09-22 08:28:56,23414.3
23100,7428,-1717,144841,45920,2026-09-22 08:28:56,23414.3
23150,3858,-1521,95207,35155,2026-09-22 08:28:56,23414.3
23200,31633,-9375,172908,25187,2026-09-22 08:28:56,23414.3
23250,19263,-8610,121877,22020,2026-09-22 08:28:56,23414.3
23300,59836,-54313,243496,48318,2026-09-22 08:28:56,23414.3
23350,39503,-36737,155256,76132,2026-09-22 08:28:56,23414.3
23400,132358,-2538,247382,173731,2026-09-22 08:28:56,23414.3
23450,98924,39541,97810,87093,2026-09-22 08:28:56,23414.3
23500,178853,36912,77732,40728,2026-09-22 08:28:56,23414.3
23550,95921,39685,13183,9144,2026-09-22 08:28:56,23414.3
23600,164756,43079,18565,7184,2026-09-22 08:28:56,23414.3
23650,119469,57289,3682,658,2026-09-22 08:28:56,23414.3
23700,145155,-933,8964,706,2026-09-22 08:28:56,23414.3
23750,80044,13833,1318,-246,2026-09-22 08:28:56,23414.3
23800,126555,180,5378,-1680,2026-09-22 08:28:56,23414.3
23850,55095,9300,1022,-96,2026-09-22 08:28:56,23414.3
23900,98069,8157,3535,-3186,2026-09-22 08:28:56,23414.3
23950,22057,-14376,1014,-140,2026-09-22 08:28:56,23414.3
24000,140005,-37819,11350,-2827,2026-09-22 08:28:56,23414.3
24050,29826,2111,333,-37,2026-09-22 08:28:56,23414.3
24100,66847,-12596,1545,-579,2026-09-22 08:28:56,23414.3
24150,19767,-17667,304,-67,2026-09-22 08:28:56,23414.3
24200,101906,4081,1412,-1154,2026-09-22 08:28:56,23414.3
24250,26254,6244,334,-45,2026-09-22 08:28:56,23414.3
24300,52584,-10416,758,-692,2026-09-22 08:28:56,23414.3
24350,17020,-1443,159,-66,2026-09-22 08:28:56,23414.3
24400,37119,-6935,806,-936,2026-09-22 08:28:56,23414.3
24450,9291,-436,127,-63,2026-09-22 08:28:56,23414.3
24500,109713,-44907,1786,-2444,2026-09-22 08:28:56,23414.3
24550,13597,-404,161,-206,2026-09-22 08:28:56,23414.3
24600,23581,-12111,405,-305,2026-09-22 08:28:56,23414.3
24650,3362,-3037,29,-49,2026-09-22 08:28:56,23414.3
24700,13752,-21246,66,-23,2026-09-22 08:28:56,23414.3
24750,2384,-537,0,0,2026-09-22 08:28:56,23414.3
24800,33389,-8909,100,-255,2026-09-22 08:28:56,23414.3
24850,4300,-3603,0,0,2026-09-22 08:28:56,23414.3
24900,7300,-9929,143,-3,2026-09-22 08:28:56,23414.3
24950,2070,-1002,0,0,2026-09-22 08:28:56,23414.3
25000,36357,-32030,535,-477,2026-09-22 08:28:56,23414.3
25050,1445,-1278,1,0,2026-09-22 08:28:56,23414.3
25100,4523,-8963,12,-4,2026-09-22 08:28:56,23414.3
25150,2111,-832,5,0,2026-09-22 08:28:56,23414.3
25200,3925,-1482,35,-25,2026-09-22 08:28:56,23414.3
25250,1673,-812,8,0,2026-09-22 08:28:56,23414.3
25300,2553,-152,8,-1,2026-09-22 08:28:56,23414.3
25350,445,153,0,0,2026-09-22 08:28:56,23414.3
25400,1705,-864,27,-4,2026-09-22 08:28:56,23414.3
25450,333,0,8,0,2026-09-22 08:28:56,23414.3
25500,8620,-5417,372,-498,2026-09-22 08:28:56,23414.3
25550,428,28,2,1,2026-09-22 08:28:56,23414.3
25600,1303,-608,3,0,2026-09-22 08:28:56,23414.3
25650,414,-11,8,0,2026-09-22 08:28:56,23414.3
25700,2049,-606,0,0,2026-09-22 08:28:56,23414.3
25750,619,-126,0,0,2026-09-22 08:28:56,23414.3
25800,9418,-3893,5,-2,2026-09-22 08:28:56,23414.3
25850,607,43,0,0,2026-09-22 08:28:56,23414.3
25900,1566,-560,0,0,2026-09-22 08:28:56,23414.3
25950,615,194,0,0,2026-09-22 08:28:56,23414.3
26000,11030,-11253,451,-606,2026-09-22 08:28:56,23414.3
26050,1220,-132,0,0,2026-09-22 08:28:56,23414.3
26100,7313,-1921,0,0,2026-09-22 08:28:56,23414.3
21350,0,0,71738,-25680,2026-09-22 08:29:47,23414.3
21400,0,0,44652,-12333,2026-09-22 08:29:47,23414.3
21450,0,0,10825,1196,2026-09-22 08:29:47,23414.3
21500,0,0,49411,-21658,2026-09-22 08:29:47,23414.3
21550,0,0,5193,1399,2026-09-22 08:29:47,23414.3
21600,0,0,6820,-835,2026-09-22 08:29:47,23414.3
21650,0,0,9718,-4694,2026-09-22 08:29:47,23414.3
21700,24,0,26734,-17473,2026-09-22 08:29:47,23414.3
21750,0,0,5467,-411,2026-09-22 08:29:47,23414.3
21800,1,0,34162,-13356,2026-09-22 08:29:47,23414.3
21850,0,0,7350,601,2026-09-22 08:29:47,23414.3
21900,0,0,23587,-5974,2026-09-22 08:29:47,23414.3
21950,0,0,8004,98,2026-09-22 08:29:47,23414.3
22000,298,-48,152809,-12445,2026-09-22 08:29:47,23414.3
22050,5,0,5979,-5066,2026-09-22 08:29:47,23414.3
22100,18,0,29981,-6454,2026-09-22 08:29:47,23414.3
22150,4,0,14601,-3078,2026-09-22 08:29:47,23414.3
22200,40,-1,68722,-8308,2026-09-22 08:29:47,23414.3
22250,8,0,19892,4128,2026-09-22 08:29:47,23414.3
22300,114,-15,66407,-12789,2026-09-22 08:29:47,23414.3
22350,11,0,28233,2921,2026-09-22 08:29:47,23414.3
22400,38,0,76074,10806,2026-09-22 08:29:47,23414.3
22450,7,0,42632,12636,2026-09-22 08:29:47,23414.3
22500,899,-394,191934,53126,2026-09-22 08:29:47,23414.3
22550,42,0,30314,2501,2026-09-22 08:29:47,23414.3
22600,575,-52,88578,7879,2026-09-22 08:29:47,23414.3
22650,262,1,34743,7892,2026-09-22 08:29:47,23414.3
22700,820,12,112418,15388,2026-09-22 08:29:47,23414.3
22750,506,-23,41224,-21923,2026-09-22 08:29:47,23414.3
22800,1278,-557,137166,26270,2026-09-22 08:29:47,23414.3
22850,741,-73,40773,-7998,2026-09-22 08:29:47,23414.3
22900,1928,-173,133484,56979,2026-09-22 08:29:47,23414.3
22950,1314,-32,67465,10659,2026-09-22 08:29:47,23414.3
23000,6470,-3096,189739,20598,2026-09-22 08:29:47,23414.3
23050,2291,-79,73191,29028,2026-09-22 08:29:47,23414.3
23100,7428,-1717,144841,45920,2026-09-22 08:29:47,23414.3
23150,3858,-1521,95207,35155,2026-09-22 08:29:47,23414.3
23200,31633,-9375,172908,25187,2026-09-22 08:29:47,23414.3
23250,19263,-8610,121877,22020,2026-09-22 08:29:47,23414.3
23300,59836,-54313,243496,48318,2026-09-22 08:29:47,23414.3
23350,39503,-36737,155256,76132,2026-09-22 08:29:47,23414.3
23400,132358,-2538,247382,173731,2026-09-22 08:29:47,23414.3
23450,98924,39541,97810,87093,2026-09-22 08:29:47,23414.3
23500,178853,36912,77732,40728,2026-09-22 08:29:47,23414.3
23550,95921,39685,13183,9144,2026-09-22 08:29:47,23414.3
23600,164756,43079,18565,7184,2026-09-22 08:29:47,23414.3
23650,119469,57289,3682,658,2026-09-22 08:29:47,23414.3
23700,145155,-933,8964,706,2026-09-22 08:29:47,23414.3
23750,80044,13833,1318,-246,2026-09-22 08:29:47,23414.3
23800,126555,180,5378,-1680,2026-09-22 08:29:47,23414.3
23850,55095,9300,1022,-96,2026-09-22 08:29:47,23414.3
23900,98069,8157,3535,-3186,2026-09-22 08:29:47,23414.3
23950,22057,-14376,1014,-140,2026-09-22 08:29:47,23414.3
24000,140005,-37819,11350,-2827,2026-09-22 08:29:47,23414.3
24050,29826,2111,333,-37,2026-09-22 08:29:47,23414.3
24100,66847,-12596,1545,-579,2026-09-22 08:29:47,23414.3
24150,19767,-17667,304,-67,2026-09-22 08:29:47,23414.3
24200,101906,4081,1412,-1154,2026-09-22 08:29:47,23414.3
24250,26254,6244,334,-45,2026-09-22 08:29:47,23414.3
24300,52584,-10416,758,-692,2026-09-22 08:29:47,23414.3
24350,17020,-1443,159,-66,2026-09-22 08:29:47,23414.3
24400,37119,-6935,806,-936,2026-09-22 08:29:47,23414.3
24450,9291,-436,127,-63,2026-09-22 08:29:47,23414.3
24500,109713,-44907,1786,-2444,2026-09-22 08:29:47,23414.3
24550,13597,-404,161,-206,2026-09-22 08:29:47,23414.3
24600,23581,-12111,405,-305,2026-09-22 08:29:47,23414.3
24650,3362,-3037,29,-49,2026-09-22 08:29:47,23414.3
24700,13752,-21246,66,-23,2026-09-22 08:29:47,23414.3
24750,2384,-537,0,0,2026-09-22 08:29:47,23414.3
24800,33389,-8909,100,-255,2026-09-22 08:29:47,23414.3
24850,4300,-3603,0,0,2026-09-22 08:29:47,23414.3
24900,7300,-9929,143,-3,2026-09-22 08:29:47,23414.3
24950,2070,-1002,0,0,2026-09-22 08:29:47,23414.3
25000,36357,-32030,535,-477,2026-09-22 08:29:47,23414.3
25050,1445,-1278,1,0,2026-09-22 08:29:47,23414.3
25100,4523,-8963,12,-4,2026-09-22 08:29:47,23414.3
25150,2111,-832,5,0,2026-09-22 08:29:47,23414.3
25200,3925,-1482,35,-25,2026-09-22 08:29:47,23414.3
25250,1673,-812,8,0,2026-09-22 08:29:47,23414.3
25300,2553,-152,8,-1,2026-09-22 08:29:47,23414.3
25350,445,153,0,0,2026-09-22 08:29:47,23414.3
25400,1705,-864,27,-4,2026-09-22 08:29:47,23414.3
25450,333,0,8,0,2026-09-22 08:29:47,23414.3
25500,8620,-5417,372,-498,2026-09-22 08:29:47,23414.3
25550,428,28,2,1,2026-09-22 08:29:47,23414.3
25600,1303,-608,3,0,2026-09-22 08:29:47,23414.3
25650,414,-11,8,0,2026-09-22 08:29:47,23414.3
25700,2049,-606,0,0,2026-09-22 08:29:47,23414.3
25750,619,-126,0,0,2026-09-22 08:29:47,23414.3
25800,9418,-3893,5,-2,2026-09-22 08:29:47,23414.3
25850,607,43,0,0,2026-09-22 08:29:47,23414.3
25900,1566,-560,0,0,2026-09-22 08:29:47,23414.3
25950,615,194,0,0,2026-09-22 08:29:47,23414.3
26000,11030,-11253,451,-606,2026-09-22 08:29:47,23414.3
26050,1220,-132,0,0,2026-09-22 08:29:47,23414.3
26100,7313,-1921,0,0,2026-09-22 08:29:47,23414.3
21350,0,0,71738,-25680,2026-09-22 08:31:54,23414.3
21400,0,0,44652,-12333,2026-09-22 08:31:54,23414.3
21450,0,0,10825,1196,2026-09-22 08:31:54,23414.3
21500,0,0,49411,-21658,2026-09-22 08:31:54,23414.3
21550,0,0,5193,1399,2026-09-22 08:31:54,23414.3
21600,0,0,6820,-835,2026-09-22 08:31:54,23414.3
21650,0,0,9718,-4694,2026-09-22 08:31:54,23414.3
21700,24,0,26734,-17473,2026-09-22 08:31:54,23414.3
21750,0,0,5467,-411,2026-09-22 08:31:54,23414.3
21800,1,0,34162,-13356,2026-09-22 08:31:54,23414.3
21850,0,0,7350,601,2026-09-22 08:31:54,23414.3
21900,0,0,23587,-5974,2026-09-22 08:31:54,23414.3
21950,0,0,8004,98,2026-09-22 08:31:54,23414.3
22000,298,-48,152809,-12445,2026-09-22 08:31:54,23414.3
22050,5,0,5979,-5066,2026-09-22 08:31:54,23414.3
22100,18,0,29981,-6454,2026-09-22 08:31:54,23414.3
22150,4,0,14601,-3078,2026-09-22 08:31:54,23414.3
22200,40,-1,68722,-8308,2026-09-22 08:31:54,23414.3
22250,8,0,19892,4128,2026-09-22 08:31:54,23414.3
22300,114,-15,66407,-12789,2026-09-22 08:31:54,23414.3
22350,11,0,28233,2921,2026-09-22 08:31:54,23414.3
22400,38,0,76074,10806,2026-09-22 08:31:54,23414.3
22450,7,0,42632,12636,2026-09-22 08:31:54,23414.3
22500,899,-394,191934,53126,2026-09-22 08:31:54,23414.3
22550,42,0,30314,2501,2026-09-22 08:31:54,23414.3
22600,575,-52,88578,7879,2026-09-22 08:31:54,23414.3
22650,262,1,34743,7892,2026-09-22 08:31:54,23414.3
22700,820,12,112418,15388,2026-09-22 08:31:54,23414.3
22750,506,-23,41224,-21923,2026-09-22 08:31:54,23414.3
22800,1278,-557,137166,26270,2026-09-22 08:31:54,23414.3
22850,741,-73,40773,-7998,2026-09-22 08:31:54,23414.3
22900,1928,-173,133484,56979,2026-09-22 08:31:54,23414.3
22950,1314,-32,67465,10659,2026-09-22 08:31:54,23414.3
23000,6470,-3096,189739,20598,2026-09-22 08:31:54,23414.3
23050,2291,-79,73191,29028,2026-09-22 08:31:54,23414.3
23100,7428,-1717,144841,45920,2026-09-22 08:31:54,23414.3
23150,3858,-1521,95207,35155,2026-09-22 08:31:54,23414.3
23200,31633,-9375,172908,25187,2026-09-22 08:31:54,23414.3
23250,19263,-8610,121877,22020,2026-09-22 08:31:54,23414.3
23300,59836,-54313,243496,48318,2026-09-22 08:31:54,23414.3
23350,39503,-36737,155256,76132,2026-09-22 08:31:54,23414.3
23400,132358,-2538,247382,173731,2026-09-22 08:31:54,23414.3
23450,98924,39541,97810,87093,2026-09-22 08:31:54,23414.3
23500,178853,36912,77732,40728,2026-09-22 08:31:54,23414.3
23550,95921,39685,13183,9144,2026-09-22 08:31:54,23414.3
23600,164756,43079,18565,7184,2026-09-22 08:31:54,23414.3
23650,119469,57289,3682,658,2026-09-22 08:31:54,23414.3
23700,145155,-933,8964,706,2026-09-22 08:31:54,23414.3
23750,80044,13833,1318,-246,2026-09-22 08:31:54,23414.3
23800,126555,180,5378,-1680,2026-09-22 08:31:54,23414.3
23850,55095,9300,1022,-96,2026-09-22 08:31:54,23414.3
23900,98069,8157,3535,-3186,2026-09-22 08:31:54,23414.3
23950,22057,-14376,1014,-140,2026-09-22 08:31:54,23414.3
24000,140005,-37819,11350,-2827,2026-09-22 08:31:54,23414.3
24050,29826,2111,333,-37,2026-09-22 08:31:54,23414.3
24100,66847,-12596,1545,-579,2026-09-22 08:31:54,23414.3
24150,19767,-17667,304,-67,2026-09-22 08:31:54,23414.3
24200,101906,4081,1412,-1154,2026-09-22 08:31:54,23414.3
24250,26254,6244,334,-45,2026-09-22 08:31:54,23414.3
24300,52584,-10416,758,-692,2026-09-22 08:31:54,23414.3
24350,17020,-1443,159,-66,2026-09-22 08:31:54,23414.3
24400,37119,-6935,806,-936,2026-09-22 08:31:54,23414.3
24450,9291,-436,127,-63,2026-09-22 08:31:54,23414.3
24500,109713,-44907,1786,-2444,2026-09-22 08:31:54,23414.3
24550,13597,-404,161,-206,2026-09-22 08:31:54,23414.3
24600,23581,-12111,405,-305,2026-09-22 08:31:54,23414.3
24650,3362,-3037,29,-49,2026-09-22 08:31:54,23414.3
24700,13752,-21246,66,-23,2026-09-22 08:31:54,23414.3
24750,2384,-537,0,0,2026-09-22 08:31:54,23414.3
24800,33389,-8909,100,-255,2026-09-22 08:31:54,23414.3
24850,4300,-3603,0,0,2026-09-22 08:31:54,23414.3
24900,7300,-9929,143,-3,2026-09-22 08:31:54,23414.3
24950,2070,-1002,0,0,2026-09-22 08:31:54,23414.3
25000,36357,-32030,535,-477,2026-09-22 08:31:54,23414.3
25050,1445,-1278,1,0,2026-09-22 08:31:54,23414.3
25100,4523,-8963,12,-4,2026-09-22 08:31:54,23414.3
25150,2111,-832,5,0,2026-09-22 08:31:54,23414.3
25200,3925,-1482,35,-25,2026-09-22 08:31:54,23414.3
25250,1673,-812,8,0,2026-09-22 08:31:54,23414.3
25300,2553,-152,8,-1,2026-09-22 08:31:54,23414.3
25350,445,153,0,0,2026-09-22 08:31:54,23414.3
25400,1705,-864,27,-4,2026-09-22 08:31:54,23414.3
25450,333,0,8,0,2026-09-22 08:31:54,23414.3
25500,8620,-5417,372,-498,2026-09-22 08:31:54,23414.3
25550,428,28,2,1,2026-09-22 08:31:54,23414.3
25600,1303,-608,3,0,2026-09-22 08:31:54,23414.3
25650,414,-11,8,0,2026-09-22 08:31:54,23414.3
25700,2049,-606,0,0,2026-09-22 08:31:54,23414.3
25750,619,-126,0,0,2026-09-22 08:31:54,23414.3
25800,9418,-3893,5,-2,2026-09-22 08:31:54,23414.3
25850,607,43,0,0,2026-09-22 08:31:54,23414.3
25900,1566,-560,0,0,2026-09-22 08:31:54,23414.3
25950,615,194,0,0,2026-09-22 08:31:54,23414.3
26000,11030,-11253,451,-606,2026-09-22 08:31:54,23414.3
26050,1220,-132,0,0,2026-09-22 08:31:54,23414.3
26100,7313,-1921,0,0,2026-09-22 08:31:54,23414.3
21350,0,0,71738,-25680,2026-09-22 08:31:58,23414.3
21400,0,0,44652,-12333,2026-09-22 08:31:58,23414.3
21450,0,0,10825,1196,2026-09-22 08:31:58,23414.3
21500,0,0,49411,-21658,2026-09-22 08:31:58,23414.3
21550,0,0,5193,1399,2026-09-22 08:31:58,23414.3
21600,0,0,6820,-835,2026-09-22 08:31:58,23414.3
21650,0,0,9718,-4694,2026-09-22 08:31:58,23414.3
21700,24,0,26734,-17473,2026-09-22 08:31:58,23414.3
21750,0,0,5467,-411,2026-09-22 08:31:58,23414.3
21800,1,0,34162,-13356,2026-09-22 08:31:58,23414.3
21850,0,0,7350,601,2026-09-22 08:31:58,23414.3
21900,0,0,23587,-5974,2026-09-22 08:31:58,23414.3
21950,0,0,8004,98,2026-09-22 08:31:58,23414.3
22000,298,-48,152809,-12445,2026-09-22 08:31:58,23414.3
22050,5,0,5979,-5066,2026-09-22 08:31:58,23414.3
22100,18,0,29981,-6454,2026-09-22 08:31:58,23414.3
22150,4,0,14601,-3078,2026-09-22 08:31:58,23414.3
22200,40,-1,68722,-8308,2026-09-22 08:31:58,23414.3
22250,8,0,19892,4128,2026-09-22 08:31:58,23414.3
22300,114,-15,66407,-12789,2026-09-22 08:31:58,23414.3
22350,11,0,28233,2921,2026-09-22 08:31:58,23414.3
22400,38,0,76074,10806,2026-09-22 08:31:58,23414.3
22450,7,0,42632,12636,2026-09-22 08:31:58,23414.3
22500,899,-394,191934,53126,2026-09-22 08:31:58,23414.3
22550,42,0,30314,2501,2026-09-22 08:31:58,23414.3
22600,575,-52,88578,7879,2026-09-22 08:31:58,23414.3
22650,262,1,34743,7892,2026-09-22 08:31:58,23414.3
22700,820,12,112418,15388,2026-09-22 08:31:58,23414.3
22750,506,-23,41224,-21923,2026-09-22 08:31:58,23414.3
22800,1278,-557,137166,26270,2026-09-22 08:31:58,23414.3
22850,741,-73,40773,-7998,2026-09-22 08:31:58,23414.3
22900,1928,-173,133484,56979,2026-09-22 08:31:58,23414.3
22950,1314,-32,67465,10659,2026-09-22 08:31:58,23414.3
23000,6470,-3096,189739,20598,2026-09-22 08:31:58,23414.3
23050,2291,-79,73191,29028,2026-09-22 08:31:58,23414.3
23100,7428,-1717,144841,45920,2026-09-22 08:31:58,23414.3
23150,3858,-1521,95207,35155,2026-09-22 08:31:58,23414.3
23200,31633,-9375,172908,25187,2026-09-22 08:31:58,23414.3
23250,19263,-8610,121877,22020,2026-09-22 08:31:58,23414.3
23300,59836,-54313,243496,48318,2026-09-22 08:31:58,23414.3
23350,39503,-36737,155256,76132,2026-09-22 08:31:58,23414.3
23400,132358,-2538,247382,173731,2026-09-22 08:31:58,23414.3
23450,98924,39541,97810,87093,2026-09-22 08:31:58,23414.3
23500,178853,36912,77732,40728,2026-09-22 08:31:58,23414.3
23550,95921,39685,13183,9144,2026-09-22 08:31:58,23414.3
23600,164756,43079,18565,7184,2026-09-22 08:31:58,23414.3
23650,119469,57289,3682,658,2026-09-22 08:31:58,23414.3
23700,145155,-933,8964,706,2026-09-22 08:31:58,23414.3
23750,80044,13833,1318,-246,2026-09-22 08:31:58,23414.3
23800,126555,180,5378,-1680,2026-09-22 08:31:58,23414.3
23850,55095,9300,1022,-96,2026-09-22 08:31:58,23414.3
23900,98069,8157,3535,-3186,2026-09-22 08:31:58,23414.3
23950,22057,-14376,1014,-140,2026-09-22 08:31:58,23414.3
24000,140005,-37819,11350,-2827,2026-09-22 08:31:58,23414.3
24050,29826,2111,333,-37,2026-09-22 08:31:58,23414.3
24100,66847,-12596,1545,-579,2026-09-22 08:31:58,23414.3
24150,19767,-17667,304,-67,2026-09-22 08:31:58,23414.3
24200,101906,4081,1412,-1154,2026-09-22 08:31:58,23414.3
24250,26254,6244,334,-45,2026-09-22 08:31:58,23414.3
24300,52584,-10416,758,-692,2026-09-22 08:31:58,23414.3
24350,17020,-1443,159,-66,2026-09-22 08:31:58,23414.3
24400,37119,-6935,806,-936,2026-09-22 08:31:58,23414.3
24450,9291,-436,127,-63,2026-09-22 08:31:58,23414.3
24500,109713,-44907,1786,-2444,2026-09-22 08:31:58,23414.3
24550,13597,-404,161,-206,2026-09-22 08:31:58,23414.3
24600,23581,-12111,405,-305,2026-09-22 08:31:58,23414.3
24650,3362,-3037,29,-49,2026-09-22 08:31:58,23414.3
24700,13752,-21246,66,-23,2026-09-22 08:31:58,23414.3
24750,2384,-537,0,0,2026-09-22 08:31:58,23414.3
24800,33389,-8909,100,-255,2026-09-22 08:31:58,23414.3
24850,4300,-3603,0,0,2026-09-22 08:31:58,23414.3
24900,7300,-9929,143,-3,2026-09-22 08:31:58,23414.3
24950,2070,-1002,0,0,2026-09-22 08:31:58,23414.3
25000,36357,-32030,535,-477,2026-09-22 08:31:58,23414.3
25050,1445,-1278,1,0,2026-09-22 08:31:58,23414.3
25100,4523,-8963,12,-4,2026-09-22 08:31:58,23414.3
25150,2111,-832,5,0,2026-09-22 08:31:58,23414.3
25200,3925,-1482,35,-25,2026-09-22 08:31:58,23414.3
25250,1673,-812,8,0,2026-09-22 08:31:58,23414.3
25300,2553,-152,8,-1,2026-09-22 08:31:58,23414.3
25350,445,153,0,0,2026-09-22 08:31:58,23414.3
25400,1705,-864,27,-4,2026-09-22 08:31:58,23414.3
25450,333,0,8,0,2026-09-22 08:31:58,23414.3
25500,8620,-5417,372,-498,2026-09-22 08:31:58,23414.3
25550,428,28,2,1,2026-09-22 08:31:58,23414.3
25600,1303,-608,3,0,2026-09-22 08:31:58,23414.3
25650,414,-11,8,0,2026-09-22 08:31:58,23414.3
25700,2049,-606,0,0,2026-09-22 08:31:58,23414.3
25750,619,-126,0,0,2026-09-22 08:31:58,23414.3
25800,9418,-3893,5,-2,2026-09-22 08:31:58,23414.3
25850,607,43,0,0,2026-09-22 08:31:58,23414.3
25900,1566,-560,0,0,2026-09-22 08:31:58,23414.3
25950,615,194,0,0,2026-09-22 08:31:58,23414.3
26000,11030,-11253,451,-606,2026-09-22 08:31:58,23414.3
26050,1220,-132,0,0,2026-09-22 08:31:58,23414.3
26100,7313,-1921,0,0,2026-09-22 08:31:58,23414.3
21350,0,0,71738,-25680,2026-09-22 08:34:59,23414.3
21400,0,0,44652,-12333,2026-09-22 08:34:59,23414.3
21450,0,0,10825,1196,2026-09-22 08:34:59,23414.3
21500,0,0,49411,-21658,2026-09-22 08:34:59,23414.3
21550,0,0,5193,1399,2026-09-22 08:34:59,23414.3
21600,0,0,6820,-835,2026-09-22 08:34:59,23414.3
21650,0,0,9718,-4694,2026-09-22 08:34:59,23414.3
21700,24,0,26734,-17473,2026-09-22 08:34:59,23414.3
21750,0,0,5467,-411,2026-09-22 08:34:59,23414.3
21800,1,0,34162,-13356,2026-09-22 08:34:59,23414.3
21850,0,0,7350,601,2026-09-22 08:34:59,23414.3
21900,0,0,23587,-5974,2026-09-22 08:34:59,23414.3
21950,0,0,8004,98,2026-09-22 08:34:59,23414.3
22000,298,-48,152809,-12445,2026-09-22 08:34:59,23414.3
22050,5,0,5979,-5066,2026-09-22 08:34:59,23414.3
22100,18,0,29981,-6454,2026-09-22 08:34:59,23414.3
22150,4,0,14601,-3078,2026-09-22 08:34:59,23414.3
22200,40,-1,68722,-8308,2026-09-22 08:34:59,23414.3
22250,8,0,19892,4128,2026-09-22 08:34:59,23414.3
22300,114,-15,66407,-12789,2026-09-22 08:34:59,23414.3
22350,11,0,28233,2921,2026-09-22 08:34:59,23414.3
22400,38,0,76074,10806,2026-09-22 08:34:59,23414.3
22450,7,0,42632,12636,2026-09-22 08:34:59,23414.3
22500,899,-394,191934,53126,2026-09-22 08:34:59,23414.3
22550,42,0,30314,2501,2026-09-22 08:34:59,23414.3
22600,575,-52,88578,7879,2026-09-22 08:34:59,23414.3
22650,262,1,34743,7892,2026-09-22 08:34:59,23414.3
22700,820,12,112418,15388,2026-09-22 08:34:59,23414.3
22750,506,-23,41224,-21923,2026-09-22 08:34:59,23414.3
22800,1278,-557,137166,26270,2026-09-22 08:34:59,23414.3
22850,741,-73,40773,-7998,2026-09-22 08:34:59,23414.3
22900,1928,-173,133484,56979,2026-09-22 08:34:59,23414.3
22950,1314,-32,67465,10659,2026-09-22 08:34:59,23414.3
23000,6470,-3096,189739,20598,2026-09-22 08:34:59,23414.3
23050,2291,-79,73191,29028,2026-09-22 08:34:59,23414.3
23100,7428,-1717,144841,45920,2026-09-22 08:34:59,23414.3
23150,3858,-1521,95207,35155,2026-09-22 08:34:59,23414.3
23200,31633,-9375,172908,25187,2026-09-22 08:34:59,23414.3
23250,19263,-8610,121877,22020,2026-09-22 08:34:59,23414.3
23300,59836,-54313,243496,48318,2026-09-22 08:34:59,23414.3
23350,39503,-36737,155256,76132,2026-09-22 08:34:59,23414.3
23400,132358,-2538,247382,173731,2026-09-22 08:34:59,23414.3
23450,98924,39541,97810,87093,2026-09-22 08:34:59,23414.3
23500,178853,36912,77732,40728,2026-09-22 08:34:59,23414.3
23550,95921,39685,13183,9144,2026-09-22 08:34:59,23414.3
23600,164756,43079,18565,7184,2026-09-22 08:34:59,23414.3
23650,119469,57289,3682,658,2026-09-22 08:34:59,23414.3
23700,145155,-933,8964,706,2026-09-22 08:34:59,23414.3
23750,80044,13833,1318,-246,2026-09-22 08:34:59,23414.3
23800,126555,180,5378,-1680,2026-09-22 08:34:59,23414.3
23850,55095,9300,1022,-96,2026-09-22 08:34:59,23414.3
23900,98069,8157,3535,-3186,2026-09-22 08:34:59,23414.3
23950,22057,-14376,1014,-140,2026-09-22 08:34:59,23414.3
24000,140005,-37819,11350,-2827,2026-09-22 08:34:59,23414.3
24050,29826,2111,333,-37,2026-09-22 08:34:59,23414.3
24100,66847,-12596,1545,-579,2026-09-22 08:34:59,23414.3
24150,19767,-17667,304,-67,2026-09-22 08:34:59,23414.3
24200,101906,4081,1412,-1154,2026-09-22 08:34:59,23414.3
24250,26254,6244,334,-45,2026-09-22 08:34:59,23414.3
24300,52584,-10416,758,-692,2026-09-22 08:34:59,23414.3
24350,17020,-1443,159,-66,2026-09-22 08:34:59,23414.3
24400,37119,-6935,806,-936,2026-09-22 08:34:59,23414.3
24450,9291,-436,127,-63,2026-09-22 08:34:59,23414.3
24500,109713,-44907,1786,-2444,2026-09-22 08:34:59,23414.3
24550,13597,-404,161,-206,2026-09-22 08:34:59,23414.3
24600,23581,-12111,405,-305,2026-09-22 08:34:59,23414.3
24650,3362,-3037,29,-49,2026-09-22 08:34:59,23414.3
24700,13752,-21246,66,-23,2026-09-22 08:34:59,23414.3
24750,2384,-537,0,0,2026-09-22 08:34:59,23414.3
24800,33389,-8909,100,-255,2026-09-22 08:34:59,23414.3
24850,4300,-3603,0,0,2026-09-22 08:34:59,23414.3
24900,7300,-9929,143,-3,2026-09-22 08:34:59,23414.3
24950,2070,-1002,0,0,2026-09-22 08:34:59,23414.3
25000,36357,-32030,535,-477,2026-09-22 08:34:59,23414.3
25050,1445,-1278,1,0,2026-09-22 08:34:59,23414.3
25100,4523,-8963,12,-4,2026-09-22 08:34:59,23414.3
25150,2111,-832,5,0,2026-09-22 08:34:59,23414.3
25200,3925,-1482,35,-25,2026-09-22 08:34:59,23414.3
25250,1673,-812,8,0,2026-09-22 08:34:59,23414.3
25300,2553,-152,8,-1,2026-09-22 08:34:59,23414.3
25350,445,153,0,0,2026-09-22 08:34:59,23414.3
25400,1705,-864,27,-4,2026-09-22 08:34:59,23414.3
25450,333,0,8,0,2026-09-22 08:34:59,23414.3
25500,8620,-5417,372,-498,2026-09-22 08:34:59,23414.3
25550,428,28,2,1,2026-09-22 08:34:59,23414.3
25600,1303,-608,3,0,2026-09-22 08:34:59,23414.3
25650,414,-11,8,0,2026-09-22 08:34:59,23414.3
25700,2049,-606,0,0,2026-09-22 08:34:59,23414.3
25750,619,-126,0,0,2026-09-22 08:34:59,23414.3
25800,9418,-3893,5,-2,2026-09-22 08:34:59,23414.3
25850,607,43,0,0,2026-09-22 08:34:59,23414.3
25900,1566,-560,0,0,2026-09-22 08:34:59,23414.3
25950,615,194,0,0,2026-09-22 08:34:59,23414.3
26000,11030,-11253,451,-606,2026-09-22 08:34:59,23414.3
26050,1220,-132,0,0,2026-09-22 08:34:59,23414.3
26100,7313,-1921,0,0,2026-09-22 08:34:59,23414.3
21350,0,0,71738,-25680,2026-09-22 08:35:01,23414.3
21400,0,0,44652,-12333,2026-09-22 08:35:01,23414.3
21450,0,0,10825,1196,2026-09-22 08:35:01,23414.3
21500,0,0,49411,-21658,2026-09-22 08:35:01,23414.3
21550,0,0,5193,1399,2026-09-22 08:35:01,23414.3
21600,0,0,6820,-835,2026-09-22 08:35:01,23414.3
21650,0,0,9718,-4694,2026-09-22 08:35:01,23414.3
21700,24,0,26734,-17473,2026-09-22 08:35:01,23414.3
21750,0,0,5467,-411,2026-09-22 08:35:01,23414.3
21800,1,0,34162,-13356,2026-09-22 08:35:01,23414.3
21850,0,0,7350,601,2026-09-22 08:35:01,23414.3
21900,0,0,23587,-5974,2026-09-22 08:35:01,23414.3
21950,0,0,8004,98,2026-09-22 08:35:01,23414.3
22000,298,-48,152809,-12445,2026-09-22 08:35:01,23414.3
22050,5,0,5979,-5066,2026-09-22 08:35:01,23414.3
22100,18,0,29981,-6454,2026-09-22 08:35:01,23414.3
22150,4,0,14601,-3078,2026-09-22 08:35:01,23414.3
22200,40,-1,68722,-8308,2026-09-22 08:35:01,23414.3
22250,8,0,19892,4128,2026-09-22 08:35:01,23414.3
22300,114,-15,66407,-12789,2026-09-22 08:35:01,23414.3
22350,11,0,28233,2921,2026-09-22 08:35:01,23414.3
22400,38,0,76074,10806,2026-09-22 08:35:01,23414.3
22450,7,0,42632,12636,2026-09-22 08:35:01,23414.3
22500,899,-394,191934,53126,2026-09-22 08:35:01,23414.3
22550,42,0,30314,2501,2026-09-22 08:35:01,23414.3
22600,575,-52,88578,7879,2026-09-22 08:35:01,23414.3
22650,262,1,34743,7892,2026-09-22 08:35:01,23414.3
22700,820,12,112418,15388,2026-09-22 08:35:01,23414.3
22750,506,-23,41224,-21923,2026-09-22 08:35:01,23414.3
22800,1278,-557,137166,26270,2026-09-22 08:35:01,23414.3
22850,741,-73,40773,-7998,2026-09-22 08:35:01,23414.3
22900,1928,-173,133484,56979,2026-09-22 08:35:01,23414.3
22950,1314,-32,67465,10659,2026-09-22 08:35:01,23414.3
23000,6470,-3096,189739,20598,2026-09-22 08:35:01,23414.3
23050,2291,-79,73191,29028,2026-09-22 08:35:01,23414.3
23100,7428,-1717,144841,45920,2026-09-22 08:35:01,23414.3
23150,3858,-1521,95207,35155,2026-09-22 08:35:01,23414.3
23200,31633,-9375,172908,25187,2026-09-22 08:35:01,23414.3
23250,19263,-8610,121877,22020,2026-09-22 08:35:01,23414.3
23300,59836,-54313,243496,48318,2026-09-22 08:35:01,23414.3
23350,39503,-36737,155256,76132,2026-09-22 08:35:01,23414.3
23400,132358,-2538,247382,173731,2026-09-22 08:35:01,23414.3
23450,98924,39541,97810,87093,2026-09-22 08:35:01,23414.3
23500,178853,36912,77732,40728,2026-09-22 08:35:01,23414.3
23550,95921,39685,13183,9144,2026-09-22 08:35:01,23414.3
23600,164756,43079,18565,7184,2026-09-22 08:35:01,23414.3
23650,119469,57289,3682,658,2026-09-22 08:35:01,23414.3
23700,145155,-933,8964,706,2026-09-22 08:35:01,23414.3
23750,80044,13833,1318,-246,2026-09-22 08:35:01,23414.3
23800,126555,180,5378,-1680,2026-09-22 08:35:01,23414.3
23850,55095,9300,1022,-96,2026-09-22 08:35:01,23414.3
23900,98069,8157,3535,-3186,2026-09-22 08:35:01,23414.3
23950,22057,-14376,1014,-140,2026-09-22 08:35:01,23414.3
24000,140005,-37819,11350,-2827,2026-09-22 08:35:01,23414.3
24050,29826,2111,333,-37,2026-09-22 08:35:01,23414.3
24100,66847,-12596,1545,-579,2026-09-22 08:35:01,23414.3
24150,19767,-17667,304,-67,2026-09-22 08:35:01,23414.3
24200,101906,4081,1412,-1154,2026-09-22 08:35:01,23414.3
24250,26254,6244,334,-45,2026-09-22 08:35:01,23414.3
24300,52584,-10416,758,-692,2026-09-22 08:35:01,23414.3
24350,17020,-1443,159,-66,2026-09-22 08:35:01,23414.3
24400,37119,-6935,806,-936,2026-09-22 08:35:01,23414.3
24450,9291,-436,127,-63,2026-09-22 08:35:01,23414.3
24500,109713,-44907,1786,-2444,2026-09-22 08:35:01,23414.3
24550,13597,-404,161,-206,2026-09-22 08:35:01,23414.3
24600,23581,-12111,405,-305,2026-09-22 08:35:01,23414.3
24650,3362,-3037,29,-49,2026-09-22 08:35:01,23414.3
24700,13752,-21246,66,-23,2026-09-22 08:35:01,23414.3
24750,2384,-537,0,0,2026-09-22 08:35:01,23414.3
24800,33389,-8909,100,-255,2026-09-22 08:35:01,23414.3
24850,4300,-3603,0,0,2026-09-22 08:35:01,23414.3
24900,7300,-9929,143,-3,2026-09-22 08:35:01,23414.3
24950,2070,-1002,0,0,2026-09-22 08:35:01,23414.3
25000,36357,-32030,535,-477,2026-09-22 08:35:01,23414.3
25050,1445,-1278,1,0,2026-09-22 08:35:01,23414.3
25100,4523,-8963,12,-4,2026-09-22 08:35:01,23414.3
25150,2111,-832,5,0,2026-09-22 08:35:01,23414.3
25200,3925,-1482,35,-25,2026-09-22 08:35:01,23414.3
25250,1673,-812,8,0,2026-09-22 08:35:01,23414.3
25300,2553,-152,8,-1,2026-09-22 08:35:01,23414.3
25350,445,153,0,0,2026-09-22 08:35:01,23414.3
25400,1705,-864,27,-4,2026-09-22 08:35:01,23414.3
25450,333,0,8,0,2026-09-22 08:35:01,23414.3
25500,8620,-5417,372,-498,2026-09-22 08:35:01,23414.3
25550,428,28,2,1,2026-09-22 08:35:01,23414.3
25600,1303,-608,3,0,2026-09-22 08:35:01,23414.3
25650,414,-11,8,0,2026-09-22 08:35:01,23414.3
25700,2049,-606,0,0,2026-09-22 08:35:01,23414.3
25750,619,-126,0,0,2026-09-22 08:35:01,23414.3
25800,9418,-3893,5,-2,2026-09-22 08:35:01,23414.3
25850,607,43,0,0,2026-09-22 08:35:01,23414.3
25900,1566,-560,0,0,2026-09-22 08:35:01,23414.3
25950,615,194,0,0,2026-09-22 08:35:01,23414.3
26000,11030,-11253,451,-606,2026-09-22 08:35:01,23414.3
26050,1220,-132,0,0,2026-09-22 08:35:01,23414.3
26100,7313,-1921,0,0,2026-09-22 08:35:01,23414.3
21350,0,0,71738,-25680,2026-09-22 08:37:19,23414.3
21400,0,0,44652,-12333,2026-09-22 08:37:19,23414.3
21450,0,0,10825,1196,2026-09-22 08:37:19,23414.3
21500,0,0,49411,-21658,2026-09-22 08:37:19,23414.3
21550,0,0,5193,1399,2026-09-22 08:37:19,23414.3
21600,0,0,6820,-835,2026-09-22 08:37:19,23414.3
21650,0,0,9718,-4694,2026-09-22 08:37:19,23414.3
21700,24,0,26734,-17473,2026-09-22 08:37:19,23414.3
21750,0,0,5467,-411,2026-09-22 08:37:19,23414.3
21800,1,0,34162,-13356,2026-09-22 08:37:19,23414.3
21850,0,0,7350,601,2026-09-22 08:37:19,23414.3
21900,0,0,23587,-5974,2026-09-22 08:37:19,23414.3
21950,0,0,8004,98,2026-09-22 08:37:19,23414.3
22000,298,-48,152809,-12445,2026-09-22 08:37:19,23414.3
22050,5,0,5979,-5066,2026-09-22 08:37:19,23414.3
22100,18,0,29981,-6454,2026-09-22 08:37:19,23414.3
22150,4,0,14601,-3078,2026-09-22 08:37:19,23414.3
22200,40,-1,68722,-8308,2026-09-22 08:37:19,23414.3
22250,8,0,19892,4128,2026-09-22 08:37:19,23414.3
22300,114,-15,66407,-12789,2026-09-22 08:37:19,23414.3
22350,11,0,28233,2921,2026-09-22 08:37:19,23414.3
22400,38,0,76074,10806,2026-09-22 08:37:19,23414.3
22450,7,0,42632,12636,2026-09-22 08:37:19,23414.3
22500,899,-394,191934,53126,2026-09-22 08:37:19,23414.3
22550,42,0,30314,2501,2026-09-22 08:37:19,23414.3
22600,575,-52,88578,7879,2026-09-22 08:37:19,23414.3
22650,262,1,34743,7892,2026-09-22 08:37:19,23414.3
22700,820,12,112418,15388,2026-09-22 08:37:19,23414.3
22750,506,-23,41224,-21923,2026-09-22 08:37:19,23414.3
22800,1278,-557,137166,26270,2026-09-22 08:37:19,23414.3
22850,741,-73,40773,-7998,2026-09-22 08:37:19,23414.3
22900,1928,-173,133484,56979,2026-09-22 08:37:19,23414.3
22950,1314,-32,67465,10659,2026-09-22 08:37:19,23414.3
23000,6470,-3096,189739,20598,2026-09-22 08:37:19,23414.3
23050,2291,-79,73191,29028,2026-09-22 08:37:19,23414.3
23100,7428,-1717,144841,45920,2026-09-22 08:37:19,23414.3
23150,3858,-1521,95207,35155,2026-09-22 08:37:19,23414.3
23200,31633,-9375,172908,25187,2026-09-22 08:37:19,23414.3
23250,19263,-8610,121877,22020,2026-09-22 08:37:19,23414.3
23300,59836,-54313,243496,48318,2026-09-22 08:37:19,23414.3
23350,39503,-36737,155256,76132,2026-09-22 08:37:19,23414.3
23400,132358,-2538,247382,173731,2026-09-22 08:37:19,23414.3
23450,98924,39541,97810,87093,2026-09-22 08:37:19,23414.3
23500,178853,36912,77732,40728,2026-09-22 08:37:19,23414.3
23550,95921,39685,13183,9144,2026-09-22 08:37:19,23414.3
23600,164756,43079,18565,7184,2026-09-22 08:37:19,23414.3
23650,119469,57289,3682,658,2026-09-22 08:37:19,23414.3
23700,145155,-933,8964,706,2026-09-22 08:37:19,23414.3
23750,80044,13833,1318,-246,2026-09-22 08:37:19,23414.3
23800,126555,180,5378,-1680,2026-09-22 08:37:19,23414.3
23850,55095,9300,1022,-96,2026-09-22 08:37:19,23414.3
23900,98069,8157,3535,-3186,2026-09-22 08:37:19,23414.3
23950,22057,-14376,1014,-140,2026-09-22 08:37:19,23414.3
24000,140005,-37819,11350,-2827,2026-09-22 08:37:19,23414.3
24050,29826,2111,333,-37,2026-09-22 08:37:19,23414.3
24100,66847,-12596,1545,-579,2026-09-22 08:37:19,23414.3
24150,19767,-17667,304,-67,2026-09-22 08:37:19,23414.3
24200,101906,4081,1412,-1154,2026-09-22 08:37:19,23414.3
24250,26254,6244,334,-45,2026-09-22 08:37:19,23414.3
24300,52584,-10416,758,-692,2026-09-22 08:37:19,23414.3
24350,17020,-1443,159,-66,2026-09-22 08:37:19,23414.3
24400,37119,-6935,806,-936,2026-09-22 08:37:19,23414.3
24450,9291,-436,127,-63,2026-09-22 08:37:19,23414.3
24500,109713,-44907,1786,-2444,2026-09-22 08:37:19,23414.3
24550,13597,-404,161,-206,2026-09-22 08:37:19,23414.3
24600,23581,-12111,405,-305,2026-09-22 08:37:19,23414.3
24650,3362,-3037,29,-49,2026-09-22 08:37:19,23414.3
24700,13752,-21246,66,-23,2026-09-22 08:37:19,23414.3
24750,2384,-537,0,0,2026-09-22 08:37:19,23414.3
24800,33389,-8909,100,-255,2026-09-22 08:37:19,23414.3
24850,4300,-3603,0,0,2026-09-22 08:37:19,23414.3
24900,7300,-9929,143,-3,2026-09-22 08:37:19,23414.3
24950,2070,-1002,0,0,2026-09-22 08:37:19,23414.3
25000,36357,-32030,535,-477,2026-09-22 08:37:19,23414.3
25050,1445,-1278,1,0,2026-09-22 08:37:19,23414.3
25100,4523,-8963,12,-4,2026-09-22 08:37:19,23414.3
25150,2111,-832,5,0,2026-09-22 08:37:19,23414.3
25200,3925,-1482,35,-25,2026-09-22 08:37:19,23414.3
25250,1673,-812,8,0,2026-09-22 08:37:19,23414.3
25300,2553,-152,8,-1,2026-09-22 08:37:19,23414.3
25350,445,153,0,0,2026-09-22 08:37:19,23414.3
25400,1705,-864,27,-4,2026-09-22 08:37:19,23414.3
25450,333,0,8,0,2026-09-22 08:37:19,23414.3
25500,8620,-5417,372,-498,2026-09-22 08:37:19,23414.3
25550,428,28,2,1,2026-09-22 08:37:19,23414.3
25600,1303,-608,3,0,2026-09-22 08:37:19,23414.3
25650,414,-11,8,0,2026-09-22 08:37:19,23414.3
25700,2049,-606,0,0,2026-09-22 08:37:19,23414.3
25750,619,-126,0,0,2026-09-22 08:37:19,23414.3
25800,9418,-3893,5,-2,2026-09-22 08:37:19,23414.3
25850,607,43,0,0,2026-09-22 08:37:19,23414.3
25900,1566,-560,0,0,2026-09-22 08:37:19,23414.3
25950,615,194,0,0,2026-09-22 08:37:19,23414.3
26000,11030,-11253,451,-606,2026-09-22 08:37:19,23414.3
26050,1220,-132,0,0,2026-09-22 08:37:19,23414.3
26100,7313,-1921,0,0,2026-09-22 08:37:19,23414.3
21350,0,0,71738,-25680,2026-09-22 08:37:20,23414.3
21400,0,0,44652,-12333,2026-09-22 08:37:20,23414.3
21450,0,0,10825,1196,2026-09-22 08:37:20,23414.3
21500,0,0,49411,-21658,2026-09-22 08:37:20,23414.3
21550,0,0,5193,1399,2026-09-22 08:37:20,23414.3
21600,0,0,6820,-835,2026-09-22 08:37:20,23414.3
21650,0,0,9718,-4694,2026-09-22 08:37:20,23414.3
21700,24,0,26734,-17473,2026-09-22 08:37:20,23414.3
21750,0,0,5467,-411,2026-09-22 08:37:20,23414.3
21800,1,0,34162,-13356,2026-09-22 08:37:20,23414.3
21850,0,0,7350,601,2026-09-22 08:37:20,23414.3
21900,0,0,23587,-5974,2026-09-22 08:37:20,23414.3
21950,0,0,8004,98,2026-09-22 08:37:20,23414.3
22000,298,-48,152809,-12445,2026-09-22 08:37:20,23414.3
22050,5,0,5979,-5066,2026-09-22 08:37:20,23414.3
22100,18,0,29981,-6454,2026-09-22 08:37:20,23414.3
22150,4,0,14601,-3078,2026-09-22 08:37:20,23414.3
22200,40,-1,68722,-8308,2026-09-22 08:37:20,23414.3
22250,8,0,19892,4128,2026-09-22 08:37:20,23414.3
22300,114,-15,66407,-12789,2026-09-22 08:37:20,23414.3
22350,11,0,28233,2921,2026-09-22 08:37:20,23414.3
22400,38,0,76074,10806,2026-09-22 08:37:20,23414.3
22450,7,0,42632,12636,2026-09-22 08:37:20,23414.3
22500,899,-394,191934,53126,2026-09-22 08:37:20,23414.3
22550,42,0,30314,2501,2026-09-22 08:37:20,23414.3
22600,575,-52,88578,7879,2026-09-22 08:37:20,23414.3
22650,262,1,34743,7892,2026-09-22 08:37:20,23414.3
22700,820,12,112418,15388,2026-09-22 08:37:20,23414.3
22750,506,-23,41224,-21923,2026-09-22 08:37:20,23414.3
22800,1278,-557,137166,26270,2026-09-22 08:37:20,23414.3
22850,741,-73,40773,-7998,2026-09-22 08:37:20,23414.3
22900,1928,-173,133484,56979,2026-09-22 08:37:20,23414.3
22950,1314,-32,67465,10659,2026-09-22 08:37:20,23414.3
23000,6470,-3096,189739,20598,2026-09-22 08:37:20,23414.3
23050,2291,-79,73191,29028,2026-09-22 08:37:20,23414.3
23100,7428,-1717,144841,45920,2026-09-22 08:37:20,23414.3
23150,3858,-1521,95207,35155,2026-09-22 08:37:20,23414.3
23200,31633,-9375,172908,25187,2026-09-22 08:37:20,23414.3
23250,19263,-8610,121877,22020,2026-09-22 08:37:20,23414.3
23300,59836,-54313,243496,48318,2026-09-22 08:37:20,23414.3
23350,39503,-36737,155256,76132,2026-09-22 08:37:20,23414.3
23400,132358,-2538,247382,173731,2026-09-22 08:37:20,23414.3
23450,98924,39541,97810,87093,2026-09-22 08:37:20,23414.3
23500,178853,36912,77732,40728,2026-09-22 08:37:20,23414.3
23550,95921,39685,13183,9144,2026-09-22 08:37:20,23414.3
23600,164756,43079,18565,7184,2026-09-22 08:37:20,23414.3
23650,119469,57289,3682,658,2026-09-22 08:37:20,23414.3
23700,145155,-933,8964,706,2026-09-22 08:37:20,23414.3
23750,80044,13833,1318,-246,2026-09-22 08:37:20,23414.3
23800,126555,180,5378,-1680,2026-09-22 08:37:20,23414.3
23850,55095,9300,1022,-96,2026-09-22 08:37:20,23414.3
23900,98069,8157,3535,-3186,2026-09-22 08:37:20,23414.3
23950,22057,-14376,1014,-140,2026-09-22 08:37:20,23414.3
24000,140005,-37819,11350,-2827,2026-09-22 08:37:20,23414.3
24050,29826,2111,333,-37,2026-09-22 08:37:20,23414.3
24100,66847,-12596,1545,-579,2026-09-22 08:37:20,23414.3
24150,19767,-17667,304,-67,2026-09-22 08:37:20,23414.3
24200,101906,4081,1412,-1154,2026-09-22 08:37:20,23414.3
24250,26254,6244,334,-45,2026-09-22 08:37:20,23414.3
24300,52584,-10416,758,-692,2026-09-22 08:37:20,23414.3
24350,17020,-1443,159,-66,2026-09-22 08:37:20,23414.3
24400,37119,-6935,806,-936,2026-09-22 08:37:20,23414.3
24450,9291,-436,127,-63,2026-09-22 08:37:20,23414.3
24500,109713,-44907,1786,-2444,2026-09-22 08:37:20,23414.3
24550,13597,-404,161,-206,2026-09-22 08:37:20,23414.3
24600,23581,-12111,405,-305,2026-09-22 08:37:20,23414.3
24650,3362,-3037,29,-49,2026-09-22 08:37:20,23414.3
24700,13752,-21246,66,-23,2026-09-22 08:37:20,23414.3
24750,2384,-537,0,0,2026-09-22 08:37:20,23414.3
24800,33389,-8909,100,-255,2026-09-22 08:37:20,23414.3
24850,4300,-3603,0,0,2026-09-22 08:37:20,23414.3
24900,7300,-9929,143,-3,2026-09-22 08:37:20,23414.3
24950,2070,-1002,0,0,2026-09-22 08:37:20,23414.3
25000,36357,-32030,535,-477,2026-09-22 08:37:20,23414.3
25050,1445,-1278,1,0,2026-09-22 08:37:20,23414.3
25100,4523,-8963,12,-4,2026-09-22 08:37:20,23414.3
25150,2111,-832,5,0,2026-09-22 08:37:20,23414.3
25200,3925,-1482,35,-25,2026-09-22 08:37:20,23414.3
25250,1673,-812,8,0,2026-09-22 08:37:20,23414.3
25300,2553,-152,8,-1,2026-09-22 08:37:20,23414.3
25350,445,153,0,0,2026-09-22 08:37:20,23414.3
25400,1705,-864,27,-4,2026-09-22 08:37:20,23414.3
25450,333,0,8,0,2026-09-22 08:37:20,23414.3
25500,8620,-5417,372,-498,2026-09-22 08:37:20,23414.3
25550,428,28,2,1,2026-09-22 08:37:20,23414.3
25600,1303,-608,3,0,2026-09-22 08:37:20,23414.3
25650,414,-11,8,0,2026-09-22 08:37:20,23414.3
25700,2049,-606,0,0,2026-09-22 08:37:20,23414.3
25750,619,-126,0,0,2026-09-22 08:37:20,23414.3
25800,9418,-3893,5,-2,2026-09-22 08:37:20,23414.3
25850,607,43,0,0,2026-09-22 08:37:20,23414.3
25900,1566,-560,0,0,2026-09-22 08:37:20,23414.3
25950,615,194,0,0,2026-09-22 08:37:20,23414.3
26000,11030,-11253,451,-606,2026-09-22 08:37:20,23414.3
26050,1220,-132,0,0,2026-09-22 08:37:20,23414.3
26100,7313,-1921,0,0,2026-09-22 08:37:20,23414.3
21350,0,0,71738,-25680,2026-09-22 08:40:23,23414.3
21400,0,0,44652,-12333,2026-09-22 08:40:23,23414.3
21450,0,0,10825,1196,2026-09-22 08:40:23,23414.3
21500,0,0,49411,-21658,2026-09-22 08:40:23,23414.3
21550,0,0,5193,1399,2026-09-22 08:40:23,23414.3
21600,0,0,6820,-835,2026-09-22 08:40:23,23414.3
21650,0,0,9718,-4694,2026-09-22 08:40:23,23414.3
21700,24,0,26734,-17473,2026-09-22 08:40:23,23414.3
21750,0,0,5467,-411,2026-09-22 08:40:23,23414.3
21800,1,0,34162,-13356,2026-09-22 08:40:23,23414.3
21850,0,0,7350,601,2026-09-22 08:40:23,23414.3
21900,0,0,23587,-5974,2026-09-22 08:40:23,23414.3
21950,0,0,8004,98,2026-09-22 08:40:23,23414.3
22000,298,-48,152809,-12445,2026-09-22 08:40:23,23414.3
22050,5,0,5979,-5066,2026-09-22 08:40:23,23414.3
22100,18,0,29981,-6454,2026-09-22 08:40:23,23414.3
22150,4,0,14601,-3078,2026-09-22 08:40:23,23414.3
22200,40,-1,68722,-8308,2026-09-22 08:40:23,23414.3
22250,8,0,19892,4128,2026-09-22 08:40:23,23414.3
22300,114,-15,66407,-12789,2026-09-22 08:40:23,23414.3
22350,11,0,28233,2921,2026-09-22 08:40:23,23414.3
22400,38,0,76074,10806,2026-09-22 08:40:23,23414.3
22450,7,0,42632,12636,2026-09-22 08:40:23,23414.3
22500,899,-394,191934,53126,2026-09-22 08:40:23,23414.3
22550,42,0,30314,2501,2026-09-22 08:40:23,23414.3
22600,575,-52,88578,7879,2026-09-22 08:40:23,23414.3
22650,262,1,34743,7892,2026-09-22 08:40:23,23414.3
22700,820,12,112418,15388,2026-09-22 08:40:23,23414.3
22750,506,-23,41224,-21923,2026-09-22 08:40:23,23414.3
22800,1278,-557,137166,26270,2026-09-22 08:40:23,23414.3
22850,741,-73,40773,-7998,2026-09-22 08:40:23,23414.3
22900,1928,-173,133484,56979,2026-09-22 08:40:23,23414.3
22950,1314,-32,67465,10659,2026-09-22 08:40:23,23414.3
23000,6470,-3096,189739,20598,2026-09-22 08:40:23,23414.3
23050,2291,-79,73191,29028,2026-09-22 08:40:23,23414.3
23100,7428,-1717,144841,45920,2026-09-22 08:40:23,23414.3
23150,3858,-1521,95207,35155,2026-09-22 08:40:23,23414.3
23200,31633,-9375,172908,25187,2026-09-22 08:40:23,23414.3
23250,19263,-8610,121877,22020,2026-09-22 08:40:23,23414.3
23300,59836,-54313,243496,48318,2026-09-22 08:40:23,23414.3
23350,39503,-36737,155256,76132,2026-09-22 08:40:23,23414.3
23400,132358,-2538,247382,173731,2026-09-22 08:40:23,23414.3
23450,98924,39541,97810,87093,2026-09-22 08:40:23,23414.3
23500,178853,36912,77732,40728,2026-09-22 08:40:23,23414.3
23550,95921,39685,13183,9144,2026-09-22 08:40:23,23414.3
23600,164756,43079,18565,7184,2026-09-22 08:40:23,23414.3
23650,119469,57289,3682,658,2026-09-22 08:40:23,23414.3
23700,145155,-933,8964,706,2026-09-22 08:40:23,23414.3
23750,80044,13833,1318,-246,2026-09-22 08:40:23,23414.3
23800,126555,180,5378,-1680,2026-09-22 08:40:23,23414.3
23850,55095,9300,1022,-96,2026-09-22 08:40:23,23414.3
23900,98069,8157,3535,-3186,2026-09-22 08:40:23,23414.3
23950,22057,-14376,1014,-140,2026-09-22 08:40:23,23414.3
24000,140005,-37819,11350,-2827,2026-09-22 08:40:23,23414.3
24050,29826,2111,333,-37,2026-09-22 08:40:23,23414.3
24100,66847,-12596,1545,-579,2026-09-22 08:40:23,23414.3
24150,19767,-17667,304,-67,2026-09-22 08:40:23,23414.3
24200,101906,4081,1412,-1154,2026-09-22 08:40:23,23414.3
24250,26254,6244,334,-45,2026-09-22 08:40:23,23414.3
24300,52584,-10416,758,-692,2026-09-22 08:40:23,23414.3
24350,17020,-1443,159,-66,2026-09-22 08:40:23,23414.3
24400,37119,-6935,806,-936,2026-09-22 08:40:23,23414.3
24450,9291,-436,127,-63,2026-09-22 08:40:23,23414.3
24500,109713,-44907,1786,-2444,2026-09-22 08:40:23,23414.3
24550,13597,-404,161,-206,2026-09-22 08:40:23,23414.3
24600,23581,-12111,405,-305,2026-09-22 08:40:23,23414.3
24650,3362,-3037,29,-49,2026-09-22 08:40:23,23414.3
24700,13752,-21246,66,-23,2026-09-22 08:40:23,23414.3
24750,2384,-537,0,0,2026-09-22 08:40:23,23414.3
24800,33389,-8909,100,-255,2026-09-22 08:40:23,23414.3
24850,4300,-3603,0,0,2026-09-22 08:40:23,23414.3
24900,7300,-9929,143,-3,2026-09-22 08:40:23,23414.3
24950,2070,-1002,0,0,2026-09-22 08:40:23,23414.3
25000,36357,-32030,535,-477,2026-09-22 08:40:23,23414.3
25050,1445,-1278,1,0,2026-09-22 08:40:23,23414.3
25100,4523,-8963,12,-4,2026-09-22 08:40:23,23414.3
25150,2111,-832,5,0,2026-09-22 08:40:23,23414.3
25200,3925,-1482,35,-25,2026-09-22 08:40:23,23414.3
25250,1673,-812,8,0,2026-09-22 08:40:23,23414.3
25300,2553,-152,8,-1,2026-09-22 08:40:23,23414.3
25350,445,153,0,0,2026-09-22 08:40:23,23414.3
25400,1705,-864,27,-4,2026-09-22 08:40:23,23414.3
25450,333,0,8,0,2026-09-22 08:40:23,23414.3
25500,8620,-5417,372,-498,2026-09-22 08:40:23,23414.3
25550,428,28,2,1,2026-09-22 08:40:23,23414.3
25600,1303,-608,3,0,2026-09-22 08:40:23,23414.3
25650,414,-11,8,0,2026-09-22 08:40:23,23414.3
25700,2049,-606,0,0,2026-09-22 08:40:23,23414.3
25750,619,-126,0,0,2026-09-22 08:40:23,23414.3
25800,9418,-3893,5,-2,2026-09-22 08:40:23,23414.3
25850,607,43,0,0,2026-09-22 08:40:23,23414.3
25900,1566,-560,0,0,2026-09-22 08:40:23,23414.3
25950,615,194,0,0,2026-09-22 08:40:23,23414.3
26000,11030,-11253,451,-606,2026-09-22 08:40:23,23414.3
26050,1220,-132,0,0,2026-09-22 08:40:23,23414.3
26100,7313,-1921,0,0,2026-09-22 08:40:23,23414.3
21350,0,0,71738,-25680,2026-09-22 08:40:25,23414.3
21400,0,0,44652,-12333,2026-09-22 08:40:25,23414.3
21450,0,0,10825,1196,2026-09-22 08:40:25,23414.3
21500,0,0,49411,-21658,2026-09-22 08:40:25,23414.3
21550,0,0,5193,1399,2026-09-22 08:40:25,23414.3
21600,0,0,6820,-835,2026-09-22 08:40:25,23414.3
21650,0,0,9718,-4694,2026-09-22 08:40:25,23414.3
21700,24,0,26734,-17473,2026-09-22 08:40:25,23414.3
21750,0,0,5467,-411,2026-09-22 08:40:25,23414.3
21800,1,0,34162,-13356,2026-09-22 08:40:25,23414.3
21850,0,0,7350,601,2026-09-22 08:40:25,23414.3
21900,0,0,23587,-5974,2026-09-22 08:40:25,23414.3
21950,0,0,8004,98,2026-09-22 08:40:25,23414.3
22000,298,-48,152809,-12445,2026-09-22 08:40:25,23414.3
22050,5,0,5979,-5066,2026-09-22 08:40:25,23414.3
22100,18,0,29981,-6454,2026-09-22 08:40:25,23414.3
22150,4,0,14601,-3078,2026-09-22 08:40:25,23414.3
22200,40,-1,68722,-8308,2026-09-22 08:40:25,23414.3
22250,8,0,19892,4128,2026-09-22 08:40:25,23414.3
22300,114,-15,66407,-12789,2026-09-22 08:40:25,23414.3
22350,11,0,28233,2921,2026-09-22 08:40:25,23414.3
22400,38,0,76074,10806,2026-09-22 08:40:25,23414.3
22450,7,0,42632,12636,2026-09-22 08:40:25,23414.3
22500,899,-394,191934,53126,2026-09-22 08:40:25,23414.3
22550,42,0,30314,2501,2026-09-22 08:40:25,23414.3
22600,575,-52,88578,7879,2026-09-22 08:40:25,23414.3
22650,262,1,34743,7892,2026-09-22 08:40:25,23414.3
22700,820,12,112418,15388,2026-09-22 08:40:25,23414.3
22750,506,-23,41224,-21923,2026-09-22 08:40:25,23414.3
22800,1278,-557,137166,26270,2026-09-22 08:40:25,23414.3
22850,741,-73,40773,-7998,2026-09-22 08:40:25,23414.3
22900,1928,-173,133484,56979,2026-09-22 08:40:25,23414.3
22950,1314,-32,67465,10659,2026-09-22 08:40:25,23414.3
23000,6470,-3096,189739,20598,2026-09-22 08:40:25,23414.3
23050,2291,-79,73191,29028,2026-09-22 08:40:25,23414.3
23100,7428,-1717,144841,45920,2026-09-22 08:40:25,23414.3
23150,3858,-1521,95207,35155,2026-09-22 08:40:25,23414.3
23200,31633,-9375,172908,25187,2026-09-22 08:40:25,23414.3
23250,19263,-8610,121877,22020,2026-09-22 08:40:25,23414.3
23300,59836,-54313,243496,48318,2026-09-22 08:40:25,23414.3
23350,39503,-36737,155256,76132,2026-09-22 08:40:25,23414.3
23400,132358,-2538,247382,173731,2026-09-22 08:40:25,23414.3
23450,98924,39541,97810,87093,2026-09-22 08:40:25,23414.3
23500,178853,36912,77732,40728,2026-09-22 08:40:25,23414.3
23550,95921,39685,13183,9144,2026-09-22 08:40:25,23414.3
23600,164756,43079,18565,7184,2026-09-22 08:40:25,23414.3
23650,119469,57289,3682,658,2026-09-22 08:40:25,23414.3
23700,145155,-933,8964,706,2026-09-22 08:40:25,23414.3
23750,80044,13833,1318,-246,2026-09-22 08:40:25,23414.3
23800,126555,180,5378,-1680,2026-09-22 08:40:25,23414.3
23850,55095,9300,1022,-96,2026-09-22 08:40:25,23414.3
23900,98069,8157,3535,-3186,2026-09-22 08:40:25,23414.3
23950,22057,-14376,1014,-140,2026-09-22 08:40:25,23414.3
24000,140005,-37819,11350,-2827,2026-09-22 08:40:25,23414.3
24050,29826,2111,333,-37,2026-09-22 08:40:25,23414.3
24100,66847,-12596,1545,-579,2026-09-22 08:40:25,23414.3
24150,19767,-17667,304,-67,2026-09-22 08:40:25,23414.3
24200,101906,4081,1412,-1154,2026-09-22 08:40:25,23414.3
24250,26254,6244,334,-45,2026-09-22 08:40:25,23414.3
24300,52584,-10416,758,-692,2026-09-22 08:40:25,23414.3
24350,17020,-1443,159,-66,2026-09-22 08:40:25,23414.3
24400,37119,-6935,806,-936,2026-09-22 08:40:25,23414.3
24450,9291,-436,127,-63,2026-09-22 08:40:25,23414.3
24500,109713,-44907,1786,-2444,2026-09-22 08:40:25,23414.3
24550,13597,-404,161,-206,2026-09-22 08:40:25,23414.3
24600,23581,-12111,405,-305,2026-09-22 08:40:25,23414.3
24650,3362,-3037,29,-49,2026-09-22 08:40:25,23414.3
24700,13752,-21246,66,-23,2026-09-22 08:40:25,23414.3
24750,2384,-537,0,0,2026-09-22 08:40:25,23414.3
24800,33389,-8909,100,-255,2026-09-22 08:40:25,23414.3
24850,4300,-3603,0,0,2026-09-22 08:40:25,23414.3
24900,7300,-9929,143,-3,2026-09-22 08:40:25,23414.3
24950,2070,-1002,0,0,2026-09-22 08:40:25,23414.3
25000,36357,-32030,535,-477,2026-09-22 08:40:25,23414.3
25050,1445,-1278,1,0,2026-09-22 08:40:25,23414.3
25100,4523,-8963,12,-4,2026-09-22 08:40:25,23414.3
25150,2111,-832,5,0,2026-09-22 08:40:25,23414.3
25200,3925,-1482,35,-25,2026-09-22 08:40:25,23414.3
25250,1673,-812,8,0,2026-09-22 08:40:25,23414.3
25300,2553,-152,8,-1,2026-09-22 08:40:25,23414.3
25350,445,153,0,0,2026-09-22 08:40:25,23414.3
25400,1705,-864,27,-4,2026-09-22 08:40:25,23414.3
25450,333,0,8,0,2026-09-22 08:40:25,23414.3
25500,8620,-5417,372,-498,2026-09-22 08:40:25,23414.3
25550,428,28,2,1,2026-09-22 08:40:25,23414.3
25600,1303,-608,3,0,2026-09-22 08:40:25,23414.3
25650,414,-11,8,0,2026-09-22 08:40:25,23414.3
25700,2049,-606,0,0,2026-09-22 08:40:25,23414.3
25750,619,-126,0,0,2026-09-22 08:40:25,23414.3
25800,9418,-3893,5,-2,2026-09-22 08:40:25,23414.3
25850,607,43,0,0,2026-09-22 08:40:25,23414.3
25900,1566,-560,0,0,2026-09-22 08:40:25,23414.3
25950,615,194,0,0,2026-09-22 08:40:25,23414.3
26000,11030,-11253,451,-606,2026-09-22 08:40:25,23414.3
26050,1220,-132,0,0,2026-09-22 08:40:25,23414.3
26100,7313,-1921,0,0,2026-09-22 08:40:25,23414.3
21350,0,0,71738,-25680,2026-09-22 08:43:26,23414.3
21400,0,0,44652,-12333,2026-09-22 08:43:26,23414.3
21450,0,0,10825,1196,2026-09-22 08:43:26,23414.3
21500,0,0,49411,-21658,2026-09-22 08:43:26,23414.3
21550,0,0,5193,1399,2026-09-22 08:43:26,23414.3
21600,0,0,6820,-835,2026-09-22 08:43:26,23414.3
21650,0,0,9718,-4694,2026-09-22 08:43:26,23414.3
21700,24,0,26734,-17473,2026-09-22 08:43:26,23414.3
21750,0,0,5467,-411,2026-09-22 08:43:26,23414.3
21800,1,0,34162,-13356,2026-09-22 08:43:26,23414.3
21850,0,0,7350,601,2026-09-22 08:43:26,23414.3
21900,0,0,23587,-5974,2026-09-22 08:43:26,23414.3
21950,0,0,8004,98,2026-09-22 08:43:26,23414.3
22000,298,-48,152809,-12445,2026-09-22 08:43:26,23414.3
22050,5,0,5979,-5066,2026-09-22 08:43:26,23414.3
22100,18,0,29981,-6454,2026-09-22 08:43:26,23414.3
22150,4,0,14601,-3078,2026-09-22 08:43:26,23414.3
22200,40,-1,68722,-8308,2026-09-22 08:43:26,23414.3
22250,8,0,19892,4128,2026-09-22 08:43:26,23414.3
22300,114,-15,66407,-12789,2026-09-22 08:43:26,23414.3
22350,11,0,28233,2921,2026-09-22 08:43:26,23414.3
22400,38,0,76074,10806,2026-09-22 08:43:26,23414.3
22450,7,0,42632,12636,2026-09-22 08:43:26,23414.3
22500,899,-394,191934,53126,2026-09-22 08:43:26,23414.3
22550,42,0,30314,2501,2026-09-22 08:43:26,23414.3
22600,575,-52,88578,7879,2026-09-22 08:43:26,23414.3
22650,262,1,34743,7892,2026-09-22 08:43:26,23414.3
22700,820,12,112418,15388,2026-09-22 08:43:26,23414.3
22750,506,-23,41224,-21923,2026-09-22 08:43:26,23414.3
22800,1278,-557,137166,26270,2026-09-22 08:43:26,23414.3
22850,741,-73,40773,-7998,2026-09-22 08:43:26,23414.3
22900,1928,-173,133484,56979,2026-09-22 08:43:26,23414.3
22950,1314,-32,67465,10659,2026-09-22 08:43:26,23414.3
23000,6470,-3096,189739,20598,2026-09-22 08:43:26,23414.3
23050,2291,-79,73191,29028,2026-09-22 08:43:26,23414.3
23100,7428,-1717,144841,45920,2026-09-22 08:43:26,23414.3
23150,3858,-1521,95207,35155,2026-09-22 08:43:26,23414.3
23200,31633,-9375,172908,25187,2026-09-22 08:43:26,23414.3
23250,19263,-8610,121877,22020,2026-09-22 08:43:26,23414.3
23300,59836,-54313,243496,48318,2026-09-22 08:43:26,23414.3
23350,39503,-36737,155256,76132,2026-09-22 08:43:26,23414.3
23400,132358,-2538,247382,173731,2026-09-22 08:43:26,23414.3
23450,98924,39541,97810,87093,2026-09-22 08:43:26,23414.3
23500,178853,36912,77732,40728,2026-09-22 08:43:26,23414.3
23550,95921,39685,13183,9144,2026-09-22 08:43:26,23414.3
23600,164756,43079,18565,7184,2026-09-22 08:43:26,23414.3
23650,119469,57289,3682,658,2026-09-22 08:43:26,23414.3
23700,145155,-933,8964,706,2026-09-22 08:43:26,23414.3
23750,80044,13833,1318,-246,2026-09-22 08:43:26,23414.3
23800,126555,180,5378,-1680,2026-09-22 08:43:26,23414.3
23850,55095,9300,1022,-96,2026-09-22 08:43:26,23414.3
23900,98069,8157,3535,-3186,2026-09-22 08:43:26,23414.3
23950,22057,-14376,1014,-140,2026-09-22 08:43:26,23414.3
24000,140005,-37819,11350,-2827,2026-09-22 08:43:26,23414.3
24050,29826,2111,333,-37,2026-09-22 08:43:26,23414.3
24100,66847,-12596,1545,-579,2026-09-22 08:43:26,23414.3
24150,19767,-17667,304,-67,2026-09-22 08:43:26,23414.3
24200,101906,4081,1412,-1154,2026-09-22 08:43:26,23414.3
24250,26254,6244,334,-45,2026-09-22 08:43:26,23414.3
24300,52584,-10416,758,-692,2026-09-22 08:43:26,23414.3
24350,17020,-1443,159,-66,2026-09-22 08:43:26,23414.3
24400,37119,-6935,806,-936,2026-09-22 08:43:26,23414.3
24450,9291,-436,127,-63,2026-09-22 08:43:26,23414.3
24500,109713,-44907,1786,-2444,2026-09-22 08:43:26,23414.3
24550,13597,-404,161,-206,2026-09-22 08:43:26,23414.3
24600,23581,-12111,405,-305,2026-09-22 08:43:26,23414.3
24650,3362,-3037,29,-49,2026-09-22 08:43:26,23414.3
24700,13752,-21246,66,-23,2026-09-22 08:43:26,23414.3
24750,2384,-537,0,0,2026-09-22 08:43:26,23414.3
24800,33389,-8909,100,-255,2026-09-22 08:43:26,23414.3
24850,4300,-3603,0,0,2026-09-22 08:43:26,23414.3
24900,7300,-9929,143,-3,2026-09-22 08:43:26,23414.3
24950,2070,-1002,0,0,2026-09-22 08:43:26,23414.3
25000,36357,-32030,535,-477,2026-09-22 08:43:26,23414.3
25050,1445,-1278,1,0,2026-09-22 08:43:26,23414.3
25100,4523,-8963,12,-4,2026-09-22 08:43:26,23414.3
25150,2111,-832,5,0,2026-09-22 08:43:26,23414.3
25200,3925,-1482,35,-25,2026-09-22 08:43:26,23414.3
25250,1673,-812,8,0,2026-09-22 08:43:26,23414.3
25300,2553,-152,8,-1,2026-09-22 08:43:26,23414.3
25350,445,153,0,0,2026-09-22 08:43:26,23414.3
25400,1705,-864,27,-4,2026-09-22 08:43:26,23414.3
25450,333,0,8,0,2026-09-22 08:43:26,23414.3
25500,8620,-5417,372,-498,2026-09-22 08:43:26,23414.3
25550,428,28,2,1,2026-09-22 08:43:26,23414.3
25600,1303,-608,3,0,2026-09-22 08:43:26,23414.3
25650,414,-11,8,0,2026-09-22 08:43:26,23414.3
25700,2049,-606,0,0,2026-09-22 08:43:26,23414.3
25750,619,-126,0,0,2026-09-22 08:43:26,23414.3
25800,9418,-3893,5,-2,2026-09-22 08:43:26,23414.3
25850,607,43,0,0,2026-09-22 08:43:26,23414.3
25900,1566,-560,0,0,2026-09-22 08:43:26,23414.3
25950,615,194,0,0,2026-09-22 08:43:26,23414.3
26000,11030,-11253,451,-606,2026-09-22 08:43:26,23414.3
26050,1220,-132,0,0,2026-09-22 08:43:26,23414.3
26100,7313,-1921,0,0,2026-09-22 08:43:26,23414.3
21350,0,0,71738,-25680,2026-09-22 08:43:28,23414.3
21400,0,0,44652,-12333,2026-09-22 08:43:28,23414.3
21450,0,0,10825,1196,2026-09-22 08:43:28,23414.3
21500,0,0,49411,-21658,2026-09-22 08:43:28,23414.3
21550,0,0,5193,1399,2026-09-22 08:43:28,23414.3
21600,0,0,6820,-835,2026-09-22 08:43:28,23414.3
21650,0,0,9718,-4694,2026-09-22 08:43:28,23414.3
21700,24,0,26734,-17473,2026-09-22 08:43:28,23414.3
21750,0,0,5467,-411,2026-09-22 08:43:28,23414.3
21800,1,0,34162,-13356,2026-09-22 08:43:28,23414.3
21850,0,0,7350,601,2026-09-22 08:43:28,23414.3
21900,0,0,23587,-5974,2026-09-22 08:43:28,23414.3
21950,0,0,8004,98,2026-09-22 08:43:28,23414.3
22000,298,-48,152809,-12445,2026-09-22 08:43:28,23414.3
22050,5,0,5979,-5066,2026-09-22 08:43:28,23414.3
22100,18,0,29981,-6454,2026-09-22 08:43:28,23414.3
22150,4,0,14601,-3078,2026-09-22 08:43:28,23414.3
22200,40,-1,68722,-8308,2026-09-22 08:43:28,23414.3
22250,8,0,19892,4128,2026-09-22 08:43:28,23414.3
22300,114,-15,66407,-12789,2026-09-22 08:43:28,23414.3
22350,11,0,28233,2921,2026-09-22 08:43:28,23414.3
22400,38,0,76074,10806,2026-09-22 08:43:28,23414.3
22450,7,0,42632,12636,2026-09-22 08:43:28,23414.3
22500,899,-394,191934,53126,2026-09-22 08:43:28,23414.3
22550,42,0,30314,2501,2026-09-22 08:43:28,23414.3
22600,575,-52,88578,7879,2026-09-22 08:43:28,23414.3
22650,262,1,34743,7892,2026-09-22 08:43:28,23414.3
22700,820,12,112418,15388,2026-09-22 08:43:28,23414.3
22750,506,-23,41224,-21923,2026-09-22 08:43:28,23414.3
22800,1278,-557,137166,26270,2026-09-22 08:43:28,23414.3
22850,741,-73,40773,-7998,2026-09-22 08:43:28,23414.3
22900,1928,-173,133484,56979,2026-09-22 08:43:28,23414.3
22950,1314,-32,67465,10659,2026-09-22 08:43:28,23414.3
23000,6470,-3096,189739,20598,2026-09-22 08:43:28,23414.3
23050,2291,-79,73191,29028,2026-09-22 08:43:28,23414.3
23100,7428,-1717,144841,45920,2026-09-22 08:43:28,23414.3
23150,3858,-1521,95207,35155,2026-09-22 08:43:28,23414.3
23200,31633,-9375,172908,25187,2026-09-22 08:43:28,23414.3
23250,19263,-8610,121877,22020,2026-09-22 08:43:28,23414.3
23300,59836,-54313,243496,48318,2026-09-22 08:43:28,23414.3
23350,39503,-36737,155256,76132,2026-09-22 08:43:28,23414.3
23400,132358,-2538,247382,173731,2026-09-22 08:43:28,23414.3
23450,98924,39541,97810,87093,2026-09-22 08:43:28,23414.3
23500,178853,36912,77732,40728,2026-09-22 08:43:28,23414.3
23550,95921,39685,13183,9144,2026-09-22 08:43:28,23414.3
23600,164756,43079,18565,7184,2026-09-22 08:43:28,23414.3
23650,119469,57289,3682,658,2026-09-22 08:43:28,23414.3
23700,145155,-933,8964,706,2026-09-22 08:43:28,23414.3
23750,80044,13833,1318,-246,2026-09-22 08:43:28,23414.3
23800,126555,180,5378,-1680,2026-09-22 08:43:28,23414.3
23850,55095,9300,1022,-96,2026-09-22 08:43:28,23414.3
23900,98069,8157,3535,-3186,2026-09-22 08:43:28,23414.3
23950,22057,-14376,1014,-140,2026-09-22 08:43:28,23414.3
24000,140005,-37819,11350,-2827,2026-09-22 08:43:28,23414.3
24050,29826,2111,333,-37,2026-09-22 08:43:28,23414.3
24100,66847,-12596,1545,-579,2026-09-22 08:43:28,23414.3
24150,19767,-17667,304,-67,2026-09-22 08:43:28,23414.3
24200,101906,4081,1412,-1154,2026-09-22 08:43:28,23414.3
24250,26254,6244,334,-45,2026-09-22 08:43:28,23414.3
24300,52584,-10416,758,-692,2026-09-22 08:43:28,23414.3
24350,17020,-1443,159,-66,2026-09-22 08:43:28,23414.3
24400,37119,-6935,806,-936,2026-09-22 08:43:28,23414.3
24450,9291,-436,127,-63,2026-09-22 08:43:28,23414.3
24500,109713,-44907,1786,-2444,2026-09-22 08:43:28,23414.3
24550,13597,-404,161,-206,2026-09-22 08:43:28,23414.3
24600,23581,-12111,405,-305,2026-09-22 08:43:28,23414.3
24650,3362,-3037,29,-49,2026-09-22 08:43:28,23414.3
24700,13752,-21246,66,-23,2026-09-22 08:43:28,23414.3
24750,2384,-537,0,0,2026-09-22 08:43:28,23414.3
24800,33389,-8909,100,-255,2026-09-22 08:43:28,23414.3
24850,4300,-3603,0,0,2026-09-22 08:43:28,23414.3
24900,7300,-9929,143,-3,2026-09-22 08:43:28,23414.3
24950,2070,-1002,0,0,2026-09-22 08:43:28,23414.3
25000,36357,-32030,535,-477,2026-09-22 08:43:28,23414.3
25050,1445,-1278,1,0,2026-09-22 08:43:28,23414.3
25100,4523,-8963,12,-4,2026-09-22 08:43:28,23414.3
25150,2111,-832,5,0,2026-09-22 08:43:28,23414.3
25200,3925,-1482,35,-25,2026-09-22 08:43:28,23414.3
25250,1673,-812,8,0,2026-09-22 08:43:28,23414.3
25300,2553,-152,8,-1,2026-09-22 08:43:28,23414.3
25350,445,153,0,0,2026-09-22 08:43:28,23414.3
25400,1705,-864,27,-4,2026-09-22 08:43:28,23414.3
25450,333,0,8,0,2026-09-22 08:43:28,23414.3
25500,8620,-5417,372,-498,2026-09-22 08:43:28,23414.3
25550,428,28,2,1,2026-09-22 08:43:28,23414.3
25600,1303,-608,3,0,2026-09-22 08:43:28,23414.3
25650,414,-11,8,0,2026-09-22 08:43:28,23414.3
25700,2049,-606,0,0,2026-09-22 08:43:28,23414.3
25750,619,-126,0,0,2026-09-22 08:43:28,23414.3
25800,9418,-3893,5,-2,2026-09-22 08:43:28,23414.3
25850,607,43,0,0,2026-09-22 08:43:28,23414.3
25900,1566,-560,0,0,2026-09-22 08:43:28,23414.3
25950,615,194,0,0,2026-09-22 08:43:28,23414.3
26000,11030,-11253,451,-606,2026-09-22 08:43:28,23414.3
26050,1220,-132,0,0,2026-09-22 08:43:28,23414.3
26100,7313,-1921,0,0,2026-09-22 08:43:28,23414.3
21350,0,0,71738,-25680,2026-09-22 08:46:30,23414.3
21400,0,0,44652,-12333,2026-09-22 08:46:30,23414.3
21450,0,0,10825,1196,2026-09-22 08:46:30,23414.3
21500,0,0,49411,-21658,2026-09-22 08:46:30,23414.3
21550,0,0,5193,1399,2026-09-22 08:46:30,23414.3
21600,0,0,6820,-835,2026-09-22 08:46:30,23414.3
21650,0,0,9718,-4694,2026-09-22 08:46:30,23414.3
21700,24,0,26734,-17473,2026-09-22 08:46:30,23414.3
21750,0,0,5467,-411,2026-09-22 08:46:30,23414.3
21800,1,0,34162,-13356,2026-09-22 08:46:30,23414.3
21850,0,0,7350,601,2026-09-22 08:46:30,23414.3
21900,0,0,23587,-5974,2026-09-22 08:46:30,23414.3
21950,0,0,8004,98,2026-09-22 08:46:30,23414.3
22000,298,-48,152809,-12445,2026-09-22 08:46:30,23414.3
22050,5,0,5979,-5066,2026-09-22 08:46:30,23414.3
22100,18,0,29981,-6454,2026-09-22 08:46:30,23414.3
22150,4,0,14601,-3078,2026-09-22 08:46:30,23414.3
22200,40,-1,68722,-8308,2026-09-22 08:46:30,23414.3
22250,8,0,19892,4128,2026-09-22 08:46:30,23414.3
22300,114,-15,66407,-12789,2026-09-22 08:46:30,23414.3
22350,11,0,28233,2921,2026-09-22 08:46:30,23414.3
22400,38,0,76074,10806,2026-09-22 08:46:30,23414.3
22450,7,0,42632,12636,2026-09-22 08:46:30,23414.3
22500,899,-394,191934,53126,2026-09-22 08:46:30,23414.3
22550,42,0,30314,2501,2026-09-22 08:46:30,23414.3
22600,575,-52,88578,7879,2026-09-22 08:46:30,23414.3
22650,262,1,34743,7892,2026-09-22 08:46:30,23414.3
22700,820,12,112418,15388,2026-09-22 08:46:30,23414.3
22750,506,-23,41224,-21923,2026-09-22 08:46:30,23414.3
22800,1278,-557,137166,26270,2026-09-22 08:46:30,23414.3
22850,741,-73,40773,-7998,2026-09-22 08:46:30,23414.3
22900,1928,-173,133484,56979,2026-09-22 08:46:30,23414.3
22950,1314,-32,67465,10659,2026-09-22 08:46:30,23414.3
23000,6470,-3096,189739,20598,2026-09-22 08:46:30,23414.3
23050,2291,-79,73191,29028,2026-09-22 08:46:30,23414.3
23100,7428,-1717,144841,45920,2026-09-22 08:46:30,23414.3
23150,3858,-1521,95207,35155,2026-09-22 08:46:30,23414.3
23200,31633,-9375,172908,25187,2026-09-22 08:46:30,23414.3
23250,19263,-8610,121877,22020,2026-09-22 08:46:30,23414.3
23300,59836,-54313,243496,48318,2026-09-22 08:46:30,23414.3
23350,39503,-36737,155256,76132,2026-09-22 08:46:30,23414.3
23400,132358,-2538,247382,173731,2026-09-22 08:46:30,23414.3
23450,98924,39541,97810,87093,2026-09-22 08:46:30,23414.3
23500,178853,36912,77732,40728,2026-09-22 08:46:30,23414.3
23550,95921,39685,13183,9144,2026-09-22 08:46:30,23414.3
23600,164756,43079,18565,7184,2026-09-22 08:46:30,23414.3
23650,119469,57289,3682,658,2026-09-22 08:46:30,23414.3
23700,145155,-933,8964,706,2026-09-22 08:46:30,23414.3
23750,80044,13833,1318,-246,2026-09-22 08:46:30,23414.3
23800,126555,180,5378,-1680,2026-09-22 08:46:30,23414.3
23850,55095,9300,1022,-96,2026-09-22 08:46:30,23414.3
23900,98069,8157,3535,-3186,2026-09-22 08:46:30,23414.3
23950,22057,-14376,1014,-140,2026-09-22 08:46:30,23414.3
24000,140005,-37819,11350,-2827,2026-09-22 08:46:30,23414.3
24050,29826,2111,333,-37,2026-09-22 08:46:30,23414.3
24100,66847,-12596,1545,-579,2026-09-22 08:46:30,23414.3
24150,19767,-17667,304,-67,2026-09-22 08:46:30,23414.3
24200,101906,4081,1412,-1154,2026-09-22 08:46:30,23414.3
24250,26254,6244,334,-45,2026-09-22 08:46:30,23414.3
24300,52584,-10416,758,-692,2026-09-22 08:46:30,23414.3
24350,17020,-1443,159,-66,2026-09-22 08:46:30,23414.3
24400,37119,-6935,806,-936,2026-09-22 08:46:30,23414.3
24450,9291,-436,127,-63,2026-09-22 08:46:30,23414.3
24500,109713,-44907,1786,-2444,2026-09-22 08:46:30,23414.3
24550,13597,-404,161,-206,2026-09-22 08:46:30,23414.3
24600,23581,-12111,405,-305,2026-09-22 08:46:30,23414.3
24650,3362,-3037,29,-49,2026-09-22 08:46:30,23414.3
24700,13752,-21246,66,-23,2026-09-22 08:46:30,23414.3
24750,2384,-537,0,0,2026-09-22 08:46:30,23414.3
24800,33389,-8909,100,-255,2026-09-22 08:46:30,23414.3
24850,4300,-3603,0,0,2026-09-22 08:46:30,23414.3
24900,7300,-9929,143,-3,2026-09-22 08:46:30,23414.3
24950,2070,-1002,0,0,2026-09-22 08:46:30,23414.3
25000,36357,-32030,535,-477,2026-09-22 08:46:30,23414.3
25050,1445,-1278,1,0,2026-09-22 08:46:30,23414.3
25100,4523,-8963,12,-4,2026-09-22 08:46:30,23414.3
25150,2111,-832,5,0,2026-09-22 08:46:30,23414.3
25200,3925,-1482,35,-25,2026-09-22 08:46:30,23414.3
25250,1673,-812,8,0,2026-09-22 08:46:30,23414.3
25300,2553,-152,8,-1,2026-09-22 08:46:30,23414.3
25350,445,153,0,0,2026-09-22 08:46:30,23414.3
25400,1705,-864,27,-4,2026-09-22 08:46:30,23414.3
25450,333,0,8,0,2026-09-22 08:46:30,23414.3
25500,8620,-5417,372,-498,2026-09-22 08:46:30,23414.3
25550,428,28,2,1,2026-09-22 08:46:30,23414.3
25600,1303,-608,3,0,2026-09-22 08:46:30,23414.3
25650,414,-11,8,0,2026-09-22 08:46:30,23414.3
25700,2049,-606,0,0,2026-09-22 08:46:30,23414.3
25750,619,-126,0,0,2026-09-22 08:46:30,23414.3
25800,9418,-3893,5,-2,2026-09-22 08:46:30,23414.3
25850,607,43,0,0,2026-09-22 08:46:30,23414.3
25900,1566,-560,0,0,2026-09-22 08:46:30,23414.3
25950,615,194,0,0,2026-09-22 08:46:30,23414.3
26000,11030,-11253,451,-606,2026-09-22 08:46:30,23414.3
26050,1220,-132,0,0,2026-09-22 08:46:30,23414.3
26100,7313,-1921,0,0,2026-09-22 08:46:30,23414.3
21350,0,0,71738,-25680,2026-09-22 08:46:32,23414.3
21400,0,0,44652,-12333,2026-09-22 08:46:32,23414.3
21450,0,0,10825,1196,2026-09-22 08:46:32,23414.3
21500,0,0,49411,-21658,2026-09-22 08:46:32,23414.3
21550,0,0,5193,1399,2026-09-22 08:46:32,23414.3
21600,0,0,6820,-835,2026-09-22 08:46:32,23414.3
21650,0,0,9718,-4694,2026-09-22 08:46:32,23414.3
21700,24,0,26734,-17473,2026-09-22 08:46:32,23414.3
21750,0,0,5467,-411,2026-09-22 08:46:32,23414.3
21800,1,0,34162,-13356,2026-09-22 08:46:32,23414.3
21850,0,0,7350,601,2026-09-22 08:46:32,23414.3
21900,0,0,23587,-5974,2026-09-22 08:46:32,23414.3
21950,0,0,8004,98,2026-09-22 08:46:32,23414.3
22000,298,-48,152809,-12445,2026-09-22 08:46:32,23414.3
22050,5,0,5979,-5066,2026-09-22 08:46:32,23414.3
22100,18,0,29981,-6454,2026-09-22 08:46:32,23414.3
22150,4,0,14601,-3078,2026-09-22 08:46:32,23414.3
22200,40,-1,68722,-8308,2026-09-22 08:46:32,23414.3
22250,8,0,19892,4128,2026-09-22 08:46:32,23414.3
22300,114,-15,66407,-12789,2026-09-22 08:46:32,23414.3
22350,11,0,28233,2921,2026-09-22 08:46:32,23414.3
22400,38,0,76074,10806,2026-09-22 08:46:32,23414.3
22450,7,0,42632,12636,2026-09-22 08:46:32,23414.3
22500,899,-394,191934,53126,2026-09-22 08:46:32,23414.3
22550,42,0,30314,2501,2026-09-22 08:46:32,23414.3
22600,575,-52,88578,7879,2026-09-22 08:46:32,23414.3
22650,262,1,34743,7892,2026-09-22 08:46:32,23414.3
22700,820,12,112418,15388,2026-09-22 08:46:32,23414.3
22750,506,-23,41224,-21923,2026-09-22 08:46:32,23414.3
22800,1278,-557,137166,26270,2026-09-22 08:46:32,23414.3
22850,741,-73,40773,-7998,2026-09-22 08:46:32,23414.3
22900,1928,-173,133484,56979,2026-09-22 08:46:32,23414.3
22950,1314,-32,67465,10659,2026-09-22 08:46:32,23414.3
23000,6470,-3096,189739,20598,2026-09-22 08:46:32,23414.3
23050,2291,-79,73191,29028,2026-09-22 08:46:32,23414.3
23100,7428,-1717,144841,45920,2026-09-22 08:46:32,23414.3
23150,3858,-1521,95207,35155,2026-09-22 08:46:32,23414.3
23200,31633,-9375,172908,25187,2026-09-22 08:46:32,23414.3
23250,19263,-8610,121877,22020,2026-09-22 08:46:32,23414.3
23300,59836,-54313,243496,48318,2026-09-22 08:46:32,23414.3
23350,39503,-36737,155256,76132,2026-09-22 08:46:32,23414.3
23400,132358,-2538,247382,173731,2026-09-22 08:46:32,23414.3
23450,98924,39541,97810,87093,2026-09-22 08:46:32,23414.3
23500,178853,36912,77732,40728,2026-09-22 08:46:32,23414.3
23550,95921,39685,13183,9144,2026-09-22 08:46:32,23414.3
23600,164756,43079,18565,7184,2026-09-22 08:46:32,23414.3
23650,119469,57289,3682,658,2026-09-22 08:46:32,23414.3
23700,145155,-933,8964,706,2026-09-22 08:46:32,23414.3
23750,80044,13833,1318,-246,2026-09-22 08:46:32,23414.3
23800,126555,180,5378,-1680,2026-09-22 08:46:32,23414.3
23850,55095,9300,1022,-96,2026-09-22 08:46:32,23414.3
23900,98069,8157,3535,-3186,2026-09-22 08:46:32,23414.3
23950,22057,-14376,1014,-140,2026-09-22 08:46:32,23414.3
24000,140005,-37819,11350,-2827,2026-09-22 08:46:32,23414.3
24050,29826,2111,333,-37,2026-09-22 08:46:32,23414.3
24100,66847,-12596,1545,-579,2026-09-22 08:46:32,23414.3
24150,19767,-17667,304,-67,2026-09-22 08:46:32,23414.3
24200,101906,4081,1412,-1154,2026-09-22 08:46:32,23414.3
24250,26254,6244,334,-45,2026-09-22 08:46:32,23414.3
24300,52584,-10416,758,-692,2026-09-22 08:46:32,23414.3
24350,17020,-1443,159,-66,2026-09-22 08:46:32,23414.3
24400,37119,-6935,806,-936,2026-09-22 08:46:32,23414.3
24450,9291,-436,127,-63,2026-09-22 08:46:32,23414.3
24500,109713,-44907,1786,-2444,2026-09-22 08:46:32,23414.3
24550,13597,-404,161,-206,2026-09-22 08:46:32,23414.3
24600,23581,-12111,405,-305,2026-09-22 08:46:32,23414.3
24650,3362,-3037,29,-49,2026-09-22 08:46:32,23414.3
24700,13752,-21246,66,-23,2026-09-22 08:46:32,23414.3
24750,2384,-537,0,0,2026-09-22 08:46:32,23414.3
24800,33389,-8909,100,-255,2026-09-22 08:46:32,23414.3
24850,4300,-3603,0,0,2026-09-22 08:46:32,23414.3
24900,7300,-9929,143,-3,2026-09-22 08:46:32,23414.3
24950,2070,-1002,0,0,2026-09-22 08:46:32,23414.3
25000,36357,-32030,535,-477,2026-09-22 08:46:32,23414.3
25050,1445,-1278,1,0,2026-09-22 08:46:32,23414.3
25100,4523,-8963,12,-4,2026-09-22 08:46:32,23414.3
25150,2111,-832,5,0,2026-09-22 08:46:32,23414.3
25200,3925,-1482,35,-25,2026-09-22 08:46:32,23414.3
25250,1673,-812,8,0,2026-09-22 08:46:32,23414.3
25300,2553,-152,8,-1,2026-09-22 08:46:32,23414.3
25350,445,153,0,0,2026-09-22 08:46:32,23414.3
25400,1705,-864,27,-4,2026-09-22 08:46:32,23414.3
25450,333,0,8,0,2026-09-22 08:46:32,23414.3
25500,8620,-5417,372,-498,2026-09-22 08:46:32,23414.3
25550,428,28,2,1,2026-09-22 08:46:32,23414.3
25600,1303,-608,3,0,2026-09-22 08:46:32,23414.3
25650,414,-11,8,0,2026-09-22 08:46:32,23414.3
25700,2049,-606,0,0,2026-09-22 08:46:32,23414.3
25750,619,-126,0,0,2026-09-22 08:46:32,23414.3
25800,9418,-3893,5,-2,2026-09-22 08:46:32,23414.3
25850,607,43,0,0,2026-09-22 08:46:32,23414.3
25900,1566,-560,0,0,2026-09-22 08:46:32,23414.3
25950,615,194,0,0,2026-09-22 08:46:32,23414.3
26000,11030,-11253,451,-606,2026-09-22 08:46:32,23414.3
26050,1220,-132,0,0,2026-09-22 08:46:32,23414.3
26100,7313,-1921,0,0,2026-09-22 08:46:32,23414.3
21350,0,0,71738,-25680,2026-09-22 08:46:37,23414.3
21400,0,0,44652,-12333,2026-09-22 08:46:37,23414.3
21450,0,0,10825,1196,2026-09-22 08:46:37,23414.3
21500,0,0,49411,-21658,2026-09-22 08:46:37,23414.3
21550,0,0,5193,1399,2026-09-22 08:46:37,23414.3
21600,0,0,6820,-835,2026-09-22 08:46:37,23414.3
21650,0,0,9718,-4694,2026-09-22 08:46:37,23414.3
21700,24,0,26734,-17473,2026-09-22 08:46:37,23414.3
21750,0,0,5467,-411,2026-09-22 08:46:37,23414.3
21800,1,0,34162,-13356,2026-09-22 08:46:37,23414.3
21850,0,0,7350,601,2026-09-22 08:46:37,23414.3
21900,0,0,23587,-5974,2026-09-22 08:46:37,23414.3
21950,0,0,8004,98,2026-09-22 08:46:37,23414.3
22000,298,-48,152809,-12445,2026-09-22 08:46:37,23414.3
22050,5,0,5979,-5066,2026-09-22 08:46:37,23414.3
22100,18,0,29981,-6454,2026-09-22 08:46:37,23414.3
22150,4,0,14601,-3078,2026-09-22 08:46:37,23414.3
22200,40,-1,68722,-8308,2026-09-22 08:46:37,23414.3
22250,8,0,19892,4128,2026-09-22 08:46:37,23414.3
22300,114,-15,66407,-12789,2026-09-22 08:46:37,23414.3
22350,11,0,28233,2921,2026-09-22 08:46:37,23414.3
22400,38,0,76074,10806,2026-09-22 08:46:37,23414.3
22450,7,0,42632,12636,2026-09-22 08:46:37,23414.3
22500,899,-394,191934,53126,2026-09-22 08:46:37,23414.3
22550,42,0,30314,2501,2026-09-22 08:46:37,23414.3
22600,575,-52,88578,7879,2026-09-22 08:46:37,23414.3
22650,262,1,34743,7892,2026-09-22 08:46:37,23414.3
22700,820,12,112418,15388,2026-09-22 08:46:37,23414.3
22750,506,-23,41224,-21923,2026-09-22 08:46:37,23414.3
22800,1278,-557,137166,26270,2026-09-22 08:46:37,23414.3
22850,741,-73,40773,-7998,2026-09-22 08:46:37,23414.3
22900,1928,-173,133484,56979,2026-09-22 08:46:37,23414.3
22950,1314,-32,67465,10659,2026-09-22 08:46:37,23414.3
23000,6470,-3096,189739,20598,2026-09-22 08:46:37,23414.3
23050,2291,-79,73191,29028,2026-09-22 08:46:37,23414.3
23100,7428,-1717,144841,45920,2026-09-22 08:46:37,23414.3
23150,3858,-1521,95207,35155,2026-09-22 08:46:37,23414.3
23200,31633,-9375,172908,25187,2026-09-22 08:46:37,23414.3
23250,19263,-8610,121877,22020,2026-09-22 08:46:37,23414.3
23300,59836,-54313,243496,48318,2026-09-22 08:46:37,23414.3
23350,39503,-36737,155256,76132,2026-09-22 08:46:37,23414.3
23400,132358,-2538,247382,173731,2026-09-22 08:46:37,23414.3
23450,98924,39541,97810,87093,2026-09-22 08:46:37,23414.3
23500,178853,36912,77732,40728,2026-09-22 08:46:37,23414.3
23550,95921,39685,13183,9144,2026-09-22 08:46:37,23414.3
23600,164756,43079,18565,7184,2026-09-22 08:46:37,23414.3
23650,119469,57289,3682,658,2026-09-22 08:46:37,23414.3
23700,145155,-933,8964,706,2026-09-22 08:46:37,23414.3
23750,80044,13833,1318,-246,2026-09-22 08:46:37,23414.3
23800,126555,180,5378,-1680,2026-09-22 08:46:37,23414.3
23850,55095,9300,1022,-96,2026-09-22 08:46:37,23414.3
23900,98069,8157,3535,-3186,2026-09-22 08:46:37,23414.3
23950,22057,-14376,1014,-140,2026-09-22 08:46:37,23414.3
24000,140005,-37819,11350,-2827,2026-09-22 08:46:37,23414.3
24050,29826,2111,333,-37,2026-09-22 08:46:37,23414.3
24100,66847,-12596,1545,-579,2026-09-22 08:46:37,23414.3
24150,19767,-17667,304,-67,2026-09-22 08:46:37,23414.3
24200,101906,4081,1412,-1154,2026-09-22 08:46:37,23414.3
24250,26254,6244,334,-45,2026-09-22 08:46:37,23414.3
24300,52584,-10416,758,-692,2026-09-22 08:46:37,23414.3
24350,17020,-1443,159,-66,2026-09-22 08:46:37,23414.3
24400,37119,-6935,806,-936,2026-09-22 08:46:37,23414.3
24450,9291,-436,127,-63,2026-09-22 08:46:37,23414.3
24500,109713,-44907,1786,-2444,2026-09-22 08:46:37,23414.3
24550,13597,-404,161,-206,2026-09-22 08:46:37,23414.3
24600,23581,-12111,405,-305,2026-09-22 08:46:37,23414.3
24650,3362,-3037,29,-49,2026-09-22 08:46:37,23414.3
24700,13752,-21246,66,-23,2026-09-22 08:46:37,23414.3
24750,2384,-537,0,0,2026-09-22 08:46:37,23414.3
24800,33389,-8909,100,-255,2026-09-22 08:46:37,23414.3
24850,4300,-3603,0,0,2026-09-22 08:46:37,23414.3
24900,7300,-9929,143,-3,2026-09-22 08:46:37,23414.3
24950,2070,-1002,0,0,2026-09-22 08:46:37,23414.3
25000,36357,-32030,535,-477,2026-09-22 08:46:37,23414.3
25050,1445,-1278,1,0,2026-09-22 08:46:37,23414.3
25100,4523,-8963,12,-4,2026-09-22 08:46:37,23414.3
25150,2111,-832,5,0,2026-09-22 08:46:37,23414.3
25200,3925,-1482,35,-25,2026-09-22 08:46:37,23414.3
25250,1673,-812,8,0,2026-09-22 08:46:37,23414.3
25300,2553,-152,8,-1,2026-09-22 08:46:37,23414.3
25350,445,153,0,0,2026-09-22 08:46:37,23414.3
25400,1705,-864,27,-4,2026-09-22 08:46:37,23414.3
25450,333,0,8,0,2026-09-22 08:46:37,23414.3
25500,8620,-5417,372,-498,2026-09-22 08:46:37,23414.3
25550,428,28,2,1,2026-09-22 08:46:37,23414.3
25600,1303,-608,3,0,2026-09-22 08:46:37,23414.3
25650,414,-11,8,0,2026-09-22 08:46:37,23414.3
25700,2049,-606,0,0,2026-09-22 08:46:37,23414.3
25750,619,-126,0,0,2026-09-22 08:46:37,23414.3
25800,9418,-3893,5,-2,2026-09-22 08:46:37,23414.3
25850,607,43,0,0,2026-09-22 08:46:37,23414.3
25900,1566,-560,0,0,2026-09-22 08:46:37,23414.3
25950,615,194,0,0,2026-09-22 08:46:37,23414.3
26000,11030,-11253,451,-606,2026-09-22 08:46:37,23414.3
26050,1220,-132,0,0,2026-09-22 08:46:37,23414.3
26100,7313,-1921,0,0,2026-09-22 08:46:37,23414.3
21350,0,0,71738,-25680,2026-09-22 08:47:27,23414.3
21400,0,0,44652,-12333,2026-09-22 08:47:27,23414.3
21450,0,0,10825,1196,2026-09-22 08:47:27,23414.3
21500,0,0,49411,-21658,2026-09-22 08:47:27,23414.3
21550,0,0,5193,1399,2026-09-22 08:47:27,23414.3
21600,0,0,6820,-835,2026-09-22 08:47:27,23414.3
21650,0,0,9718,-4694,2026-09-22 08:47:27,23414.3
21700,24,0,26734,-17473,2026-09-22 08:47:27,23414.3
21750,0,0,5467,-411,2026-09-22 08:47:27,23414.3
21800,1,0,34162,-13356,2026-09-22 08:47:27,23414.3
21850,0,0,7350,601,2026-09-22 08:47:27,23414.3
21900,0,0,23587,-5974,2026-09-22 08:47:27,23414.3
21950,0,0,8004,98,2026-09-22 08:47:27,23414.3
22000,298,-48,152809,-12445,2026-09-22 08:47:27,23414.3
22050,5,0,5979,-5066,2026-09-22 08:47:27,23414.3
22100,18,0,29981,-6454,2026-09-22 08:47:27,23414.3
22150,4,0,14601,-3078,2026-09-22 08:47:27,23414.3
22200,40,-1,68722,-8308,2026-09-22 08:47:27,23414.3
22250,8,0,19892,4128,2026-09-22 08:47:27,23414.3
22300,114,-15,66407,-12789,2026-09-22 08:47:27,23414.3
22350,11,0,28233,2921,2026-09-22 08:47:27,23414.3
22400,38,0,76074,10806,2026-09-22 08:47:27,23414.3
22450,7,0,42632,12636,2026-09-22 08:47:27,23414.3
22500,899,-394,191934,53126,2026-09-22 08:47:27,23414.3
22550,42,0,30314,2501,2026-09-22 08:47:27,23414.3
22600,575,-52,88578,7879,2026-09-22 08:47:27,23414.3
22650,262,1,34743,7892,2026-09-22 08:47:27,23414.3
22700,820,12,112418,15388,2026-09-22 08:47:27,23414.3
22750,506,-23,41224,-21923,2026-09-22 08:47:27,23414.3
22800,1278,-557,137166,26270,2026-09-22 08:47:27,23414.3
22850,741,-73,40773,-7998,2026-09-22 08:47:27,23414.3
22900,1928,-173,133484,56979,2026-09-22 08:47:27,23414.3
22950,1314,-32,67465,10659,2026-09-22 08:47:27,23414.3
23000,6470,-3096,189739,20598,2026-09-22 08:47:27,23414.3
23050,2291,-79,73191,29028,2026-09-22 08:47:27,23414.3
23100,7428,-1717,144841,45920,2026-09-22 08:47:27,23414.3
23150,3858,-1521,95207,35155,2026-09-22 08:47:27,23414.3
23200,31633,-9375,172908,25187,2026-09-22 08:47:27,23414.3
23250,19263,-8610,121877,22020,2026-09-22 08:47:27,23414.3
23300,59836,-54313,243496,48318,2026-09-22 08:47:27,23414.3
23350,39503,-36737,155256,76132,2026-09-22 08:47:27,23414.3
23400,132358,-2538,247382,173731,2026-09-22 08:47:27,23414.3
23450,98924,39541,97810,87093,2026-09-22 08:47:27,23414.3
23500,178853,36912,77732,40728,2026-09-22 08:47:27,23414.3
23550,95921,39685,13183,9144,2026-09-22 08:47:27,23414.3
23600,164756,43079,18565,7184,2026-09-22 08:47:27,23414.3
23650,119469,57289,3682,658,2026-09-22 08:47:27,23414.3
23700,145155,-933,8964,706,2026-09-22 08:47:27,23414.3
23750,80044,13833,1318,-246,2026-09-22 08:47:27,23414.3
23800,126555,180,5378,-1680,2026-09-22 08:47:27,23414.3
23850,55095,9300,1022,-96,2026-09-22 08:47:27,23414.3
23900,98069,8157,3535,-3186,2026-09-22 08:47:27,23414.3
23950,22057,-14376,1014,-140,2026-09-22 08:47:27,23414.3
24000,140005,-37819,11350,-2827,2026-09-22 08:47:27,23414.3
24050,29826,2111,333,-37,2026-09-22 08:47:27,23414.3
24100,66847,-12596,1545,-579,2026-09-22 08:47:27,23414.3
24150,19767,-17667,304,-67,2026-09-22 08:47:27,23414.3
24200,101906,4081,1412,-1154,2026-09-22 08:47:27,23414.3
24250,26254,6244,334,-45,2026-09-22 08:47:27,23414.3
24300,52584,-10416,758,-692,2026-09-22 08:47:27,23414.3
24350,17020,-1443,159,-66,2026-09-22 08:47:27,23414.3
24400,37119,-6935,806,-936,2026-09-22 08:47:27,23414.3
24450,9291,-436,127,-63,2026-09-22 08:47:27,23414.3
24500,109713,-44907,1786,-2444,2026-09-22 08:47:27,23414.3
24550,13597,-404,161,-206,2026-09-22 08:47:27,23414.3
24600,23581,-12111,405,-305,2026-09-22 08:47:27,23414.3
24650,3362,-3037,29,-49,2026-09-22 08:47:27,23414.3
24700,13752,-21246,66,-23,2026-09-22 08:47:27,23414.3
24750,2384,-537,0,0,2026-09-22 08:47:27,23414.3
24800,33389,-8909,100,-255,2026-09-22 08:47:27,23414.3
24850,4300,-3603,0,0,2026-09-22 08:47:27,23414.3
24900,7300,-9929,143,-3,2026-09-22 08:47:27,23414.3
24950,2070,-1002,0,0,2026-09-22 08:47:27,23414.3
25000,36357,-32030,535,-477,2026-09-22 08:47:27,23414.3
25050,1445,-1278,1,0,2026-09-22 08:47:27,23414.3
25100,4523,-8963,12,-4,2026-09-22 08:47:27,23414.3
25150,2111,-832,5,0,2026-09-22 08:47:27,23414.3
25200,3925,-1482,35,-25,2026-09-22 08:47:27,23414.3
25250,1673,-812,8,0,2026-09-22 08:47:27,23414.3
25300,2553,-152,8,-1,2026-09-22 08:47:27,23414.3
25350,445,153,0,0,2026-09-22 08:47:27,23414.3
25400,1705,-864,27,-4,2026-09-22 08:47:27,23414.3
25450,333,0,8,0,2026-09-22 08:47:27,23414.3
25500,8620,-5417,372,-498,2026-09-22 08:47:27,23414.3
25550,428,28,2,1,2026-09-22 08:47:27,23414.3
25600,1303,-608,3,0,2026-09-22 08:47:27,23414.3
25650,414,-11,8,0,2026-09-22 08:47:27,23414.3
25700,2049,-606,0,0,2026-09-22 08:47:27,23414.3
25750,619,-126,0,0,2026-09-22 08:47:27,23414.3
25800,9418,-3893,5,-2,2026-09-22 08:47:27,23414.3
25850,607,43,0,0,2026-09-22 08:47:27,23414.3
25900,1566,-560,0,0,2026-09-22 08:47:27,23414.3
25950,615,194,0,0,2026-09-22 08:47:27,23414.3
26000,11030,-11253,451,-606,2026-09-22 08:47:27,23414.3
26050,1220,-132,0,0,2026-09-22 08:47:27,23414.3
26100,7313,-1921,0,0,2026-09-22 08:47:27,23414.3
21350,0,0,71738,-25680,2026-09-22 08:49:35,23414.3
21400,0,0,44652,-12333,2026-09-22 08:49:35,23414.3
21450,0,0,10825,1196,2026-09-22 08:49:35,23414.3
21500,0,0,49411,-21658,2026-09-22 08:49:35,23414.3
21550,0,0,5193,1399,2026-09-22 08:49:35,23414.3
21600,0,0,6820,-835,2026-09-22 08:49:35,23414.3
21650,0,0,9718,-4694,2026-09-22 08:49:35,23414.3
21700,24,0,26734,-17473,2026-09-22 08:49:35,23414.3
21750,0,0,5467,-411,2026-09-22 08:49:35,23414.3
21800,1,0,34162,-13356,2026-09-22 08:49:35,23414.3
21850,0,0,7350,601,2026-09-22 08:49:35,23414.3
21900,0,0,23587,-5974,2026-09-22 08:49:35,23414.3
21950,0,0,8004,98,2026-09-22 08:49:35,23414.3
22000,298,-48,152809,-12445,2026-09-22 08:49:35,23414.3
22050,5,0,5979,-5066,2026-09-22 08:49:35,23414.3
22100,18,0,29981,-6454,2026-09-22 08:49:35,23414.3
22150,4,0,14601,-3078,2026-09-22 08:49:35,23414.3
22200,40,-1,68722,-8308,2026-09-22 08:49:35,23414.3
22250,8,0,19892,4128,2026-09-22 08:49:35,23414.3
22300,114,-15,66407,-12789,2026-09-22 08:49:35,23414.3
22350,11,0,28233,2921,2026-09-22 08:49:35,23414.3
22400,38,0,76074,10806,2026-09-22 08:49:35,23414.3
22450,7,0,42632,12636,2026-09-22 08:49:35,23414.3
22500,899,-394,191934,53126,2026-09-22 08:49:35,23414.3
22550,42,0,30314,2501,2026-09-22 08:49:35,23414.3
22600,575,-52,88578,7879,2026-09-22 08:49:35,23414.3
22650,262,1,34743,7892,2026-09-22 08:49:35,23414.3
22700,820,12,112418,15388,2026-09-22 08:49:35,23414.3
22750,506,-23,41224,-21923,2026-09-22 08:49:35,23414.3
22800,1278,-557,137166,26270,2026-09-22 08:49:35,23414.3
22850,741,-73,40773,-7998,2026-09-22 08:49:35,23414.3
22900,1928,-173,133484,56979,2026-09-22 08:49:35,23414.3
22950,1314,-32,67465,10659,2026-09-22 08:49:35,23414.3
23000,6470,-3096,189739,20598,2026-09-22 08:49:35,23414.3
23050,2291,-79,73191,29028,2026-09-22 08:49:35,23414.3
23100,7428,-1717,144841,45920,2026-09-22 08:49:35,23414.3
23150,3858,-1521,95207,35155,2026-09-22 08:49:35,23414.3
23200,31633,-9375,172908,25187,2026-09-22 08:49:35,23414.3
23250,19263,-8610,121877,22020,2026-09-22 08:49:35,23414.3
23300,59836,-54313,243496,48318,2026-09-22 08:49:35,23414.3
23350,39503,-36737,155256,76132,2026-09-22 08:49:35,23414.3
23400,132358,-2538,247382,173731,2026-09-22 08:49:35,23414.3
23450,98924,39541,97810,87093,2026-09-22 08:49:35,23414.3
23500,178853,36912,77732,40728,2026-09-22 08:49:35,23414.3
23550,95921,39685,13183,9144,2026-09-22 08:49:35,23414.3
23600,164756,43079,18565,7184,2026-09-22 08:49:35,23414.3
23650,119469,57289,3682,658,2026-09-22 08:49:35,23414.3
23700,145155,-933,8964,706,2026-09-22 08:49:35,23414.3
23750,80044,13833,1318,-246,2026-09-22 08:49:35,23414.3
23800,126555,180,5378,-1680,2026-09-22 08:49:35,23414.3
23850,55095,9300,1022,-96,2026-09-22 08:49:35,23414.3
23900,98069,8157,3535,-3186,2026-09-22 08:49:35,23414.3
23950,22057,-14376,1014,-140,2026-09-22 08:49:35,23414.3
24000,140005,-37819,11350,-2827,2026-09-22 08:49:35,23414.3
24050,29826,2111,333,-37,2026-09-22 08:49:35,23414.3
24100,66847,-12596,1545,-579,2026-09-22 08:49:35,23414.3
24150,19767,-17667,304,-67,2026-09-22 08:49:35,23414.3
24200,101906,4081,1412,-1154,2026-09-22 08:49:35,23414.3
24250,26254,6244,334,-45,2026-09-22 08:49:35,23414.3
24300,52584,-10416,758,-692,2026-09-22 08:49:35,23414.3
24350,17020,-1443,159,-66,2026-09-22 08:49:35,23414.3
24400,37119,-6935,806,-936,2026-09-22 08:49:35,23414.3
24450,9291,-436,127,-63,2026-09-22 08:49:35,23414.3
24500,109713,-44907,1786,-2444,2026-09-22 08:49:35,23414.3
24550,13597,-404,161,-206,2026-09-22 08:49:35,23414.3
24600,23581,-12111,405,-305,2026-09-22 08:49:35,23414.3
24650,3362,-3037,29,-49,2026-09-22 08:49:35,23414.3
24700,13752,-21246,66,-23,2026-09-22 08:49:35,23414.3
24750,2384,-537,0,0,2026-09-22 08:49:35,23414.3
24800,33389,-8909,100,-255,2026-09-22 08:49:35,23414.3
24850,4300,-3603,0,0,2026-09-22 08:49:35,23414.3
24900,7300,-9929,143,-3,2026-09-22 08:49:35,23414.3
24950,2070,-1002,0,0,2026-09-22 08:49:35,23414.3
25000,36357,-32030,535,-477,2026-09-22 08:49:35,23414.3
25050,1445,-1278,1,0,2026-09-22 08:49:35,23414.3
25100,4523,-8963,12,-4,2026-09-22 08:49:35,23414.3
25150,2111,-832,5,0,2026-09-22 08:49:35,23414.3
25200,3925,-1482,35,-25,2026-09-22 08:49:35,23414.3
25250,1673,-812,8,0,2026-09-22 08:49:35,23414.3
25300,2553,-152,8,-1,2026-09-22 08:49:35,23414.3
25350,445,153,0,0,2026-09-22 08:49:35,23414.3
25400,1705,-864,27,-4,2026-09-22 08:49:35,23414.3
25450,333,0,8,0,2026-09-22 08:49:35,23414.3
25500,8620,-5417,372,-498,2026-09-22 08:49:35,23414.3
25550,428,28,2,1,2026-09-22 08:49:35,23414.3
25600,1303,-608,3,0,2026-09-22 08:49:35,23414.3
25650,414,-11,8,0,2026-09-22 08:49:35,23414.3
25700,2049,-606,0,0,2026-09-22 08:49:35,23414.3
25750,619,-126,0,0,2026-09-22 08:49:35,23414.3
25800,9418,-3893,5,-2,2026-09-22 08:49:35,23414.3
25850,607,43,0,0,2026-09-22 08:49:35,23414.3
25900,1566,-560,0,0,2026-09-22 08:49:35,23414.3
25950,615,194,0,0,2026-09-22 08:49:35,23414.3
26000,11030,-11253,451,-606,2026-09-22 08:49:35,23414.3
26050,1220,-132,0,0,2026-09-22 08:49:35,23414.3
26100,7313,-1921,0,0,2026-09-22 08:49:35,23414.3
21350,0,0,71738,-25680,2026-09-22 08:49:37,23414.3
21400,0,0,44652,-12333,2026-09-22 08:49:37,23414.3
21450,0,0,10825,1196,2026-09-22 08:49:37,23414.3
21500,0,0,49411,-21658,2026-09-22 08:49:37,23414.3
21550,0,0,5193,1399,2026-09-22 08:49:37,23414.3
21600,0,0,6820,-835,2026-09-22 08:49:37,23414.3
21650,0,0,9718,-4694,2026-09-22 08:49:37,23414.3
21700,24,0,26734,-17473,2026-09-22 08:49:37,23414.3
21750,0,0,5467,-411,2026-09-22 08:49:37,23414.3
21800,1,0,34162,-13356,2026-09-22 08:49:37,23414.3
21850,0,0,7350,601,2026-09-22 08:49:37,23414.3
21900,0,0,23587,-5974,2026-09-22 08:49:37,23414.3
21950,0,0,8004,98,2026-09-22 08:49:37,23414.3
22000,298,-48,152809,-12445,2026-09-22 08:49:37,23414.3
22050,5,0,5979,-5066,2026-09-22 08:49:37,23414.3
22100,18,0,29981,-6454,2026-09-22 08:49:37,23414.3
22150,4,0,14601,-3078,2026-09-22 08:49:37,23414.3
22200,40,-1,68722,-8308,2026-09-22 08:49:37,23414.3
22250,8,0,19892,4128,2026-09-22 08:49:37,23414.3
22300,114,-15,66407,-12789,2026-09-22 08:49:37,23414.3
22350,11,0,28233,2921,2026-09-22 08:49:37,23414.3
22400,38,0,76074,10806,2026-09-22 08:49:37,23414.3
22450,7,0,42632,12636,2026-09-22 08:49:37,23414.3
22500,899,-394,191934,53126,2026-09-22 08:49:37,23414.3
22550,42,0,30314,2501,2026-09-22 08:49:37,23414.3
22600,575,-52,88578,7879,2026-09-22 08:49:37,23414.3
22650,262,1,34743,7892,2026-09-22 08:49:37,23414.3
22700,820,12,112418,15388,2026-09-22 08:49:37,23414.3
22750,506,-23,41224,-21923,2026-09-22 08:49:37,23414.3
22800,1278,-557,137166,26270,2026-09-22 08:49:37,23414.3
22850,741,-73,40773,-7998,2026-09-22 08:49:37,23414.3
22900,1928,-173,133484,56979,2026-09-22 08:49:37,23414.3
22950,1314,-32,67465,10659,2026-09-22 08:49:37,23414.3
23000,6470,-3096,189739,20598,2026-09-22 08:49:37,23414.3
23050,2291,-79,73191,29028,2026-09-22 08:49:37,23414.3
23100,7428,-1717,144841,45920,2026-09-22 08:49:37,23414.3
23150,3858,-1521,95207,35155,2026-09-22 08:49:37,23414.3
23200,31633,-9375,172908,25187,2026-09-22 08:49:37,23414.3
23250,19263,-8610,121877,22020,2026-09-22 08:49:37,23414.3
23300,59836,-54313,243496,48318,2026-09-22 08:49:37,23414.3
23350,39503,-36737,155256,76132,2026-09-22 08:49:37,23414.3
23400,132358,-2538,247382,173731,2026-09-22 08:49:37,23414.3
23450,98924,39541,97810,87093,2026-09-22 08:49:37,23414.3
23500,178853,36912,77732,40728,2026-09-22 08:49:37,23414.3
23550,95921,39685,13183,9144,2026-09-22 08:49:37,23414.3
23600,164756,43079,18565,7184,2026-09-22 08:49:37,23414.3
23650,119469,57289,3682,658,2026-09-22 08:49:37,23414.3
23700,145155,-933,8964,706,2026-09-22 08:49:37,23414.3
23750,80044,13833,1318,-246,2026-09-22 08:49:37,23414.3
23800,126555,180,5378,-1680,2026-09-22 08:49:37,23414.3
23850,55095,9300,1022,-96,2026-09-22 08:49:37,23414.3
23900,98069,8157,3535,-3186,2026-09-22 08:49:37,23414.3
23950,22057,-14376,1014,-140,2026-09-22 08:49:37,23414.3
24000,140005,-37819,11350,-2827,2026-09-22 08:49:37,23414.3
24050,29826,2111,333,-37,2026-09-22 08:49:37,23414.3
24100,66847,-12596,1545,-579,2026-09-22 08:49:37,23414.3
24150,19767,-17667,304,-67,2026-09-22 08:49:37,23414.3
24200,101906,4081,1412,-1154,2026-09-22 08:49:37,23414.3
24250,26254,6244,334,-45,2026-09-22 08:49:37,23414.3
24300,52584,-10416,758,-692,2026-09-22 08:49:37,23414.3
24350,17020,-1443,159,-66,2026-09-22 08:49:37,23414.3
24400,37119,-6935,806,-936,2026-09-22 08:49:37,23414.3
24450,9291,-436,127,-63,2026-09-22 08:49:37,23414.3
24500,109713,-44907,1786,-2444,2026-09-22 08:49:37,23414.3
24550,13597,-404,161,-206,2026-09-22 08:49:37,23414.3
24600,23581,-12111,405,-305,2026-09-22 08:49:37,23414.3
24650,3362,-3037,29,-49,2026-09-22 08:49:37,23414.3
24700,13752,-21246,66,-23,2026-09-22 08:49:37,23414.3
24750,2384,-537,0,0,2026-09-22 08:49:37,23414.3
24800,33389,-8909,100,-255,2026-09-22 08:49:37,23414.3
24850,4300,-3603,0,0,2026-09-22 08:49:37,23414.3
24900,7300,-9929,143,-3,2026-09-22 08:49:37,23414.3
24950,2070,-1002,0,0,2026-09-22 08:49:37,23414.3
25000,36357,-32030,535,-477,2026-09-22 08:49:37,23414.3
25050,1445,-1278,1,0,2026-09-22 08:49:37,23414.3
25100,4523,-8963,12,-4,2026-09-22 08:49:37,23414.3
25150,2111,-832,5,0,2026-09-22 08:49:37,23414.3
25200,3925,-1482,35,-25,2026-09-22 08:49:37,23414.3
25250,1673,-812,8,0,2026-09-22 08:49:37,23414.3
25300,2553,-152,8,-1,2026-09-22 08:49:37,23414.3
25350,445,153,0,0,2026-09-22 08:49:37,23414.3
25400,1705,-864,27,-4,2026-09-22 08:49:37,23414.3
25450,333,0,8,0,2026-09-22 08:49:37,23414.3
25500,8620,-5417,372,-498,2026-09-22 08:49:37,23414.3
25550,428,28,2,1,2026-09-22 08:49:37,23414.3
25600,1303,-608,3,0,2026-09-22 08:49:37,23414.3
25650,414,-11,8,0,2026-09-22 08:49:37,23414.3
25700,2049,-606,0,0,2026-09-22 08:49:37,23414.3
25750,619,-126,0,0,2026-09-22 08:49:37,23414.3
25800,9418,-3893,5,-2,2026-09-22 08:49:37,23414.3
25850,607,43,0,0,2026-09-22 08:49:37,23414.3
25900,1566,-560,0,0,2026-09-22 08:49:37,23414.3
25950,615,194,0,0,2026-09-22 08:49:37,23414.3
26000,11030,-11253,451,-606,2026-09-22 08:49:37,23414.3
26050,1220,-132,0,0,2026-09-22 08:49:37,23414.3
26100,7313,-1921,0,0,2026-09-22 08:49:37,23414.3
21350,0,0,71738,-25680,2026-09-22 08:52:38,23414.3
21400,0,0,44652,-12333,2026-09-22 08:52:38,23414.3
21450,0,0,10825,1196,2026-09-22 08:52:38,23414.3
21500,0,0,49411,-21658,2026-09-22 08:52:38,23414.3
21550,0,0,5193,1399,2026-09-22 08:52:38,23414.3
21600,0,0,6820,-835,2026-09-22 08:52:38,23414.3
21650,0,0,9718,-4694,2026-09-22 08:52:38,23414.3
21700,24,0,26734,-17473,2026-09-22 08:52:38,23414.3
21750,0,0,5467,-411,2026-09-22 08:52:38,23414.3
21800,1,0,34162,-13356,2026-09-22 08:52:38,23414.3
21850,0,0,7350,601,2026-09-22 08:52:38,23414.3
21900,0,0,23587,-5974,2026-09-22 08:52:38,23414.3
21950,0,0,8004,98,2026-09-22 08:52:38,23414.3
22000,298,-48,152809,-12445,2026-09-22 08:52:38,23414.3
22050,5,0,5979,-5066,2026-09-22 08:52:38,23414.3
22100,18,0,29981,-6454,2026-09-22 08:52:38,23414.3
22150,4,0,14601,-3078,2026-09-22 08:52:38,23414.3
22200,40,-1,68722,-8308,2026-09-22 08:52:38,23414.3
22250,8,0,19892,4128,2026-09-22 08:52:38,23414.3
22300,114,-15,66407,-12789,2026-09-22 08:52:38,23414.3
22350,11,0,28233,2921,2026-09-22 08:52:38,23414.3
22400,38,0,76074,10806,2026-09-22 08:52:38,23414.3
22450,7,0,42632,12636,2026-09-22 08:52:38,23414.3
22500,899,-394,191934,53126,2026-09-22 08:52:38,23414.3
22550,42,0,30314,2501,2026-09-22 08:52:38,23414.3
22600,575,-52,88578,7879,2026-09-22 08:52:38,23414.3
22650,262,1,34743,7892,2026-09-22 08:52:38,23414.3
22700,820,12,112418,15388,2026-09-22 08:52:38,23414.3
22750,506,-23,41224,-21923,2026-09-22 08:52:38,23414.3
22800,1278,-557,137166,26270,2026-09-22 08:52:38,23414.3
22850,741,-73,40773,-7998,2026-09-22 08:52:38,23414.3
22900,1928,-173,133484,56979,2026-09-22 08:52:38,23414.3
22950,1314,-32,67465,10659,2026-09-22 08:52:38,23414.3
23000,6470,-3096,189739,20598,2026-09-22 08:52:38,23414.3
23050,2291,-79,73191,29028,2026-09-22 08:52:38,23414.3
23100,7428,-1717,144841,45920,2026-09-22 08:52:38,23414.3
23150,3858,-1521,95207,35155,2026-09-22 08:52:38,23414.3
23200,31633,-9375,172908,25187,2026-09-22 08:52:38,23414.3
23250,19263,-8610,121877,22020,2026-09-22 08:52:38,23414.3
23300,59836,-54313,243496,48318,2026-09-22 08:52:38,23414.3
23350,39503,-36737,155256,76132,2026-09-22 08:52:38,23414.3
23400,132358,-2538,247382,173731,2026-09-22 08:52:38,23414.3
23450,98924,39541,97810,87093,2026-09-22 08:52:38,23414.3
23500,178853,36912,77732,40728,2026-09-22 08:52:38,23414.3
23550,95921,39685,13183,9144,2026-09-22 08:52:38,23414.3
23600,164756,43079,18565,7184,2026-09-22 08:52:38,23414.3
23650,119469,57289,3682,658,2026-09-22 08:52:38,23414.3
23700,145155,-933,8964,706,2026-09-22 08:52:38,23414.3
23750,80044,13833,1318,-246,2026-09-22 08:52:38,23414.3
23800,126555,180,5378,-1680,2026-09-22 08:52:38,23414.3
23850,55095,9300,1022,-96,2026-09-22 08:52:38,23414.3
23900,98069,8157,3535,-3186,2026-09-22 08:52:38,23414.3
23950,22057,-14376,1014,-140,2026-09-22 08:52:38,23414.3
24000,140005,-37819,11350,-2827,2026-09-22 08:52:38,23414.3
24050,29826,2111,333,-37,2026-09-22 08:52:38,23414.3
24100,66847,-12596,1545,-579,2026-09-22 08:52:38,23414.3
24150,19767,-17667,304,-67,2026-09-22 08:52:38,23414.3
24200,101906,4081,1412,-1154,2026-09-22 08:52:38,23414.3
24250,26254,6244,334,-45,2026-09-22 08:52:38,23414.3
24300,52584,-10416,758,-692,2026-09-22 08:52:38,23414.3
24350,17020,-1443,159,-66,2026-09-22 08:52:38,23414.3
24400,37119,-6935,806,-936,2026-09-22 08:52:38,23414.3
24450,9291,-436,127,-63,2026-09-22 08:52:38,23414.3
24500,109713,-44907,1786,-2444,2026-09-22 08:52:38,23414.3
24550,13597,-404,161,-206,2026-09-22 08:52:38,23414.3
24600,23581,-12111,405,-305,2026-09-22 08:52:38,23414.3
24650,3362,-3037,29,-49,2026-09-22 08:52:38,23414.3
24700,13752,-21246,66,-23,2026-09-22 08:52:38,23414.3
24750,2384,-537,0,0,2026-09-22 08:52:38,23414.3
24800,33389,-8909,100,-255,2026-09-22 08:52:38,23414.3
24850,4300,-3603,0,0,2026-09-22 08:52:38,23414.3
24900,7300,-9929,143,-3,2026-09-22 08:52:38,23414.3
24950,2070,-1002,0,0,2026-09-22 08:52:38,23414.3
25000,36357,-32030,535,-477,2026-09-22 08:52:38,23414.3
25050,1445,-1278,1,0,2026-09-22 08:52:38,23414.3
25100,4523,-8963,12,-4,2026-09-22 08:52:38,23414.3
25150,2111,-832,5,0,2026-09-22 08:52:38,23414.3
25200,3925,-1482,35,-25,2026-09-22 08:52:38,23414.3
25250,1673,-812,8,0,2026-09-22 08:52:38,23414.3
25300,2553,-152,8,-1,2026-09-22 08:52:38,23414.3
25350,445,153,0,0,2026-09-22 08:52:38,23414.3
25400,1705,-864,27,-4,2026-09-22 08:52:38,23414.3
25450,333,0,8,0,2026-09-22 08:52:38,23414.3
25500,8620,-5417,372,-498,2026-09-22 08:52:38,23414.3
25550,428,28,2,1,2026-09-22 08:52:38,23414.3
25600,1303,-608,3,0,2026-09-22 08:52:38,23414.3
25650,414,-11,8,0,2026-09-22 08:52:38,23414.3
25700,2049,-606,0,0,2026-09-22 08:52:38,23414.3
25750,619,-126,0,0,2026-09-22 08:52:38,23414.3
25800,9418,-3893,5,-2,2026-09-22 08:52:38,23414.3
25850,607,43,0,0,2026-09-22 08:52:38,23414.3
25900,1566,-560,0,0,2026-09-22 08:52:38,23414.3
25950,615,194,0,0,2026-09-22 08:52:38,23414.3
26000,11030,-11253,451,-606,2026-09-22 08:52:38,23414.3
26050,1220,-132,0,0,2026-09-22 08:52:38,23414.3
26100,7313,-1921,0,0,2026-09-22 08:52:38,23414.3
21350,0,0,71738,-25680,2026-09-22 08:52:40,23414.3
21400,0,0,44652,-12333,2026-09-22 08:52:40,23414.3
21450,0,0,10825,1196,2026-09-22 08:52:40,23414.3
21500,0,0,49411,-21658,2026-09-22 08:52:40,23414.3
21550,0,0,5193,1399,2026-09-22 08:52:40,23414.3
21600,0,0,6820,-835,2026-09-22 08:52:40,23414.3
21650,0,0,9718,-4694,2026-09-22 08:52:40,23414.3
21700,24,0,26734,-17473,2026-09-22 08:52:40,23414.3
21750,0,0,5467,-411,2026-09-22 08:52:40,23414.3
21800,1,0,34162,-13356,2026-09-22 08:52:40,23414.3
21850,0,0,7350,601,2026-09-22 08:52:40,23414.3
21900,0,0,23587,-5974,2026-09-22 08:52:40,23414.3
21950,0,0,8004,98,2026-09-22 08:52:40,23414.3
22000,298,-48,152809,-12445,2026-09-22 08:52:40,23414.3
22050,5,0,5979,-5066,2026-09-22 08:52:40,23414.3
22100,18,0,29981,-6454,2026-09-22 08:52:40,23414.3
22150,4,0,14601,-3078,2026-09-22 08:52:40,23414.3
22200,40,-1,68722,-8308,2026-09-22 08:52:40,23414.3
22250,8,0,19892,4128,2026-09-22 08:52:40,23414.3
22300,114,-15,66407,-12789,2026-09-22 08:52:40,23414.3
22350,11,0,28233,2921,2026-09-22 08:52:40,23414.3
22400,38,0,76074,10806,2026-09-22 08:52:40,23414.3
22450,7,0,42632,12636,2026-09-22 08:52:40,23414.3
22500,899,-394,191934,53126,2026-09-22 08:52:40,23414.3
22550,42,0,30314,2501,2026-09-22 08:52:40,23414.3
22600,575,-52,88578,7879,2026-09-22 08:52:40,23414.3
22650,262,1,34743,7892,2026-09-22 08:52:40,23414.3
22700,820,12,112418,15388,2026-09-22 08:52:40,23414.3
22750,506,-23,41224,-21923,2026-09-22 08:52:40,23414.3
22800,1278,-557,137166,26270,2026-09-22 08:52:40,23414.3
22850,741,-73,40773,-7998,2026-09-22 08:52:40,23414.3
22900,1928,-173,133484,56979,2026-09-22 08:52:40,23414.3
22950,1314,-32,67465,10659,2026-09-22 08:52:40,23414.3
23000,6470,-3096,189739,20598,2026-09-22 08:52:40,23414.3
23050,2291,-79,73191,29028,2026-09-22 08:52:40,23414.3
23100,7428,-1717,144841,45920,2026-09-22 08:52:40,23414.3
23150,3858,-1521,95207,35155,2026-09-22 08:52:40,23414.3
23200,31633,-9375,172908,25187,2026-09-22 08:52:40,23414.3
23250,19263,-8610,121877,22020,2026-09-22 08:52:40,23414.3
23300,59836,-54313,243496,48318,2026-09-22 08:52:40,23414.3
23350,39503,-36737,155256,76132,2026-09-22 08:52:40,23414.3
23400,132358,-2538,247382,173731,2026-09-22 08:52:40,23414.3
23450,98924,39541,97810,87093,2026-09-22 08:52:40,23414.3
23500,178853,36912,77732,40728,2026-09-22 08:52:40,23414.3
23550,95921,39685,13183,9144,2026-09-22 08:52:40,23414.3
23600,164756,43079,18565,7184,2026-09-22 08:52:40,23414.3
23650,119469,57289,3682,658,2026-09-22 08:52:40,23414.3
23700,145155,-933,8964,706,2026-09-22 08:52:40,23414.3
23750,80044,13833,1318,-246,2026-09-22 08:52:40,23414.3
23800,126555,180,5378,-1680,2026-09-22 08:52:40,23414.3
23850,55095,9300,1022,-96,2026-09-22 08:52:40,23414.3
23900,98069,8157,3535,-3186,2026-09-22 08:52:40,23414.3
23950,22057,-14376,1014,-140,2026-09-22 08:52:40,23414.3
24000,140005,-37819,11350,-2827,2026-09-22 08:52:40,23414.3
24050,29826,2111,333,-37,2026-09-22 08:52:40,23414.3
24100,66847,-12596,1545,-579,2026-09-22 08:52:40,23414.3
24150,19767,-17667,304,-67,2026-09-22 08:52:40,23414.3
24200,101906,4081,1412,-1154,2026-09-22 08:52:40,23414.3
24250,26254,6244,334,-45,2026-09-22 08:52:40,23414.3
24300,52584,-10416,758,-692,2026-09-22 08:52:40,23414.3
24350,17020,-1443,159,-66,2026-09-22 08:52:40,23414.3
24400,37119,-6935,806,-936,2026-09-22 08:52:40,23414.3
24450,9291,-436,127,-63,2026-09-22 08:52:40,23414.3
24500,109713,-44907,1786,-2444,2026-09-22 08:52:40,23414.3
24550,13597,-404,161,-206,2026-09-22 08:52:40,23414.3
24600,23581,-12111,405,-305,2026-09-22 08:52:40,23414.3
24650,3362,-3037,29,-49,2026-09-22 08:52:40,23414.3
24700,13752,-21246,66,-23,2026-09-22 08:52:40,23414.3
24750,2384,-537,0,0,2026-09-22 08:52:40,23414.3
24800,33389,-8909,100,-255,2026-09-22 08:52:40,23414.3
24850,4300,-3603,0,0,2026-09-22 08:52:40,23414.3
24900,7300,-9929,143,-3,2026-09-22 08:52:40,23414.3
24950,2070,-1002,0,0,2026-09-22 08:52:40,23414.3
25000,36357,-32030,535,-477,2026-09-22 08:52:40,23414.3
25050,1445,-1278,1,0,2026-09-22 08:52:40,23414.3
25100,4523,-8963,12,-4,2026-09-22 08:52:40,23414.3
25150,2111,-832,5,0,2026-09-22 08:52:40,23414.3
25200,3925,-1482,35,-25,2026-09-22 08:52:40,23414.3
25250,1673,-812,8,0,2026-09-22 08:52:40,23414.3
25300,2553,-152,8,-1,2026-09-22 08:52:40,23414.3
25350,445,153,0,0,2026-09-22 08:52:40,23414.3
25400,1705,-864,27,-4,2026-09-22 08:52:40,23414.3
25450,333,0,8,0,2026-09-22 08:52:40,23414.3
25500,8620,-5417,372,-498,2026-09-22 08:52:40,23414.3
25550,428,28,2,1,2026-09-22 08:52:40,23414.3
25600,1303,-608,3,0,2026-09-22 08:52:40,23414.3
25650,414,-11,8,0,2026-09-22 08:52:40,23414.3
25700,2049,-606,0,0,2026-09-22 08:52:40,23414.3
25750,619,-126,0,0,2026-09-22 08:52:40,23414.3
25800,9418,-3893,5,-2,2026-09-22 08:52:40,23414.3
25850,607,43,0,0,2026-09-22 08:52:40,23414.3
25900,1566,-560,0,0,2026-09-22 08:52:40,23414.3
25950,615,194,0,0,2026-09-22 08:52:40,23414.3
26000,11030,-11253,451,-606,2026-09-22 08:52:40,23414.3
26050,1220,-132,0,0,2026-09-22 08:52:40,23414.3
26100,7313,-1921,0,0,2026-09-22 08:52:40,23414.3
21350,0,0,71738,-25680,2026-09-22 08:55:42,23414.3
21400,0,0,44652,-12333,2026-09-22 08:55:42,23414.3
21450,0,0,10825,1196,2026-09-22 08:55:42,23414.3
21500,0,0,49411,-21658,2026-09-22 08:55:42,23414.3
21550,0,0,5193,1399,2026-09-22 08:55:42,23414.3
21600,0,0,6820,-835,2026-09-22 08:55:42,23414.3
21650,0,0,9718,-4694,2026-09-22 08:55:42,23414.3
21700,24,0,26734,-17473,2026-09-22 08:55:42,23414.3
21750,0,0,5467,-411,2026-09-22 08:55:42,23414.3
21800,1,0,34162,-13356,2026-09-22 08:55:42,23414.3
21850,0,0,7350,601,2026-09-22 08:55:42,23414.3
21900,0,0,23587,-5974,2026-09-22 08:55:42,23414.3
21950,0,0,8004,98,2026-09-22 08:55:42,23414.3
22000,298,-48,152809,-12445,2026-09-22 08:55:42,23414.3
22050,5,0,5979,-5066,2026-09-22 08:55:42,23414.3
22100,18,0,29981,-6454,2026-09-22 08:55:42,23414.3
22150,4,0,14601,-3078,2026-09-22 08:55:42,23414.3
22200,40,-1,68722,-8308,2026-09-22 08:55:42,23414.3
22250,8,0,19892,4128,2026-09-22 08:55:42,23414.3
22300,114,-15,66407,-12789,2026-09-22 08:55:42,23414.3
22350,11,0,28233,2921,2026-09-22 08:55:42,23414.3
22400,38,0,76074,10806,2026-09-22 08:55:42,23414.3
22450,7,0,42632,12636,2026-09-22 08:55:42,23414.3
22500,899,-394,191934,53126,2026-09-22 08:55:42,23414.3
22550,42,0,30314,2501,2026-09-22 08:55:42,23414.3
22600,575,-52,88578,7879,2026-09-22 08:55:42,23414.3
22650,262,1,34743,7892,2026-09-22 08:55:42,23414.3
22700,820,12,112418,15388,2026-09-22 08:55:42,23414.3
22750,506,-23,41224,-21923,2026-09-22 08:55:42,23414.3
22800,1278,-557,137166,26270,2026-09-22 08:55:42,23414.3
22850,741,-73,40773,-7998,2026-09-22 08:55:42,23414.3
22900,1928,-173,133484,56979,2026-09-22 08:55:42,23414.3
22950,1314,-32,67465,10659,2026-09-22 08:55:42,23414.3
23000,6470,-3096,189739,20598,2026-09-22 08:55:42,23414.3
23050,2291,-79,73191,29028,2026-09-22 08:55:42,23414.3
23100,7428,-1717,144841,45920,2026-09-22 08:55:42,23414.3
23150,3858,-1521,95207,35155,2026-09-22 08:55:42,23414.3
23200,31633,-9375,172908,25187,2026-09-22 08:55:42,23414.3
23250,19263,-8610,121877,22020,2026-09-22 08:55:42,23414.3
23300,59836,-54313,243496,48318,2026-09-22 08:55:42,23414.3
23350,39503,-36737,155256,76132,2026-09-22 08:55:42,23414.3
23400,132358,-2538,247382,173731,2026-09-22 08:55:42,23414.3
23450,98924,39541,97810,87093,2026-09-22 08:55:42,23414.3
23500,178853,36912,77732,40728,2026-09-22 08:55:42,23414.3
23550,95921,39685,13183,9144,2026-09-22 08:55:42,23414.3
23600,164756,43079,18565,7184,2026-09-22 08:55:42,23414.3
23650,119469,57289,3682,658,2026-09-22 08:55:42,23414.3
23700,145155,-933,8964,706,2026-09-22 08:55:42,23414.3
23750,80044,13833,1318,-246,2026-09-22 08:55:42,23414.3
23800,126555,180,5378,-1680,2026-09-22 08:55:42,23414.3
23850,55095,9300,1022,-96,2026-09-22 08:55:42,23414.3
23900,98069,8157,3535,-3186,2026-09-22 08:55:42,23414.3
23950,22057,-14376,1014,-140,2026-09-22 08:55:42,23414.3
24000,140005,-37819,11350,-2827,2026-09-22 08:55:42,23414.3
24050,29826,2111,333,-37,2026-09-22 08:55:42,23414.3
24100,66847,-12596,1545,-579,2026-09-22 08:55:42,23414.3
24150,19767,-17667,304,-67,2026-09-22 08:55:42,23414.3
24200,101906,4081,1412,-1154,2026-09-22 08:55:42,23414.3
24250,26254,6244,334,-45,2026-09-22 08:55:42,23414.3
24300,52584,-10416,758,-692,2026-09-22 08:55:42,23414.3
24350,17020,-1443,159,-66,2026-09-22 08:55:42,23414.3
24400,37119,-6935,806,-936,2026-09-22 08:55:42,23414.3
24450,9291,-436,127,-63,2026-09-22 08:55:42,23414.3
24500,109713,-44907,1786,-2444,2026-09-22 08:55:42,23414.3
24550,13597,-404,161,-206,2026-09-22 08:55:42,23414.3
24600,23581,-12111,405,-305,2026-09-22 08:55:42,23414.3
24650,3362,-3037,29,-49,2026-09-22 08:55:42,23414.3
24700,13752,-21246,66,-23,2026-09-22 08:55:42,23414.3
24750,2384,-537,0,0,2026-09-22 08:55:42,23414.3
24800,33389,-8909,100,-255,2026-09-22 08:55:42,23414.3
24850,4300,-3603,0,0,2026-09-22 08:55:42,23414.3
24900,7300,-9929,143,-3,2026-09-22 08:55:42,23414.3
24950,2070,-1002,0,0,2026-09-22 08:55:42,23414.3
25000,36357,-32030,535,-477,2026-09-22 08:55:42,23414.3
25050,1445,-1278,1,0,2026-09-22 08:55:42,23414.3
25100,4523,-8963,12,-4,2026-09-22 08:55:42,23414.3
25150,2111,-832,5,0,2026-09-22 08:55:42,23414.3
25200,3925,-1482,35,-25,2026-09-22 08:55:42,23414.3
25250,1673,-812,8,0,2026-09-22 08:55:42,23414.3
25300,2553,-152,8,-1,2026-09-22 08:55:42,23414.3
25350,445,153,0,0,2026-09-22 08:55:42,23414.3
25400,1705,-864,27,-4,2026-09-22 08:55:42,23414.3
25450,333,0,8,0,2026-09-22 08:55:42,23414.3
25500,8620,-5417,372,-498,2026-09-22 08:55:42,23414.3
25550,428,28,2,1,2026-09-22 08:55:42,23414.3
25600,1303,-608,3,0,2026-09-22 08:55:42,23414.3
25650,414,-11,8,0,2026-09-22 08:55:42,23414.3
25700,2049,-606,0,0,2026-09-22 08:55:42,23414.3
25750,619,-126,0,0,2026-09-22 08:55:42,23414.3
25800,9418,-3893,5,-2,2026-09-22 08:55:42,23414.3
25850,607,43,0,0,2026-09-22 08:55:42,23414.3
25900,1566,-560,0,0,2026-09-22 08:55:42,23414.3
25950,615,194,0,0,2026-09-22 08:55:42,23414.3
26000,11030,-11253,451,-606,2026-09-22 08:55:42,23414.3
26050,1220,-132,0,0,2026-09-22 08:55:42,23414.3
26100,7313,-1921,0,0,2026-09-22 08:55:42,23414.3
21350,0,0,54001,-17737,2026-09-22 09:20:52,23447.4
21400,0,0,38840,-5812,2026-09-22 09:20:52,23447.4
21450,0,0,10661,-164,2026-09-22 09:20:52,23447.4
21500,0,0,45296,-4115,2026-09-22 09:20:52,23447.4
21550,0,0,4940,-253,2026-09-22 09:20:52,23447.4
21600,0,0,6176,-644,2026-09-22 09:20:52,23447.4
21650,0,0,9846,128,2026-09-22 09:20:52,23447.4
21700,24,0,23465,-3269,2026-09-22 09:20:52,23447.4
21750,0,0,5041,-426,2026-09-22 09:20:52,23447.4
21800,1,0,29700,-4462,2026-09-22 09:20:52,23447.4
21850,0,0,6684,-666,2026-09-22 09:20:52,23447.4
21900,0,0,20915,-2672,2026-09-22 09:20:52,23447.4
21950,0,0,7815,-189,2026-09-22 09:20:52,23447.4
22000,298,0,139599,-13210,2026-09-22 09:20:52,23447.4
22050,5,0,5909,-70,2026-09-22 09:20:52,23447.4
22100,18,0,27482,-2499,2026-09-22 09:20:52,23447.4
22150,4,0,11198,-3403,2026-09-22 09:20:52,23447.4
22200,40,0,58941,-9781,2026-09-22 09:20:52,23447.4
22250,8,0,18789,-1103,2026-09-22 09:20:52,23447.4
22300,114,0,57662,-8745,2026-09-22 09:20:52,23447.4
22350,11,0,24263,-3970,2026-09-22 09:20:52,23447.4
22400,38,0,52987,-23087,2026-09-22 09:20:52,23447.4
22450,7,0,35415,-7217,2026-09-22 09:20:52,23447.4
22500,900,1,177242,-14692,2026-09-22 09:20:52,23447.4
22550,42,0,27663,-2651,2026-09-22 09:20:52,23447.4
22600,575,0,74752,-13826,2026-09-22 09:20:52,23447.4
22650,262,0,31353,-3390,2026-09-22 09:20:52,23447.4
22700,819,-1,113363,945,2026-09-22 09:20:52,23447.4
22750,506,0,46803,5579,2026-09-22 09:20:52,23447.4
22800,1220,-58,129097,-8069,2026-09-22 09:20:52,23447.4
22850,741,0,48832,8059,2026-09-22 09:20:52,23447.4
22900,1927,-1,142547,9063,2026-09-22 09:20:52,23447.4
22950,1309,-5,73863,6398,2026-09-22 09:20:52,23447.4
23000,6627,157,197982,8243,2026-09-22 09:20:52,23447.4
23050,2254,-37,75013,1822,2026-09-22 09:20:52,23447.4
23100,7585,157,162956,18115,2026-09-22 09:20:52,23447.4
23150,3885,27,93579,-1628,2026-09-22 09:20:52,23447.4
23200,31472,-161,194758,21850,2026-09-22 09:20:52,23447.4
23250,19484,221,141460,19583,2026-09-22 09:20:52,23447.4
23300,62051,2215,274526,31030,2026-09-22 09:20:52,23447.4
23350,49489,9986,200706,45450,2026-09-22 09:20:52,23447.4
23400,182041,49683,333757,86375,2026-09-22 09:20:52,23447.4
23450,232075,133151,198745,100935,2026-09-22 09:20:52,23447.4
23500,349674,170821,131357,53625,2026-09-22 09:20:52,23447.4
23550,160902,64981,27203,14020,2026-09-22 09:20:52,23447.4
23600,229921,65165,34053,15488,2026-09-22 09:20:52,23447.4
23650,147433,27964,4989,1307,2026-09-22 09:20:52,23447.4
23700,174336,29181,10289,1325,2026-09-22 09:20:52,23447.4
23750,100179,20135,1468,150,2026-09-22 09:20:52,23447.4
23800,148106,21551,5650,272,2026-09-22 09:20:52,23447.4
23850,70189,15094,1033,11,2026-09-22 09:20:52,23447.4
23900,108330,10261,3516,-19,2026-09-22 09:20:52,23447.4
23950,42974,20917,1005,-9,2026-09-22 09:20:52,23447.4
24000,173356,33351,11290,-60,2026-09-22 09:20:52,23447.4
24050,32239,2413,333,0,2026-09-22 09:20:52,23447.4
24100,74047,7200,1542,-3,2026-09-22 09:20:52,23447.4
24150,27087,7320,304,0,2026-09-22 09:20:52,23447.4
24200,113581,11675,1411,-1,2026-09-22 09:20:52,23447.4
24250,27228,974,334,0,2026-09-22 09:20:52,23447.4
24300,54163,1579,758,0,2026-09-22 09:20:52,23447.4
24350,17663,643,159,0,2026-09-22 09:20:52,23447.4
24400,38188,1069,801,-5,2026-09-22 09:20:52,23447.4
24450,13763,4472,127,0,2026-09-22 09:20:52,23447.4
24500,116911,7198,1756,-30,2026-09-22 09:20:52,23447.4
24550,14385,788,161,0,2026-09-22 09:20:52,23447.4
24600,23293,-288,405,0,2026-09-22 09:20:52,23447.4
24650,3321,-41,29,0,2026-09-22 09:20:52,23447.4
24700,14712,960,66,0,2026-09-22 09:20:52,23447.4
24750,3023,639,0,0,2026-09-22 09:20:52,23447.4
24800,33141,-248,100,0,2026-09-22 09:20:52,23447.4
24850,4301,1,0,0,2026-09-22 09:20:52,23447.4
24900,7218,-82,143,0,2026-09-22 09:20:52,23447.4
24950,2687,617,0,0,2026-09-22 09:20:52,23447.4
25000,36173,-184,537,2,2026-09-22 09:20:52,23447.4
25050,1570,125,1,0,2026-09-22 09:20:52,23447.4
25100,5104,581,12,0,2026-09-22 09:20:52,23447.4
25150,2058,-53,5,0,2026-09-22 09:20:52,23447.4
25200,3934,9,35,0,2026-09-22 09:20:52,23447.4
25250,1726,53,8,0,2026-09-22 09:20:52,23447.4
25300,2516,-37,8,0,2026-09-22 09:20:52,23447.4
25350,436,-9,0,0,2026-09-22 09:20:52,23447.4
25400,2068,363,27,0,2026-09-22 09:20:52,23447.4
25450,3369,3036,8,0,2026-09-22 09:20:52,23447.4
25500,7726,-894,372,0,2026-09-22 09:20:52,23447.4
25550,584,156,2,0,2026-09-22 09:20:52,23447.4
25600,1723,420,3,0,2026-09-22 09:20:52,23447.4
25650,533,119,8,0,2026-09-22 09:20:52,23447.4
25700,1817,-232,0,0,2026-09-22 09:20:52,23447.4
25750,661,42,0,0,2026-09-22 09:20:52,23447.4
25800,9350,-68,5,0,2026-09-22 09:20:52,23447.4
25850,704,97,0,0,2026-09-22 09:20:52,23447.4
25900,3228,1662,0,0,2026-09-22 09:20:52,23447.4
25950,842,227,0,0,2026-09-22 09:20:52,23447.4
26000,11995,965,451,0,2026-09-22 09:20:52,23447.4
26050,1646,426,0,0,2026-09-22 09:20:52,23447.4
26100,8649,1336,0,0,2026-09-22 09:20:52,23447.4
21350,0,0,54001,-17737,2026-09-22 09:20:57,23447.4
21400,0,0,38840,-5812,2026-09-22 09:20:57,23447.4
21450,0,0,10661,-164,2026-09-22 09:20:57,23447.4
21500,0,0,45296,-4115,2026-09-22 09:20:57,23447.4
21550,0,0,4940,-253,2026-09-22 09:20:57,23447.4
21600,0,0,6176,-644,2026-09-22 09:20:57,23447.4
21650,0,0,9846,128,2026-09-22 09:20:57,23447.4
21700,24,0,23465,-3269,2026-09-22 09:20:57,23447.4
21750,0,0,5041,-426,2026-09-22 09:20:57,23447.4
21800,1,0,29700,-4462,2026-09-22 09:20:57,23447.4
21850,0,0,6684,-666,2026-09-22 09:20:57,23447.4
21900,0,0,20915,-2672,2026-09-22 09:20:57,23447.4
21950,0,0,7815,-189,2026-09-22 09:20:57,23447.4
22000,298,0,139599,-13210,2026-09-22 09:20:57,23447.4
22050,5,0,5909,-70,2026-09-22 09:20:57,23447.4
22100,18,0,27482,-2499,2026-09-22 09:20:57,23447.4
22150,4,0,11198,-3403,2026-09-22 09:20:57,23447.4
22200,40,0,58941,-9781,2026-09-22 09:20:57,23447.4
22250,8,0,18789,-1103,2026-09-22 09:20:57,23447.4
22300,114,0,57662,-8745,2026-09-22 09:20:57,23447.4
22350,11,0,24263,-3970,2026-09-22 09:20:57,23447.4
22400,38,0,52987,-23087,2026-09-22 09:20:57,23447.4
22450,7,0,35415,-7217,2026-09-22 09:20:57,23447.4
22500,900,1,177242,-14692,2026-09-22 09:20:57,23447.4
22550,42,0,27663,-2651,2026-09-22 09:20:57,23447.4
22600,575,0,74752,-13826,2026-09-22 09:20:57,23447.4
22650,262,0,31353,-3390,2026-09-22 09:20:57,23447.4
22700,819,-1,113363,945,2026-09-22 09:20:57,23447.4
22750,506,0,46803,5579,2026-09-22 09:20:57,23447.4
22800,1220,-58,129097,-8069,2026-09-22 09:20:57,23447.4
22850,741,0,48832,8059,2026-09-22 09:20:57,23447.4
22900,1927,-1,142547,9063,2026-09-22 09:20:57,23447.4
22950,1309,-5,73863,6398,2026-09-22 09:20:57,23447.4
23000,6627,157,197982,8243,2026-09-22 09:20:57,23447.4
23050,2254,-37,75013,1822,2026-09-22 09:20:57,23447.4
23100,7585,157,162956,18115,2026-09-22 09:20:57,23447.4
23150,3885,27,93579,-1628,2026-09-22 09:20:57,23447.4
23200,31472,-161,194758,21850,2026-09-22 09:20:57,23447.4
23250,19484,221,141460,19583,2026-09-22 09:20:57,23447.4
23300,62051,2215,274526,31030,2026-09-22 09:20:57,23447.4
23350,49489,9986,200706,45450,2026-09-22 09:20:57,23447.4
23400,182041,49683,333757,86375,2026-09-22 09:20:57,23447.4
23450,232075,133151,198745,100935,2026-09-22 09:20:57,23447.4
23500,349674,170821,131357,53625,2026-09-22 09:20:57,23447.4
23550,160902,64981,27203,14020,2026-09-22 09:20:57,23447.4
23600,229921,65165,34053,15488,2026-09-22 09:20:57,23447.4
23650,147433,27964,4989,1307,2026-09-22 09:20:57,23447.4
23700,174336,29181,10289,1325,2026-09-22 09:20:57,23447.4
23750,100179,20135,1468,150,2026-09-22 09:20:57,23447.4
23800,148106,21551,5650,272,2026-09-22 09:20:57,23447.4
23850,70189,15094,1033,11,2026-09-22 09:20:57,23447.4
23900,108330,10261,3516,-19,2026-09-22 09:20:57,23447.4
23950,42974,20917,1005,-9,2026-09-22 09:20:57,23447.4
24000,173356,33351,11290,-60,2026-09-22 09:20:57,23447.4
24050,32239,2413,333,0,2026-09-22 09:20:57,23447.4
24100,74047,7200,1542,-3,2026-09-22 09:20:57,23447.4
24150,27087,7320,304,0,2026-09-22 09:20:57,23447.4
24200,113581,11675,1411,-1,2026-09-22 09:20:57,23447.4
24250,27228,974,334,0,2026-09-22 09:20:57,23447.4
24300,54163,1579,758,0,2026-09-22 09:20:57,23447.4
24350,17663,643,159,0,2026-09-22 09:20:57,23447.4
24400,38188,1069,801,-5,2026-09-22 09:20:57,23447.4
24450,13763,4472,127,0,2026-09-22 09:20:57,23447.4
24500,116911,7198,1756,-30,2026-09-22 09:20:57,23447.4
24550,14385,788,161,0,2026-09-22 09:20:57,23447.4
24600,23293,-288,405,0,2026-09-22 09:20:57,23447.4
24650,3321,-41,29,0,2026-09-22 09:20:57,23447.4
24700,14712,960,66,0,2026-09-22 09:20:57,23447.4
24750,3023,639,0,0,2026-09-22 09:20:57,23447.4
24800,33141,-248,100,0,2026-09-22 09:20:57,23447.4
24850,4301,1,0,0,2026-09-22 09:20:57,23447.4
24900,7218,-82,143,0,2026-09-22 09:20:57,23447.4
24950,2687,617,0,0,2026-09-22 09:20:57,23447.4
25000,36173,-184,537,2,2026-09-22 09:20:57,23447.4
25050,1570,125,1,0,2026-09-22 09:20:57,23447.4
25100,5104,581,12,0,2026-09-22 09:20:57,23447.4
25150,2058,-53,5,0,2026-09-22 09:20:57,23447.4
25200,3934,9,35,0,2026-09-22 09:20:57,23447.4
25250,1726,53,8,0,2026-09-22 09:20:57,23447.4
25300,2516,-37,8,0,2026-09-22 09:20:57,23447.4
25350,436,-9,0,0,2026-09-22 09:20:57,23447.4
25400,2068,363,27,0,2026-09-22 09:20:57,23447.4
25450,3369,3036,8,0,2026-09-22 09:20:57,23447.4
25500,7726,-894,372,0,2026-09-22 09:20:57,23447.4
25550,584,156,2,0,2026-09-22 09:20:57,23447.4
25600,1723,420,3,0,2026-09-22 09:20:57,23447.4
25650,533,119,8,0,2026-09-22 09:20:57,23447.4
25700,1817,-232,0,0,2026-09-22 09:20:57,23447.4
25750,661,42,0,0,2026-09-22 09:20:57,23447.4
25800,9350,-68,5,0,2026-09-22 09:20:57,23447.4
25850,704,97,0,0,2026-09-22 09:20:57,23447.4
25900,3228,1662,0,0,2026-09-22 09:20:57,23447.4
25950,842,227,0,0,2026-09-22 09:20:57,23447.4
26000,11995,965,451,0,2026-09-22 09:20:57,23447.4
26050,1646,426,0,0,2026-09-22 09:20:57,23447.4
26100,8649,1336,0,0,2026-09-22 09:20:57,23447.4
21350,0,0,54001,-17737,2026-09-22 09:21:21,23447.4
21400,0,0,38840,-5812,2026-09-22 09:21:21,23447.4
21450,0,0,10661,-164,2026-09-22 09:21:21,23447.4
21500,0,0,45296,-4115,2026-09-22 09:21:21,23447.4
21550,0,0,4940,-253,2026-09-22 09:21:21,23447.4
21600,0,0,6176,-644,2026-09-22 09:21:21,23447.4
21650,0,0,9846,128,2026-09-22 09:21:21,23447.4
21700,24,0,23465,-3269,2026-09-22 09:21:21,23447.4
21750,0,0,5041,-426,2026-09-22 09:21:21,23447.4
21800,1,0,29700,-4462,2026-09-22 09:21:21,23447.4
21850,0,0,6684,-666,2026-09-22 09:21:21,23447.4
21900,0,0,20915,-2672,2026-09-22 09:21:21,23447.4
21950,0,0,7815,-189,2026-09-22 09:21:21,23447.4
22000,298,0,139599,-13210,2026-09-22 09:21:21,23447.4
22050,5,0,5909,-70,2026-09-22 09:21:21,23447.4
22100,18,0,27482,-2499,2026-09-22 09:21:21,23447.4
22150,4,0,11198,-3403,2026-09-22 09:21:21,23447.4
22200,40,0,58941,-9781,2026-09-22 09:21:21,23447.4
22250,8,0,18789,-1103,2026-09-22 09:21:21,23447.4
22300,114,0,57662,-8745,2026-09-22 09:21:21,23447.4
22350,11,0,24263,-3970,2026-09-22 09:21:21,23447.4
22400,38,0,52987,-23087,2026-09-22 09:21:21,23447.4
22450,7,0,35415,-7217,2026-09-22 09:21:21,23447.4
22500,900,1,177242,-14692,2026-09-22 09:21:21,23447.4
22550,42,0,27663,-2651,2026-09-22 09:21:21,23447.4
22600,575,0,74752,-13826,2026-09-22 09:21:21,23447.4
22650,262,0,31353,-3390,2026-09-22 09:21:21,23447.4
22700,819,-1,113363,945,2026-09-22 09:21:21,23447.4
22750,506,0,46803,5579,2026-09-22 09:21:21,23447.4
22800,1220,-58,129097,-8069,2026-09-22 09:21:21,23447.4
22850,741,0,48832,8059,2026-09-22 09:21:21,23447.4
22900,1927,-1,142547,9063,2026-09-22 09:21:21,23447.4
22950,1309,-5,73863,6398,2026-09-22 09:21:21,23447.4
23000,6627,157,197982,8243,2026-09-22 09:21:21,23447.4
23050,2254,-37,75013,1822,2026-09-22 09:21:21,23447.4
23100,7585,157,162956,18115,2026-09-22 09:21:21,23447.4
23150,3885,27,93579,-1628,2026-09-22 09:21:21,23447.4
23200,31472,-161,194758,21850,2026-09-22 09:21:21,23447.4
23250,19484,221,141460,19583,2026-09-22 09:21:21,23447.4
23300,62051,2215,274526,31030,2026-09-22 09:21:21,23447.4
23350,49489,9986,200706,45450,2026-09-22 09:21:21,23447.4
23400,182041,49683,333757,86375,2026-09-22 09:21:21,23447.4
23450,232075,133151,198745,100935,2026-09-22 09:21:21,23447.4
23500,349674,170821,131357,53625,2026-09-22 09:21:21,23447.4
23550,160902,64981,27203,14020,2026-09-22 09:21:21,23447.4
23600,229921,65165,34053,15488,2026-09-22 09:21:21,23447.4
23650,147433,27964,4989,1307,2026-09-22 09:21:21,23447.4
23700,174336,29181,10289,1325,2026-09-22 09:21:21,23447.4
23750,100179,20135,1468,150,2026-09-22 09:21:21,23447.4
23800,148106,21551,5650,272,2026-09-22 09:21:21,23447.4
23850,70189,15094,1033,11,2026-09-22 09:21:21,23447.4
23900,108330,10261,3516,-19,2026-09-22 09:21:21,23447.4
23950,42974,20917,1005,-9,2026-09-22 09:21:21,23447.4
24000,173356,33351,11290,-60,2026-09-22 09:21:21,23447.4
24050,32239,2413,333,0,2026-09-22 09:21:21,23447.4
24100,74047,7200,1542,-3,2026-09-22 09:21:21,23447.4
24150,27087,7320,304,0,2026-09-22 09:21:21,23447.4
24200,113581,11675,1411,-1,2026-09-22 09:21:21,23447.4
24250,27228,974,334,0,2026-09-22 09:21:21,23447.4
24300,54163,1579,758,0,2026-09-22 09:21:21,23447.4
24350,17663,643,159,0,2026-09-22 09:21:21,23447.4
24400,38188,1069,801,-5,2026-09-22 09:21:21,23447.4
24450,13763,4472,127,0,2026-09-22 09:21:21,23447.4
24500,116911,7198,1756,-30,2026-09-22 09:21:21,23447.4
24550,14385,788,161,0,2026-09-22 09:21:21,23447.4
24600,23293,-288,405,0,2026-09-22 09:21:21,23447.4
24650,3321,-41,29,0,2026-09-22 09:21:21,23447.4
24700,14712,960,66,0,2026-09-22 09:21:21,23447.4
24750,3023,639,0,0,2026-09-22 09:21:21,23447.4
24800,33141,-248,100,0,2026-09-22 09:21:21,23447.4
24850,4301,1,0,0,2026-09-22 09:21:21,23447.4
24900,7218,-82,143,0,2026-09-22 09:21:21,23447.4
24950,2687,617,0,0,2026-09-22 09:21:21,23447.4
25000,36173,-184,537,2,2026-09-22 09:21:21,23447.4
25050,1570,125,1,0,2026-09-22 09:21:21,23447.4
25100,5104,581,12,0,2026-09-22 09:21:21,23447.4
25150,2058,-53,5,0,2026-09-22 09:21:21,23447.4
25200,3934,9,35,0,2026-09-22 09:21:21,23447.4
25250,1726,53,8,0,2026-09-22 09:21:21,23447.4
25300,2516,-37,8,0,2026-09-22 09:21:21,23447.4
25350,436,-9,0,0,2026-09-22 09:21:21,23447.4
25400,2068,363,27,0,2026-09-22 09:21:21,23447.4
25450,3369,3036,8,0,2026-09-22 09:21:21,23447.4
25500,7726,-894,372,0,2026-09-22 09:21:21,23447.4
25550,584,156,2,0,2026-09-22 09:21:21,23447.4
25600,1723,420,3,0,2026-09-22 09:21:21,23447.4
25650,533,119,8,0,2026-09-22 09:21:21,23447.4
25700,1817,-232,0,0,2026-09-22 09:21:21,23447.4
25750,661,42,0,0,2026-09-22 09:21:21,23447.4
25800,9350,-68,5,0,2026-09-22 09:21:21,23447.4
25850,704,97,0,0,2026-09-22 09:21:21,23447.4
25900,3228,1662,0,0,2026-09-22 09:21:21,23447.4
25950,842,227,0,0,2026-09-22 09:21:21,23447.4
26000,11995,965,451,0,2026-09-22 09:21:21,23447.4
26050,1646,426,0,0,2026-09-22 09:21:21,23447.4
26100,8649,1336,0,0,2026-09-22 09:21:21,23447.4
21350,0,0,54001,-17737,2026-09-22 09:21:47,23447.4
21400,0,0,38840,-5812,2026-09-22 09:21:47,23447.4
21450,0,0,10661,-164,2026-09-22 09:21:47,23447.4
21500,0,0,45296,-4115,2026-09-22 09:21:47,23447.4
21550,0,0,4940,-253,2026-09-22 09:21:47,23447.4
21600,0,0,6176,-644,2026-09-22 09:21:47,23447.4
21650,0,0,9846,128,2026-09-22 09:21:47,23447.4
21700,24,0,23465,-3269,2026-09-22 09:21:47,23447.4
21750,0,0,5041,-426,2026-09-22 09:21:47,23447.4
21800,1,0,29700,-4462,2026-09-22 09:21:47,23447.4
21850,0,0,6684,-666,2026-09-22 09:21:47,23447.4
21900,0,0,20915,-2672,2026-09-22 09:21:47,23447.4
21950,0,0,7815,-189,2026-09-22 09:21:47,23447.4
22000,298,0,139599,-13210,2026-09-22 09:21:47,23447.4
22050,5,0,5909,-70,2026-09-22 09:21:47,23447.4
22100,18,0,27482,-2499,2026-09-22 09:21:47,23447.4
22150,4,0,11198,-3403,2026-09-22 09:21:47,23447.4
22200,40,0,58941,-9781,2026-09-22 09:21:47,23447.4
22250,8,0,18789,-1103,2026-09-22 09:21:47,23447.4
22300,114,0,57662,-8745,2026-09-22 09:21:47,23447.4
22350,11,0,24263,-3970,2026-09-22 09:21:47,23447.4
22400,38,0,52987,-23087,2026-09-22 09:21:47,23447.4
22450,7,0,35415,-7217,2026-09-22 09:21:47,23447.4
22500,900,1,177242,-14692,2026-09-22 09:21:47,23447.4
22550,42,0,27663,-2651,2026-09-22 09:21:47,23447.4
22600,575,0,74752,-13826,2026-09-22 09:21:47,23447.4
22650,262,0,31353,-3390,2026-09-22 09:21:47,23447.4
22700,819,-1,113363,945,2026-09-22 09:21:47,23447.4
22750,506,0,46803,5579,2026-09-22 09:21:47,23447.4
22800,1220,-58,129097,-8069,2026-09-22 09:21:47,23447.4
22850,741,0,48832,8059,2026-09-22 09:21:47,23447.4
22900,1927,-1,142547,9063,2026-09-22 09:21:47,23447.4
22950,1309,-5,73863,6398,2026-09-22 09:21:47,23447.4
23000,6627,157,197982,8243,2026-09-22 09:21:47,23447.4
23050,2254,-37,75013,1822,2026-09-22 09:21:47,23447.4
23100,7585,157,162956,18115,2026-09-22 09:21:47,23447.4
23150,3885,27,93579,-1628,2026-09-22 09:21:47,23447.4
23200,31472,-161,194758,21850,2026-09-22 09:21:47,23447.4
23250,19484,221,141460,19583,2026-09-22 09:21:47,23447.4
23300,62051,2215,274526,31030,2026-09-22 09:21:47,23447.4
23350,49489,9986,200706,45450,2026-09-22 09:21:47,23447.4
23400,182041,49683,333757,86375,2026-09-22 09:21:47,23447.4
23450,232075,133151,198745,100935,2026-09-22 09:21:47,23447.4
23500,349674,170821,131357,53625,2026-09-22 09:21:47,23447.4
23550,160902,64981,27203,14020,2026-09-22 09:21:47,23447.4
23600,229921,65165,34053,15488,2026-09-22 09:21:47,23447.4
23650,147433,27964,4989,1307,2026-09-22 09:21:47,23447.4
23700,174336,29181,10289,1325,2026-09-22 09:21:47,23447.4
23750,100179,20135,1468,150,2026-09-22 09:21:47,23447.4
23800,148106,21551,5650,272,2026-09-22 09:21:47,23447.4
23850,70189,15094,1033,11,2026-09-22 09:21:47,23447.4
23900,108330,10261,3516,-19,2026-09-22 09:21:47,23447.4
23950,42974,20917,1005,-9,2026-09-22 09:21:47,23447.4
24000,173356,33351,11290,-60,2026-09-22 09:21:47,23447.4
24050,32239,2413,333,0,2026-09-22 09:21:47,23447.4
24100,74047,7200,1542,-3,2026-09-22 09:21:47,23447.4
24150,27087,7320,304,0,2026-09-22 09:21:47,23447.4
24200,113581,11675,1411,-1,2026-09-22 09:21:47,23447.4
24250,27228,974,334,0,2026-09-22 09:21:47,23447.4
24300,54163,1579,758,0,2026-09-22 09:21:47,23447.4
24350,17663,643,159,0,2026-09-22 09:21:47,23447.4
24400,38188,1069,801,-5,2026-09-22 09:21:47,23447.4
24450,13763,4472,127,0,2026-09-22 09:21:47,23447.4
24500,116911,7198,1756,-30,2026-09-22 09:21:47,23447.4
24550,14385,788,161,0,2026-09-22 09:21:47,23447.4
24600,23293,-288,405,0,2026-09-22 09:21:47,23447.4
24650,3321,-41,29,0,2026-09-22 09:21:47,23447.4
24700,14712,960,66,0,2026-09-22 09:21:47,23447.4
24750,3023,639,0,0,2026-09-22 09:21:47,23447.4
24800,33141,-248,100,0,2026-09-22 09:21:47,23447.4
24850,4301,1,0,0,2026-09-22 09:21:47,23447.4
24900,7218,-82,143,0,2026-09-22 09:21:47,23447.4
24950,2687,617,0,0,2026-09-22 09:21:47,23447.4
25000,36173,-184,537,2,2026-09-22 09:21:47,23447.4
25050,1570,125,1,0,2026-09-22 09:21:47,23447.4
25100,5104,581,12,0,2026-09-22 09:21:47,23447.4
25150,2058,-53,5,0,2026-09-22 09:21:47,23447.4
25200,3934,9,35,0,2026-09-22 09:21:47,23447.4
25250,1726,53,8,0,2026-09-22 09:21:47,23447.4
25300,2516,-37,8,0,2026-09-22 09:21:47,23447.4
25350,436,-9,0,0,2026-09-22 09:21:47,23447.4
25400,2068,363,27,0,2026-09-22 09:21:47,23447.4
25450,3369,3036,8,0,2026-09-22 09:21:47,23447.4
25500,7726,-894,372,0,2026-09-22 09:21:47,23447.4
25550,584,156,2,0,2026-09-22 09:21:47,23447.4
25600,1723,420,3,0,2026-09-22 09:21:47,23447.4
25650,533,119,8,0,2026-09-22 09:21:47,23447.4
25700,1817,-232,0,0,2026-09-22 09:21:47,23447.4
25750,661,42,0,0,2026-09-22 09:21:47,23447.4
25800,9350,-68,5,0,2026-09-22 09:21:47,23447.4
25850,704,97,0,0,2026-09-22 09:21:47,23447.4
25900,3228,1662,0,0,2026-09-22 09:21:47,23447.4
25950,842,227,0,0,2026-09-22 09:21:47,23447.4
26000,11995,965,451,0,2026-09-22 09:21:47,23447.4
26050,1646,426,0,0,2026-09-22 09:21:47,23447.4
26100,8649,1336,0,0,2026-09-22 09:21:47,23447.4
21350,0,0,51463,-20275,2026-09-22 09:22:17,23447.45
21400,0,0,36437,-8215,2026-09-22 09:22:17,23447.45
21450,0,0,10601,-224,2026-09-22 09:22:17,23447.45
21500,0,0,44025,-5386,2026-09-22 09:22:17,23447.45
21550,0,0,4892,-301,2026-09-22 09:22:17,23447.45
21600,0,0,6114,-706,2026-09-22 09:22:17,23447.45
21650,0,0,9919,201,2026-09-22 09:22:17,23447.45
21700,24,0,22940,-3794,2026-09-22 09:22:17,23447.45
21750,0,0,5033,-434,2026-09-22 09:22:17,23447.45
21800,1,0,29054,-5108,2026-09-22 09:22:17,23447.45
21850,0,0,6675,-675,2026-09-22 09:22:17,23447.45
21900,0,0,20885,-2702,2026-09-22 09:22:17,23447.45
21950,0,0,7782,-222,2026-09-22 09:22:17,23447.45
22000,298,0,126793,-26016,2026-09-22 09:22:17,23447.45
22050,5,0,5832,-147,2026-09-22 09:22:17,23447.45
22100,18,0,25583,-4398,2026-09-22 09:22:17,23447.45
22150,4,0,11503,-3098,2026-09-22 09:22:17,23447.45
22200,40,0,57229,-11493,2026-09-22 09:22:17,23447.45
22250,8,0,18744,-1148,2026-09-22 09:22:17,23447.45
22300,114,0,55378,-11029,2026-09-22 09:22:17,23447.45
22350,11,0,22821,-5412,2026-09-22 09:22:17,23447.45
22400,38,0,52158,-23916,2026-09-22 09:22:17,23447.45
22450,7,0,35777,-6855,2026-09-22 09:22:17,23447.45
22500,896,-3,178782,-13152,2026-09-22 09:22:17,23447.45
22550,42,0,25927,-4387,2026-09-22 09:22:17,23447.45
22600,575,0,77715,-10863,2026-09-22 09:22:17,23447.45
22650,262,0,30893,-3850,2026-09-22 09:22:17,23447.45
22700,812,-8,113478,1060,2026-09-22 09:22:17,23447.45
22750,506,0,47512,6288,2026-09-22 09:22:17,23447.45
22800,1218,-60,130856,-6310,2026-09-22 09:22:17,23447.45
22850,743,2,50981,10208,2026-09-22 09:22:17,23447.45
22900,1928,0,142104,8620,2026-09-22 09:22:17,23447.45
22950,1294,-20,74551,7086,2026-09-22 09:22:17,23447.45
23000,6660,190,203751,14012,2026-09-22 09:22:17,23447.45
23050,2257,-34,74586,1395,2026-09-22 09:22:17,23447.45
23100,7648,220,166072,21231,2026-09-22 09:22:17,23447.45
23150,3925,67,98370,3163,2026-09-22 09:22:17,23447.45
23200,31113,-520,201412,28504,2026-09-22 09:22:17,23447.45
23250,19776,513,145074,23197,2026-09-22 09:22:17,23447.45
23300,68210,8374,288268,44772,2026-09-22 09:22:17,23447.45
23350,53647,14144,215419,60163,2026-09-22 09:22:17,23447.45
23400,198111,65753,366494,119112,2026-09-22 09:22:17,23447.45
23450,277968,179044,234349,136539,2026-09-22 09:22:17,23447.45
23500,388614,209761,142311,64579,2026-09-22 09:22:17,23447.45
23550,177353,81432,30699,17516,2026-09-22 09:22:17,23447.45
23600,242149,77393,37416,18851,2026-09-22 09:22:17,23447.45
23650,155590,36121,5340,1658,2026-09-22 09:22:17,23447.45
23700,180307,35152,10723,1759,2026-09-22 09:22:17,23447.45
23750,105421,25377,1476,158,2026-09-22 09:22:17,23447.45
23800,158450,31895,5761,383,2026-09-22 09:22:17,23447.45
23850,70071,14976,1026,4,2026-09-22 09:22:17,23447.45
23900,105914,7845,3538,3,2026-09-22 09:22:17,23447.45
23950,40910,18853,1005,-9,2026-09-22 09:22:17,23447.45
24000,174864,34859,11283,-67,2026-09-22 09:22:17,23447.45
24050,34361,4535,333,0,2026-09-22 09:22:17,23447.45
24100,76854,10007,1541,-4,2026-09-22 09:22:17,23447.45
24150,28467,8700,304,0,2026-09-22 09:22:17,23447.45
24200,108568,6662,1394,-18,2026-09-22 09:22:17,23447.45
24250,29222,2968,334,0,2026-09-22 09:22:17,23447.45
24300,56520,3936,756,-2,2026-09-22 09:22:17,23447.45
24350,18370,1350,159,0,2026-09-22 09:22:17,23447.45
24400,34294,-2825,801,-5,2026-09-22 09:22:17,23447.45
24450,14363,5072,127,0,2026-09-22 09:22:17,23447.45
24500,114758,5045,1756,-30,2026-09-22 09:22:17,23447.45
24550,13993,396,161,0,2026-09-22 09:22:17,23447.45
24600,23994,413,405,0,2026-09-22 09:22:17,23447.45
24650,3400,38,29,0,2026-09-22 09:22:17,23447.45
24700,14545,793,66,0,2026-09-22 09:22:17,23447.45
24750,3129,745,0,0,2026-09-22 09:22:17,23447.45
24800,33177,-212,100,0,2026-09-22 09:22:17,23447.45
24850,4301,1,0,0,2026-09-22 09:22:17,23447.45
24900,8149,849,143,0,2026-09-22 09:22:17,23447.45
24950,2507,437,0,0,2026-09-22 09:22:17,23447.45
25000,36325,-32,537,2,2026-09-22 09:22:17,23447.45
25050,1561,116,1,0,2026-09-22 09:22:17,23447.45
25100,5124,601,12,0,2026-09-22 09:22:17,23447.45
25150,2058,-53,5,0,2026-09-22 09:22:17,23447.45
25200,3773,-152,35,0,2026-09-22 09:22:17,23447.45
25250,1726,53,8,0,2026-09-22 09:22:17,23447.45
25300,2480,-73,8,0,2026-09-22 09:22:17,23447.45
25350,436,-9,0,0,2026-09-22 09:22:17,23447.45
25400,1793,88,27,0,2026-09-22 09:22:17,23447.45
25450,3372,3039,8,0,2026-09-22 09:22:17,23447.45
25500,7698,-922,372,0,2026-09-22 09:22:17,23447.45
25550,584,156,2,0,2026-09-22 09:22:17,23447.45
25600,1723,420,3,0,2026-09-22 09:22:17,23447.45
25650,533,119,8,0,2026-09-22 09:22:17,23447.45
25700,1844,-205,0,0,2026-09-22 09:22:17,23447.45
25750,663,44,0,0,2026-09-22 09:22:17,23447.45
25800,9291,-127,5,0,2026-09-22 09:22:17,23447.45
25850,696,89,0,0,2026-09-22 09:22:17,23447.45
25900,3330,1764,0,0,2026-09-22 09:22:17,23447.45
25950,866,251,0,0,2026-09-22 09:22:17,23447.45
26000,12858,1828,451,0,2026-09-22 09:22:17,23447.45
26050,1598,378,0,0,2026-09-22 09:22:17,23447.45
26100,8853,1540,0,0,2026-09-22 09:22:17,23447.45
